profile,depth,TEMP,latitude,longitude,WMO_ID,CYCLE_NUMBER,timestamp,PSAL
0,0.0,28.18773,2.0704338550567627,148.71961975097656,5900000,1,2026-09-07 14:57:56,35.08951
0,10.0,26.892836,2.0704338550567627,148.71961975097656,5900000,1,2026-09-07 14:57:56,35.1322
0,20.0,25.899874,2.0704338550567627,148.71961975097656,5900000,1,2026-09-07 14:57:56,35.166782
0,50.0,23.229635,2.0704338550567627,148.71961975097656,5900000,1,2026-09-07 14:57:56,35.218845
0,100.0,19.42442,2.0704338550567627,148.71961975097656,5900000,1,2026-09-07 14:57:56,35.217377
0,150.0,16.205927,2.0704338550567627,148.71961975097656,5900000,1,2026-09-07 14:57:56,35.361687
0,200.0,13.725959,2.0704338550567627,148.71961975097656,5900000,1,2026-09-07 14:57:56,35.25481
0,300.0,9.925171,2.0704338550567627,148.71961975097656,5900000,1,2026-09-07 14:57:56,35.335064
0,400.0,7.1511188,2.0704338550567627,148.71961975097656,5900000,1,2026-09-07 14:57:56,35.433754
0,500.0,5.7012477,2.0704338550567627,148.71961975097656,5900000,1,2026-09-07 14:57:56,35.42844
0,750.0,3.1797004,2.0704338550567627,148.71961975097656,5900000,1,2026-09-07 14:57:56,35.462513
0,1000.0,2.5367463,2.0704338550567627,148.71961975097656,5900000,1,2026-09-07 14:57:56,35.64142
0,1500.0,2.1029818,2.0704338550567627,148.71961975097656,5900000,1,2026-09-07 14:57:56,35.64465
0,2000.0,2.2171147,2.0704338550567627,148.71961975097656,5900000,1,2026-09-07 14:57:56,35.497906
1,0.0,27.520994,2.0670926570892334,148.85450744628906,5900000,2,2026-09-10 14:57:56,35.153004
1,10.0,26.61189,2.0670926570892334,148.85450744628906,5900000,2,2026-09-10 14:57:56,35.23632
1,20.0,25.678062,2.0670926570892334,148.85450744628906,5900000,2,2026-09-10 14:57:56,35.098316
1,50.0,23.063553,2.0670926570892334,148.85450744628906,5900000,2,2026-09-10 14:57:56,35.18797
1,100.0,19.244854,2.0670926570892334,148.85450744628906,5900000,2,2026-09-10 14:57:56,35.3192
1,150.0,16.108906,2.0670926570892334,148.85450744628906,5900000,2,2026-09-10 14:57:56,35.26776
1,200.0,13.4477415,2.0670926570892334,148.85450744628906,5900000,2,2026-09-10 14:57:56,35.449635
1,300.0,9.885175,2.0670926570892334,148.85450744628906,5900000,2,2026-09-10 14:57:56,35.380592
1,400.0,7.2488604,2.0670926570892334,148.85450744628906,5900000,2,2026-09-10 14:57:56,35.41935
1,500.0,5.419928,2.0670926570892334,148.85450744628906,5900000,2,2026-09-10 14:57:56,35.462826
1,750.0,3.2210636,2.0670926570892334,148.85450744628906,5900000,2,2026-09-10 14:57:56,35.597954
1,1000.0,2.610855,2.0670926570892334,148.85450744628906,5900000,2,2026-09-10 14:57:56,35.610966
1,1500.0,2.1278045,2.0670926570892334,148.85450744628906,5900000,2,2026-09-10 14:57:56,35.622234
1,2000.0,1.9181006,2.0670926570892334,148.85450744628906,5900000,2,2026-09-10 14:57:56,35.674717
2,0.0,28.071507,1.887370228767395,148.76063537597656,5900000,3,2026-09-13 14:57:56,35.048794
2,10.0,27.24328,1.887370228767395,148.76063537597656,5900000,3,2026-09-13 14:57:56,35.193645
2,20.0,26.182953,1.887370228767395,148.76063537597656,5900000,3,2026-09-13 14:57:56,35.109676
2,50.0,23.517307,1.887370228767395,148.76063537597656,5900000,3,2026-09-13 14:57:56,35.249317
2,100.0,19.646252,1.887370228767395,148.76063537597656,5900000,3,2026-09-13 14:57:56,35.222466
2,150.0,16.32882,1.887370228767395,148.76063537597656,5900000,3,2026-09-13 14:57:56,35.188618
2,200.0,13.841563,1.887370228767395,148.76063537597656,5900000,3,2026-09-13 14:57:56,35.287434
2,300.0,9.814235,1.887370228767395,148.76063537597656,5900000,3,2026-09-13 14:57:56,35.35139
2,400.0,7.3442454,1.887370228767395,148.76063537597656,5900000,3,2026-09-13 14:57:56,35.434685
2,500.0,5.3808827,1.887370228767395,148.76063537597656,5900000,3,2026-09-13 14:57:56,35.35412
2,750.0,3.3711567,1.887370228767395,148.76063537597656,5900000,3,2026-09-13 14:57:56,35.486145
2,1000.0,2.482106,1.887370228767395,148.76063537597656,5900000,3,2026-09-13 14:57:56,35.505466
2,1500.0,1.8970642,1.887370228767395,148.76063537597656,5900000,3,2026-09-13 14:57:56,35.57551
2,2000.0,2.0421796,1.887370228767395,148.76063537597656,5900000,3,2026-09-13 14:57:56,35.582085
3,0.0,27.60097,8.512894630432129,110.918701171875,5900001,1,2026-09-07 14:57:56,35.25337
3,10.0,26.593033,8.512894630432129,110.918701171875,5900001,1,2026-09-07 14:57:56,35.26862
3,20.0,25.702408,8.512894630432129,110.918701171875,5900001,1,2026-09-07 14:57:56,35.284718
3,50.0,23.011307,8.512894630432129,110.918701171875,5900001,1,2026-09-07 14:57:56,35.376446
3,100.0,19.088255,8.512894630432129,110.918701171875,5900001,1,2026-09-07 14:57:56,35.311367
3,150.0,16.294298,8.512894630432129,110.918701171875,5900001,1,2026-09-07 14:57:56,35.31661
3,200.0,13.423338,8.512894630432129,110.918701171875,5900001,1,2026-09-07 14:57:56,35.43338
3,300.0,9.570173,8.512894630432129,110.918701171875,5900001,1,2026-09-07 14:57:56,35.436165
3,400.0,7.2898545,8.512894630432129,110.918701171875,5900001,1,2026-09-07 14:57:56,35.434864
3,500.0,5.52272,8.512894630432129,110.918701171875,5900001,1,2026-09-07 14:57:56,35.68853
3,750.0,3.3158514,8.512894630432129,110.918701171875,5900001,1,2026-09-07 14:57:56,35.687874
3,1000.0,2.4065495,8.512894630432129,110.918701171875,5900001,1,2026-09-07 14:57:56,35.68327
3,1500.0,1.9237244,8.512894630432129,110.918701171875,5900001,1,2026-09-07 14:57:56,35.72434
3,2000.0,1.98667,8.512894630432129,110.918701171875,5900001,1,2026-09-07 14:57:56,35.83946
4,0.0,27.772404,8.593111991882324,110.94103240966797,5900001,2,2026-09-10 14:57:56,35.011215
4,10.0,26.679342,8.593111991882324,110.94103240966797,5900001,2,2026-09-10 14:57:56,35.045418
4,20.0,26.005457,8.593111991882324,110.94103240966797,5900001,2,2026-09-10 14:57:56,35.135086
4,50.0,23.006289,8.593111991882324,110.94103240966797,5900001,2,2026-09-10 14:57:56,35.093143
4,100.0,19.153515,8.593111991882324,110.94103240966797,5900001,2,2026-09-10 14:57:56,35.181873
4,150.0,15.987783,8.593111991882324,110.94103240966797,5900001,2,2026-09-10 14:57:56,35.26377
4,200.0,13.666133,8.593111991882324,110.94103240966797,5900001,2,2026-09-10 14:57:56,35.273808
4,300.0,9.599521,8.593111991882324,110.94103240966797,5900001,2,2026-09-10 14:57:56,35.31605
4,400.0,7.2667756,8.593111991882324,110.94103240966797,5900001,2,2026-09-10 14:57:56,35.39174
4,500.0,5.5182595,8.593111991882324,110.94103240966797,5900001,2,2026-09-10 14:57:56,35.323986
4,750.0,3.2631774,8.593111991882324,110.94103240966797,5900001,2,2026-09-10 14:57:56,35.48234
4,1000.0,2.7216668,8.593111991882324,110.94103240966797,5900001,2,2026-09-10 14:57:56,35.585087
4,1500.0,2.0091884,8.593111991882324,110.94103240966797,5900001,2,2026-09-10 14:57:56,35.648838
4,2000.0,2.0583227,8.593111991882324,110.94103240966797,5900001,2,2026-09-10 14:57:56,35.604404
5,0.0,27.553274,8.495476722717285,110.8680191040039,5900001,3,2026-09-13 14:57:56,35.31796
5,10.0,26.410784,8.495476722717285,110.8680191040039,5900001,3,2026-09-13 14:57:56,35.19389
5,20.0,25.350338,8.495476722717285,110.8680191040039,5900001,3,2026-09-13 14:57:56,35.341072
5,50.0,22.89086,8.495476722717285,110.8680191040039,5900001,3,2026-09-13 14:57:56,35.27843
5,100.0,19.194344,8.495476722717285,110.8680191040039,5900001,3,2026-09-13 14:57:56,35.355087
5,150.0,15.929596,8.495476722717285,110.8680191040039,5900001,3,2026-09-13 14:57:56,35.490314
5,200.0,13.467879,8.495476722717285,110.8680191040039,5900001,3,2026-09-13 14:57:56,35.53033
5,300.0,9.710564,8.495476722717285,110.8680191040039,5900001,3,2026-09-13 14:57:56,35.4963
5,400.0,7.2397666,8.495476722717285,110.8680191040039,5900001,3,2026-09-13 14:57:56,35.53809
5,500.0,5.4974246,8.495476722717285,110.8680191040039,5900001,3,2026-09-13 14:57:56,35.554012
5,750.0,3.1749072,8.495476722717285,110.8680191040039,5900001,3,2026-09-13 14:57:56,35.654087
5,1000.0,2.5510614,8.495476722717285,110.8680191040039,5900001,3,2026-09-13 14:57:56,35.812607
5,1500.0,2.0332727,8.495476722717285,110.8680191040039,5900001,3,2026-09-13 14:57:56,35.771023
5,2000.0,2.011456,8.495476722717285,110.8680191040039,5900001,3,2026-09-13 14:57:56,35.720436
6,0.0,15.247275,-56.596282958984375,-35.054290771484375,5900002,1,2026-09-07 14:57:56,34.107788
6,10.0,14.95032,-56.596282958984375,-35.054290771484375,5900002,1,2026-09-07 14:57:56,34.14841
6,20.0,14.517436,-56.596282958984375,-35.054290771484375,5900002,1,2026-09-07 14:57:56,34.131065
6,50.0,13.054286,-56.596282958984375,-35.054290771484375,5900002,1,2026-09-07 14:57:56,34.141544
6,100.0,10.919283,-56.596282958984375,-35.054290771484375,5900002,1,2026-09-07 14:57:56,34.109104
6,150.0,9.441797,-56.596282958984375,-35.054290771484375,5900002,1,2026-09-07 14:57:56,34.23181
6,200.0,7.918165,-56.596282958984375,-35.054290771484375,5900002,1,2026-09-07 14:57:56,34.228344
6,300.0,5.926959,-56.596282958984375,-35.054290771484375,5900002,1,2026-09-07 14:57:56,34.295895
6,400.0,4.9195704,-56.596282958984375,-35.054290771484375,5900002,1,2026-09-07 14:57:56,34.36988
6,500.0,3.6851702,-56.596282958984375,-35.054290771484375,5900002,1,2026-09-07 14:57:56,34.529358
6,750.0,2.5862744,-56.596282958984375,-35.054290771484375,5900002,1,2026-09-07 14:57:56,34.541607
6,1000.0,2.2198653,-56.596282958984375,-35.054290771484375,5900002,1,2026-09-07 14:57:56,34.578636
6,1500.0,2.0422559,-56.596282958984375,-35.054290771484375,5900002,1,2026-09-07 14:57:56,34.502266
6,2000.0,2.1366627,-56.596282958984375,-35.054290771484375,5900002,1,2026-09-07 14:57:56,34.564693
7,0.0,15.673609,-56.605079650878906,-34.891502380371094,5900002,2,2026-09-10 14:57:56,33.960644
7,10.0,15.192584,-56.605079650878906,-34.891502380371094,5900002,2,2026-09-10 14:57:56,34.039433
7,20.0,14.652092,-56.605079650878906,-34.891502380371094,5900002,2,2026-09-10 14:57:56,34.01997
7,50.0,13.266033,-56.605079650878906,-34.891502380371094,5900002,2,2026-09-10 14:57:56,34.073765
7,100.0,10.884061,-56.605079650878906,-34.891502380371094,5900002,2,2026-09-10 14:57:56,33.992054
7,150.0,9.399181,-56.605079650878906,-34.891502380371094,5900002,2,2026-09-10 14:57:56,34.132103
7,200.0,8.123067,-56.605079650878906,-34.891502380371094,5900002,2,2026-09-10 14:57:56,34.158524
7,300.0,6.0135,-56.605079650878906,-34.891502380371094,5900002,2,2026-09-10 14:57:56,34.282192
7,400.0,4.6495047,-56.605079650878906,-34.891502380371094,5900002,2,2026-09-10 14:57:56,34.439392
7,500.0,3.5921326,-56.605079650878906,-34.891502380371094,5900002,2,2026-09-10 14:57:56,34.417015
7,750.0,2.7462785,-56.605079650878906,-34.891502380371094,5900002,2,2026-09-10 14:57:56,34.471916
7,1000.0,2.2169306,-56.605079650878906,-34.891502380371094,5900002,2,2026-09-10 14:57:56,34.36912
7,1500.0,1.9410037,-56.605079650878906,-34.891502380371094,5900002,2,2026-09-10 14:57:56,34.483032
7,2000.0,2.176178,-56.605079650878906,-34.891502380371094,5900002,2,2026-09-10 14:57:56,34.468685
8,0.0,15.756599,-56.725189208984375,-34.888614654541016,5900002,3,2026-09-13 14:57:56,34.05269
8,10.0,15.263667,-56.725189208984375,-34.888614654541016,5900002,3,2026-09-13 14:57:56,34.071342
8,20.0,14.57618,-56.725189208984375,-34.888614654541016,5900002,3,2026-09-13 14:57:56,34.04501
8,50.0,13.383126,-56.725189208984375,-34.888614654541016,5900002,3,2026-09-13 14:57:56,34.05831
8,100.0,11.073789,-56.725189208984375,-34.888614654541016,5900002,3,2026-09-13 14:57:56,34.012688
8,150.0,9.477041,-56.725189208984375,-34.888614654541016,5900002,3,2026-09-13 14:57:56,34.18448
8,200.0,8.134756,-56.725189208984375,-34.888614654541016,5900002,3,2026-09-13 14:57:56,34.296814
8,300.0,6.071769,-56.725189208984375,-34.888614654541016,5900002,3,2026-09-13 14:57:56,34.296585
8,400.0,4.6087203,-56.725189208984375,-34.888614654541016,5900002,3,2026-09-13 14:57:56,34.26866
8,500.0,3.955131,-56.725189208984375,-34.888614654541016,5900002,3,2026-09-13 14:57:56,34.345413
8,750.0,2.8658144,-56.725189208984375,-34.888614654541016,5900002,3,2026-09-13 14:57:56,34.373085
8,1000.0,2.3005,-56.725189208984375,-34.888614654541016,5900002,3,2026-09-13 14:57:56,34.385235
8,1500.0,2.045329,-56.725189208984375,-34.888614654541016,5900002,3,2026-09-13 14:57:56,34.59345
8,2000.0,1.9677352,-56.725189208984375,-34.888614654541016,5900002,3,2026-09-13 14:57:56,34.535084
9,0.0,21.934057,-39.37105941772461,-51.61988067626953,5900003,1,2026-09-07 14:57:56,34.21443
9,10.0,20.927216,-39.37105941772461,-51.61988067626953,5900003,1,2026-09-07 14:57:56,34.25526
9,20.0,20.157661,-39.37105941772461,-51.61988067626953,5900003,1,2026-09-07 14:57:56,34.46307
9,50.0,18.345715,-39.37105941772461,-51.61988067626953,5900003,1,2026-09-07 14:57:56,34.336746
9,100.0,15.342724,-39.37105941772461,-51.61988067626953,5900003,1,2026-09-07 14:57:56,34.333473
9,150.0,12.841516,-39.37105941772461,-51.61988067626953,5900003,1,2026-09-07 14:57:56,34.53248
9,200.0,10.976224,-39.37105941772461,-51.61988067626953,5900003,1,2026-09-07 14:57:56,34.595306
9,300.0,8.1420965,-39.37105941772461,-51.61988067626953,5900003,1,2026-09-07 14:57:56,34.506794
9,400.0,6.0300245,-39.37105941772461,-51.61988067626953,5900003,1,2026-09-07 14:57:56,34.62636
9,500.0,4.733817,-39.37105941772461,-51.61988067626953,5900003,1,2026-09-07 14:57:56,34.654358
9,750.0,3.0802321,-39.37105941772461,-51.61988067626953,5900003,1,2026-09-07 14:57:56,34.716522
9,1000.0,2.4374323,-39.37105941772461,-51.61988067626953,5900003,1,2026-09-07 14:57:56,34.725475
9,1500.0,2.0349743,-39.37105941772461,-51.61988067626953,5900003,1,2026-09-07 14:57:56,34.755306
9,2000.0,2.015198,-39.37105941772461,-51.61988067626953,5900003,1,2026-09-07 14:57:56,34.780556
10,0.0,21.698196,-39.36212158203125,-51.41828918457031,5900003,2,2026-09-10 14:57:56,34.26078
10,10.0,20.879412,-39.36212158203125,-51.41828918457031,5900003,2,2026-09-10 14:57:56,34.290127
10,20.0,20.116024,-39.36212158203125,-51.41828918457031,5900003,2,2026-09-10 14:57:56,34.27207
10,50.0,18.106192,-39.36212158203125,-51.41828918457031,5900003,2,2026-09-10 14:57:56,34.277695
10,100.0,15.215617,-39.36212158203125,-51.41828918457031,5900003,2,2026-09-10 14:57:56,34.40826
10,150.0,12.678027,-39.36212158203125,-51.41828918457031,5900003,2,2026-09-10 14:57:56,34.374496
10,200.0,10.781165,-39.36212158203125,-51.41828918457031,5900003,2,2026-09-10 14:57:56,34.472084
10,300.0,8.036994,-39.36212158203125,-51.41828918457031,5900003,2,2026-09-10 14:57:56,34.58196
10,400.0,5.899258,-39.36212158203125,-51.41828918457031,5900003,2,2026-09-10 14:57:56,34.510803
10,500.0,4.6807384,-39.36212158203125,-51.41828918457031,5900003,2,2026-09-10 14:57:56,34.603962
10,750.0,2.839014,-39.36212158203125,-51.41828918457031,5900003,2,2026-09-10 14:57:56,34.678474
10,1000.0,2.4871912,-39.36212158203125,-51.41828918457031,5900003,2,2026-09-10 14:57:56,34.60561
10,1500.0,2.184056,-39.36212158203125,-51.41828918457031,5900003,2,2026-09-10 14:57:56,34.71797
10,2000.0,2.032333,-39.36212158203125,-51.41828918457031,5900003,2,2026-09-10 14:57:56,34.754696
11,0.0,22.300224,-39.54655838012695,-51.299137115478516,5900003,3,2026-09-13 14:57:56,34.349644
11,10.0,21.274725,-39.54655838012695,-51.299137115478516,5900003,3,2026-09-13 14:57:56,34.34784
11,20.0,20.666119,-39.54655838012695,-51.299137115478516,5900003,3,2026-09-13 14:57:56,34.3797
11,50.0,18.483765,-39.54655838012695,-51.299137115478516,5900003,3,2026-09-13 14:57:56,34.425972
11,100.0,15.344472,-39.54655838012695,-51.299137115478516,5900003,3,2026-09-13 14:57:56,34.552883
11,150.0,12.932013,-39.54655838012695,-51.299137115478516,5900003,3,2026-09-13 14:57:56,34.60287
11,200.0,10.987686,-39.54655838012695,-51.299137115478516,5900003,3,2026-09-13 14:57:56,34.561096
11,300.0,7.87356,-39.54655838012695,-51.299137115478516,5900003,3,2026-09-13 14:57:56,34.635406
11,400.0,6.0541778,-39.54655838012695,-51.299137115478516,5900003,3,2026-09-13 14:57:56,34.660095
11,500.0,4.722265,-39.54655838012695,-51.299137115478516,5900003,3,2026-09-13 14:57:56,34.73125
11,750.0,3.2891324,-39.54655838012695,-51.299137115478516,5900003,3,2026-09-13 14:57:56,34.821133
11,1000.0,2.3984883,-39.54655838012695,-51.299137115478516,5900003,3,2026-09-13 14:57:56,34.81525
11,1500.0,2.1884623,-39.54655838012695,-51.299137115478516,5900003,3,2026-09-13 14:57:56,34.87931
11,2000.0,2.0626378,-39.54655838012695,-51.299137115478516,5900003,3,2026-09-13 14:57:56,34.848663
12,0.0,25.54638,22.36837387084961,163.05859375,5900004,1,2026-09-07 14:57:56,35.59541
12,10.0,24.77843,22.36837387084961,163.05859375,5900004,1,2026-09-07 14:57:56,35.675987
12,20.0,24.052967,22.36837387084961,163.05859375,5900004,1,2026-09-07 14:57:56,35.61269
12,50.0,21.545918,22.36837387084961,163.05859375,5900004,1,2026-09-07 14:57:56,35.67402
12,100.0,17.981688,22.36837387084961,163.05859375,5900004,1,2026-09-07 14:57:56,35.65865
12,150.0,15.015052,22.36837387084961,163.05859375,5900004,1,2026-09-07 14:57:56,35.693203
12,200.0,12.762549,22.36837387084961,163.05859375,5900004,1,2026-09-07 14:57:56,35.777416
12,300.0,9.219024,22.36837387084961,163.05859375,5900004,1,2026-09-07 14:57:56,35.8923
12,400.0,6.899276,22.36837387084961,163.05859375,5900004,1,2026-09-07 14:57:56,36.04606
12,500.0,5.1078277,22.36837387084961,163.05859375,5900004,1,2026-09-07 14:57:56,35.902534
12,750.0,3.294249,22.36837387084961,163.05859375,5900004,1,2026-09-07 14:57:56,36.113663
12,1000.0,2.3426552,22.36837387084961,163.05859375,5900004,1,2026-09-07 14:57:56,36.043606
12,1500.0,1.9297009,22.36837387084961,163.05859375,5900004,1,2026-09-07 14:57:56,36.15882
12,2000.0,2.00707,22.36837387084961,163.05859375,5900004,1,2026-09-07 14:57:56,36.0213
13,0.0,25.77749,22.259700775146484,163.0516815185547,5900004,2,2026-09-10 14:57:56,35.493923
13,10.0,24.858288,22.259700775146484,163.0516815185547,5900004,2,2026-09-10 14:57:56,35.42146
13,20.0,23.758606,22.259700775146484,163.0516815185547,5900004,2,2026-09-10 14:57:56,35.488262
13,50.0,21.340775,22.259700775146484,163.0516815185547,5900004,2,2026-09-10 14:57:56,35.500347
13,100.0,17.849524,22.259700775146484,163.0516815185547,5900004,2,2026-09-10 14:57:56,35.55384
13,150.0,14.771019,22.259700775146484,163.0516815185547,5900004,2,2026-09-10 14:57:56,35.520264
13,200.0,12.545361,22.259700775146484,163.0516815185547,5900004,2,2026-09-10 14:57:56,35.55494
13,300.0,9.236255,22.259700775146484,163.0516815185547,5900004,2,2026-09-10 14:57:56,35.634598
13,400.0,6.8314776,22.259700775146484,163.0516815185547,5900004,2,2026-09-10 14:57:56,35.75868
13,500.0,5.124379,22.259700775146484,163.0516815185547,5900004,2,2026-09-10 14:57:56,35.780273
13,750.0,3.2779408,22.259700775146484,163.0516815185547,5900004,2,2026-09-10 14:57:56,35.84084
13,1000.0,2.4346707,22.259700775146484,163.0516815185547,5900004,2,2026-09-10 14:57:56,35.95066
13,1500.0,1.9644163,22.259700775146484,163.0516815185547,5900004,2,2026-09-10 14:57:56,35.992027
13,2000.0,2.0706038,22.259700775146484,163.0516815185547,5900004,2,2026-09-10 14:57:56,35.828857
14,0.0,26.062826,22.018247604370117,162.9889373779297,5900004,3,2026-09-13 14:57:56,35.525906
14,10.0,24.931717,22.018247604370117,162.9889373779297,5900004,3,2026-09-13 14:57:56,35.577034
14,20.0,24.426994,22.018247604370117,162.9889373779297,5900004,3,2026-09-13 14:57:56,35.583637
14,50.0,21.653353,22.018247604370117,162.9889373779297,5900004,3,2026-09-13 14:57:56,35.5446
14,100.0,18.183756,22.018247604370117,162.9889373779297,5900004,3,2026-09-13 14:57:56,35.54891
14,150.0,15.222905,22.018247604370117,162.9889373779297,5900004,3,2026-09-13 14:57:56,35.625923
14,200.0,12.791075,22.018247604370117,162.9889373779297,5900004,3,2026-09-13 14:57:56,35.764454
14,300.0,9.3677025,22.018247604370117,162.9889373779297,5900004,3,2026-09-13 14:57:56,35.736034
14,400.0,6.9906716,22.018247604370117,162.9889373779297,5900004,3,2026-09-13 14:57:56,35.88117
14,500.0,5.122837,22.018247604370117,162.9889373779297,5900004,3,2026-09-13 14:57:56,35.898663
14,750.0,2.9407394,22.018247604370117,162.9889373779297,5900004,3,2026-09-13 14:57:56,36.0401
14,1000.0,2.3750026,22.018247604370117,162.9889373779297,5900004,3,2026-09-13 14:57:56,35.966385
14,1500.0,2.0941231,22.018247604370117,162.9889373779297,5900004,3,2026-09-13 14:57:56,35.87935
14,2000.0,2.0359387,22.018247604370117,162.9889373779297,5900004,3,2026-09-13 14:57:56,36.10563
15,0.0,21.751387,40.07099151611328,-56.30511474609375,5900005,1,2026-09-07 14:57:56,35.768955
15,10.0,21.044695,40.07099151611328,-56.30511474609375,5900005,1,2026-09-07 14:57:56,35.78221
15,20.0,20.38998,40.07099151611328,-56.30511474609375,5900005,1,2026-09-07 14:57:56,35.74296
15,50.0,18.219591,40.07099151611328,-56.30511474609375,5900005,1,2026-09-07 14:57:56,35.857044
15,100.0,15.494297,40.07099151611328,-56.30511474609375,5900005,1,2026-09-07 14:57:56,35.849384
15,150.0,12.80128,40.07099151611328,-56.30511474609375,5900005,1,2026-09-07 14:57:56,35.833767
15,200.0,10.84472,40.07099151611328,-56.30511474609375,5900005,1,2026-09-07 14:57:56,35.888405
15,300.0,7.8430376,40.07099151611328,-56.30511474609375,5900005,1,2026-09-07 14:57:56,36.01455
15,400.0,6.2014194,40.07099151611328,-56.30511474609375,5900005,1,2026-09-07 14:57:56,35.98452
15,500.0,4.861301,40.07099151611328,-56.30511474609375,5900005,1,2026-09-07 14:57:56,36.12073
15,750.0,2.9584005,40.07099151611328,-56.30511474609375,5900005,1,2026-09-07 14:57:56,36.11294
15,1000.0,2.2746432,40.07099151611328,-56.30511474609375,5900005,1,2026-09-07 14:57:56,36.17229
15,1500.0,1.8699499,40.07099151611328,-56.30511474609375,5900005,1,2026-09-07 14:57:56,36.19859
15,2000.0,2.1521049,40.07099151611328,-56.30511474609375,5900005,1,2026-09-07 14:57:56,36.21741
16,0.0,21.154013,40.119789123535156,-56.42683792114258,5900005,2,2026-09-10 14:57:56,35.72135
16,10.0,20.351402,40.119789123535156,-56.42683792114258,5900005,2,2026-09-10 14:57:56,35.62054
16,20.0,19.743286,40.119789123535156,-56.42683792114258,5900005,2,2026-09-10 14:57:56,35.61389
16,50.0,17.769669,40.119789123535156,-56.42683792114258,5900005,2,2026-09-10 14:57:56,35.659157
16,100.0,15.068415,40.119789123535156,-56.42683792114258,5900005,2,2026-09-10 14:57:56,35.67803
16,150.0,12.491791,40.119789123535156,-56.42683792114258,5900005,2,2026-09-10 14:57:56,35.754738
16,200.0,10.764061,40.119789123535156,-56.42683792114258,5900005,2,2026-09-10 14:57:56,35.90915
16,300.0,7.728924,40.119789123535156,-56.42683792114258,5900005,2,2026-09-10 14:57:56,35.814762
16,400.0,5.808624,40.119789123535156,-56.42683792114258,5900005,2,2026-09-10 14:57:56,36.03659
16,500.0,4.6617146,40.119789123535156,-56.42683792114258,5900005,2,2026-09-10 14:57:56,35.911285
16,750.0,3.0577753,40.119789123535156,-56.42683792114258,5900005,2,2026-09-10 14:57:56,36.109592
16,1000.0,2.4609659,40.119789123535156,-56.42683792114258,5900005,2,2026-09-10 14:57:56,35.953938
16,1500.0,2.0987437,40.119789123535156,-56.42683792114258,5900005,2,2026-09-10 14:57:56,36.20851
16,2000.0,2.020905,40.119789123535156,-56.42683792114258,5900005,2,2026-09-10 14:57:56,36.09437
17,0.0,21.423874,40.08671569824219,-56.30131530761719,5900005,3,2026-09-13 14:57:56,35.973354
17,10.0,20.553268,40.08671569824219,-56.30131530761719,5900005,3,2026-09-13 14:57:56,36.04579
17,20.0,19.878792,40.08671569824219,-56.30131530761719,5900005,3,2026-09-13 14:57:56,36.01506
17,50.0,17.910292,40.08671569824219,-56.30131530761719,5900005,3,2026-09-13 14:57:56,36.01311
17,100.0,14.917782,40.08671569824219,-56.30131530761719,5900005,3,2026-09-13 14:57:56,36.007484
17,150.0,12.687449,40.08671569824219,-56.30131530761719,5900005,3,2026-09-13 14:57:56,36.03288
17,200.0,10.785931,40.08671569824219,-56.30131530761719,5900005,3,2026-09-13 14:57:56,36.150963
17,300.0,7.758098,40.08671569824219,-56.30131530761719,5900005,3,2026-09-13 14:57:56,36.257793
17,400.0,5.7838855,40.08671569824219,-56.30131530761719,5900005,3,2026-09-13 14:57:56,36.288376
17,500.0,4.6481695,40.08671569824219,-56.30131530761719,5900005,3,2026-09-13 14:57:56,36.27776
17,750.0,2.8720198,40.08671569824219,-56.30131530761719,5900005,3,2026-09-13 14:57:56,36.322945
17,1000.0,2.3970766,40.08671569824219,-56.30131530761719,5900005,3,2026-09-13 14:57:56,36.444843
17,1500.0,2.019838,40.08671569824219,-56.30131530761719,5900005,3,2026-09-13 14:57:56,36.428787
17,2000.0,2.1079333,40.08671569824219,-56.30131530761719,5900005,3,2026-09-13 14:57:56,36.334724
18,0.0,25.599503,-23.008808135986328,131.21331787109375,5900006,1,2026-09-07 14:57:56,34.458538
18,10.0,24.56146,-23.008808135986328,131.21331787109375,5900006,1,2026-09-07 14:57:56,34.59379
18,20.0,23.65951,-23.008808135986328,131.21331787109375,5900006,1,2026-09-07 14:57:56,34.41907
18,50.0,21.268637,-23.008808135986328,131.21331787109375,5900006,1,2026-09-07 14:57:56,34.532112
18,100.0,17.893475,-23.008808135986328,131.21331787109375,5900006,1,2026-09-07 14:57:56,34.620346
18,150.0,14.884866,-23.008808135986328,131.21331787109375,5900006,1,2026-09-07 14:57:56,34.66271
18,200.0,12.788676,-23.008808135986328,131.21331787109375,5900006,1,2026-09-07 14:57:56,34.689068
18,300.0,9.116905,-23.008808135986328,131.21331787109375,5900006,1,2026-09-07 14:57:56,34.79199
18,400.0,6.7025485,-23.008808135986328,131.21331787109375,5900006,1,2026-09-07 14:57:56,34.81902
18,500.0,5.1428366,-23.008808135986328,131.21331787109375,5900006,1,2026-09-07 14:57:56,34.837013
18,750.0,3.1052198,-23.008808135986328,131.21331787109375,5900006,1,2026-09-07 14:57:56,34.861595
18,1000.0,2.4979675,-23.008808135986328,131.21331787109375,5900006,1,2026-09-07 14:57:56,34.96617
18,1500.0,2.0294142,-23.008808135986328,131.21331787109375,5900006,1,2026-09-07 14:57:56,34.92375
18,2000.0,1.9916294,-23.008808135986328,131.21331787109375,5900006,1,2026-09-07 14:57:56,34.885464
19,0.0,25.60054,-23.06729507446289,131.4093780517578,5900006,2,2026-09-10 14:57:56,34.565025
19,10.0,24.65634,-23.06729507446289,131.4093780517578,5900006,2,2026-09-10 14:57:56,34.51302
19,20.0,23.780313,-23.06729507446289,131.4093780517578,5900006,2,2026-09-10 14:57:56,34.51128
19,50.0,21.358145,-23.06729507446289,131.4093780517578,5900006,2,2026-09-10 14:57:56,34.594086
19,100.0,17.816067,-23.06729507446289,131.4093780517578,5900006,2,2026-09-10 14:57:56,34.705162
19,150.0,15.013246,-23.06729507446289,131.4093780517578,5900006,2,2026-09-10 14:57:56,34.61269
19,200.0,12.860973,-23.06729507446289,131.4093780517578,5900006,2,2026-09-10 14:57:56,34.72981
19,300.0,9.212428,-23.06729507446289,131.4093780517578,5900006,2,2026-09-10 14:57:56,34.771523
19,400.0,6.816106,-23.06729507446289,131.4093780517578,5900006,2,2026-09-10 14:57:56,34.818935
19,500.0,5.207008,-23.06729507446289,131.4093780517578,5900006,2,2026-09-10 14:57:56,34.855988
19,750.0,3.2143605,-23.06729507446289,131.4093780517578,5900006,2,2026-09-10 14:57:56,35.01207
19,1000.0,2.5134683,-23.06729507446289,131.4093780517578,5900006,2,2026-09-10 14:57:56,35.02329
19,1500.0,2.1046844,-23.06729507446289,131.4093780517578,5900006,2,2026-09-10 14:57:56,35.006477
19,2000.0,2.1274107,-23.06729507446289,131.4093780517578,5900006,2,2026-09-10 14:57:56,34.981453
20,0.0,25.6601,-23.070730209350586,131.47244262695312,5900006,3,2026-09-13 14:57:56,34.40879
20,10.0,24.5409,-23.070730209350586,131.47244262695312,5900006,3,2026-09-13 14:57:56,34.427525
20,20.0,23.8016,-23.070730209350586,131.47244262695312,5900006,3,2026-09-13 14:57:56,34.464138
20,50.0,21.321476,-23.070730209350586,131.47244262695312,5900006,3,2026-09-13 14:57:56,34.52374
20,100.0,17.785501,-23.070730209350586,131.47244262695312,5900006,3,2026-09-13 14:57:56,34.58973
20,150.0,15.040481,-23.070730209350586,131.47244262695312,5900006,3,2026-09-13 14:57:56,34.69814
20,200.0,12.543275,-23.070730209350586,131.47244262695312,5900006,3,2026-09-13 14:57:56,34.661827
20,300.0,9.142122,-23.070730209350586,131.47244262695312,5900006,3,2026-09-13 14:57:56,34.771797
20,400.0,6.7327843,-23.070730209350586,131.47244262695312,5900006,3,2026-09-13 14:57:56,34.803684
20,500.0,5.1592755,-23.070730209350586,131.47244262695312,5900006,3,2026-09-13 14:57:56,34.876247
20,750.0,3.1277099,-23.070730209350586,131.47244262695312,5900006,3,2026-09-13 14:57:56,34.937798
20,1000.0,2.7193031,-23.070730209350586,131.47244262695312,5900006,3,2026-09-13 14:57:56,34.94966
20,1500.0,2.068869,-23.070730209350586,131.47244262695312,5900006,3,2026-09-13 14:57:56,34.972294
20,2000.0,1.9248269,-23.070730209350586,131.47244262695312,5900006,3,2026-09-13 14:57:56,35.08418
21,0.0,18.768652,47.24439239501953,118.78559112548828,5900007,1,2026-09-07 14:57:56,35.6186
21,10.0,18.026485,47.24439239501953,118.78559112548828,5900007,1,2026-09-07 14:57:56,35.756493
21,20.0,17.641966,47.24439239501953,118.78559112548828,5900007,1,2026-09-07 14:57:56,35.833855
21,50.0,16.006428,47.24439239501953,118.78559112548828,5900007,1,2026-09-07 14:57:56,35.832493
21,100.0,13.311552,47.24439239501953,118.78559112548828,5900007,1,2026-09-07 14:57:56,35.863823
21,150.0,11.161937,47.24439239501953,118.78559112548828,5900007,1,2026-09-07 14:57:56,35.77111
21,200.0,9.489134,47.24439239501953,118.78559112548828,5900007,1,2026-09-07 14:57:56,35.951317
21,300.0,6.942078,47.24439239501953,118.78559112548828,5900007,1,2026-09-07 14:57:56,35.941734
21,400.0,5.259105,47.24439239501953,118.78559112548828,5900007,1,2026-09-07 14:57:56,36.0287
21,500.0,4.252898,47.24439239501953,118.78559112548828,5900007,1,2026-09-07 14:57:56,35.997997
21,750.0,2.9399493,47.24439239501953,118.78559112548828,5900007,1,2026-09-07 14:57:56,36.074413
21,1000.0,2.2682824,47.24439239501953,118.78559112548828,5900007,1,2026-09-07 14:57:56,36.121727
21,1500.0,1.8640543,47.24439239501953,118.78559112548828,5900007,1,2026-09-07 14:57:56,36.297794
21,2000.0,2.2173305,47.24439239501953,118.78559112548828,5900007,1,2026-09-07 14:57:56,36.16498
22,0.0,19.554163,47.09520721435547,118.65884399414062,5900007,2,2026-09-10 14:57:56,35.961693
22,10.0,18.672888,47.09520721435547,118.65884399414062,5900007,2,2026-09-10 14:57:56,36.015446
22,20.0,18.146559,47.09520721435547,118.65884399414062,5900007,2,2026-09-10 14:57:56,35.9475
22,50.0,16.337101,47.09520721435547,118.65884399414062,5900007,2,2026-09-10 14:57:56,36.024403
22,100.0,14.007837,47.09520721435547,118.65884399414062,5900007,2,2026-09-10 14:57:56,36.001057
22,150.0,11.574722,47.09520721435547,118.65884399414062,5900007,2,2026-09-10 14:57:56,36.08988
22,200.0,9.977889,47.09520721435547,118.65884399414062,5900007,2,2026-09-10 14:57:56,36.146854
22,300.0,7.1310363,47.09520721435547,118.65884399414062,5900007,2,2026-09-10 14:57:56,36.101765
22,400.0,5.5195813,47.09520721435547,118.65884399414062,5900007,2,2026-09-10 14:57:56,36.23264
22,500.0,4.4853973,47.09520721435547,118.65884399414062,5900007,2,2026-09-10 14:57:56,36.338795
22,750.0,2.814269,47.09520721435547,118.65884399414062,5900007,2,2026-09-10 14:57:56,36.290176
22,1000.0,2.1798813,47.09520721435547,118.65884399414062,5900007,2,2026-09-10 14:57:56,36.36997
22,1500.0,2.1194613,47.09520721435547,118.65884399414062,5900007,2,2026-09-10 14:57:56,36.440414
22,2000.0,2.0650456,47.09520721435547,118.65884399414062,5900007,2,2026-09-10 14:57:56,36.595226
23,0.0,18.508696,47.331695556640625,118.84532165527344,5900007,3,2026-09-13 14:57:56,35.89685
23,10.0,17.968082,47.331695556640625,118.84532165527344,5900007,3,2026-09-13 14:57:56,35.82911
23,20.0,17.183285,47.331695556640625,118.84532165527344,5900007,3,2026-09-13 14:57:56,35.859154
23,50.0,15.597713,47.331695556640625,118.84532165527344,5900007,3,2026-09-13 14:57:56,35.83679
23,100.0,13.174839,47.331695556640625,118.84532165527344,5900007,3,2026-09-13 14:57:56,35.990993
23,150.0,11.034488,47.331695556640625,118.84532165527344,5900007,3,2026-09-13 14:57:56,35.981087
23,200.0,9.494658,47.331695556640625,118.84532165527344,5900007,3,2026-09-13 14:57:56,36.054775
23,300.0,6.934615,47.331695556640625,118.84532165527344,5900007,3,2026-09-13 14:57:56,36.119797
23,400.0,5.3351645,47.331695556640625,118.84532165527344,5900007,3,2026-09-13 14:57:56,36.162132
23,500.0,4.0817437,47.331695556640625,118.84532165527344,5900007,3,2026-09-13 14:57:56,36.218487
23,750.0,2.8263762,47.331695556640625,118.84532165527344,5900007,3,2026-09-13 14:57:56,36.307137
23,1000.0,2.3883505,47.331695556640625,118.84532165527344,5900007,3,2026-09-13 14:57:56,36.30091
23,1500.0,2.0991583,47.331695556640625,118.84532165527344,5900007,3,2026-09-13 14:57:56,36.3623
23,2000.0,1.9813559,47.331695556640625,118.84532165527344,5900007,3,2026-09-13 14:57:56,36.35166
24,0.0,25.254725,26.643638610839844,13.713685989379883,5900008,1,2026-09-07 14:57:56,35.514107
24,10.0,24.407696,26.643638610839844,13.713685989379883,5900008,1,2026-09-07 14:57:56,35.6201
24,20.0,23.469887,26.643638610839844,13.713685989379883,5900008,1,2026-09-07 14:57:56,35.67744
24,50.0,20.92934,26.643638610839844,13.713685989379883,5900008,1,2026-09-07 14:57:56,35.649788
24,100.0,17.62343,26.643638610839844,13.713685989379883,5900008,1,2026-09-07 14:57:56,35.63364
24,150.0,14.941768,26.643638610839844,13.713685989379883,5900008,1,2026-09-07 14:57:56,35.759922
24,200.0,12.555244,26.643638610839844,13.713685989379883,5900008,1,2026-09-07 14:57:56,35.767223
24,300.0,9.028697,26.643638610839844,13.713685989379883,5900008,1,2026-09-07 14:57:56,35.753315
24,400.0,6.7550483,26.643638610839844,13.713685989379883,5900008,1,2026-09-07 14:57:56,35.91084
24,500.0,5.2248416,26.643638610839844,13.713685989379883,5900008,1,2026-09-07 14:57:56,36.011963
24,750.0,3.2843301,26.643638610839844,13.713685989379883,5900008,1,2026-09-07 14:57:56,36.060146
24,1000.0,2.5116925,26.643638610839844,13.713685989379883,5900008,1,2026-09-07 14:57:56,36.095387
24,1500.0,2.2711654,26.643638610839844,13.713685989379883,5900008,1,2026-09-07 14:57:56,36.097916
24,2000.0,2.1237578,26.643638610839844,13.713685989379883,5900008,1,2026-09-07 14:57:56,36.044567
25,0.0,25.004759,26.70887565612793,13.715753555297852,5900008,2,2026-09-10 14:57:56,35.45846
25,10.0,23.987047,26.70887565612793,13.715753555297852,5900008,2,2026-09-10 14:57:56,35.610306
25,20.0,23.111332,26.70887565612793,13.715753555297852,5900008,2,2026-09-10 14:57:56,35.572525
25,50.0,20.601793,26.70887565612793,13.715753555297852,5900008,2,2026-09-10 14:57:56,35.613846
25,100.0,17.50008,26.70887565612793,13.715753555297852,5900008,2,2026-09-10 14:57:56,35.706573
25,150.0,14.620732,26.70887565612793,13.715753555297852,5900008,2,2026-09-10 14:57:56,35.718445
25,200.0,12.42315,26.70887565612793,13.715753555297852,5900008,2,2026-09-10 14:57:56,35.777294
25,300.0,9.06173,26.70887565612793,13.715753555297852,5900008,2,2026-09-10 14:57:56,35.759327
25,400.0,6.491003,26.70887565612793,13.715753555297852,5900008,2,2026-09-10 14:57:56,35.913685
25,500.0,5.1796465,26.70887565612793,13.715753555297852,5900008,2,2026-09-10 14:57:56,35.896687
25,750.0,3.2166808,26.70887565612793,13.715753555297852,5900008,2,2026-09-10 14:57:56,35.93006
25,1000.0,2.2373228,26.70887565612793,13.715753555297852,5900008,2,2026-09-10 14:57:56,35.998833
25,1500.0,2.0930738,26.70887565612793,13.715753555297852,5900008,2,2026-09-10 14:57:56,36.08395
25,2000.0,1.9623659,26.70887565612793,13.715753555297852,5900008,2,2026-09-10 14:57:56,35.981514
26,0.0,25.619886,26.653736114501953,13.70004653930664,5900008,3,2026-09-13 14:57:56,35.51834
26,10.0,24.744154,26.653736114501953,13.70004653930664,5900008,3,2026-09-13 14:57:56,35.56435
26,20.0,23.721409,26.653736114501953,13.70004653930664,5900008,3,2026-09-13 14:57:56,35.636574
26,50.0,21.35922,26.653736114501953,13.70004653930664,5900008,3,2026-09-13 14:57:56,35.570732
26,100.0,17.791473,26.653736114501953,13.70004653930664,5900008,3,2026-09-13 14:57:56,35.66866
26,150.0,14.889318,26.653736114501953,13.70004653930664,5900008,3,2026-09-13 14:57:56,35.80187
26,200.0,12.624155,26.653736114501953,13.70004653930664,5900008,3,2026-09-13 14:57:56,35.83481
26,300.0,9.091843,26.653736114501953,13.70004653930664,5900008,3,2026-09-13 14:57:56,35.801544
26,400.0,6.8974867,26.653736114501953,13.70004653930664,5900008,3,2026-09-13 14:57:56,35.962383
26,500.0,5.2235575,26.653736114501953,13.70004653930664,5900008,3,2026-09-13 14:57:56,36.045486
26,750.0,3.20885,26.653736114501953,13.70004653930664,5900008,3,2026-09-13 14:57:56,36.14235
26,1000.0,2.4151423,26.653736114501953,13.70004653930664,5900008,3,2026-09-13 14:57:56,36.079056
26,1500.0,2.1877575,26.653736114501953,13.70004653930664,5900008,3,2026-09-13 14:57:56,36.1143
26,2000.0,1.8211986,26.653736114501953,13.70004653930664,5900008,3,2026-09-13 14:57:56,36.102848
27,0.0,22.00744,-37.0369873046875,152.1419677734375,5900009,1,2026-09-07 14:57:56,34.272285
27,10.0,21.341646,-37.0369873046875,152.1419677734375,5900009,1,2026-09-07 14:57:56,34.310143
27,20.0,20.39819,-37.0369873046875,152.1419677734375,5900009,1,2026-09-07 14:57:56,34.3962
27,50.0,18.419567,-37.0369873046875,152.1419677734375,5900009,1,2026-09-07 14:57:56,34.35961
27,100.0,15.697151,-37.0369873046875,152.1419677734375,5900009,1,2026-09-07 14:57:56,34.45995
27,150.0,12.8942995,-37.0369873046875,152.1419677734375,5900009,1,2026-09-07 14:57:56,34.457375
27,200.0,11.041303,-37.0369873046875,152.1419677734375,5900009,1,2026-09-07 14:57:56,34.621296
27,300.0,8.16162,-37.0369873046875,152.1419677734375,5900009,1,2026-09-07 14:57:56,34.670864
27,400.0,6.0285144,-37.0369873046875,152.1419677734375,5900009,1,2026-09-07 14:57:56,34.70058
27,500.0,4.824282,-37.0369873046875,152.1419677734375,5900009,1,2026-09-07 14:57:56,34.728203
27,750.0,3.0466552,-37.0369873046875,152.1419677734375,5900009,1,2026-09-07 14:57:56,34.75849
27,1000.0,2.3062887,-37.0369873046875,152.1419677734375,5900009,1,2026-09-07 14:57:56,34.762836
27,1500.0,1.9707631,-37.0369873046875,152.1419677734375,5900009,1,2026-09-07 14:57:56,34.956608
27,2000.0,2.0271416,-37.0369873046875,152.1419677734375,5900009,1,2026-09-07 14:57:56,34.8895
28,0.0,22.753338,-37.22356033325195,152.1336669921875,5900009,2,2026-09-10 14:57:56,34.370804
28,10.0,21.851545,-37.22356033325195,152.1336669921875,5900009,2,2026-09-10 14:57:56,34.55674
28,20.0,20.9193,-37.22356033325195,152.1336669921875,5900009,2,2026-09-10 14:57:56,34.434727
28,50.0,18.86116,-37.22356033325195,152.1336669921875,5900009,2,2026-09-10 14:57:56,34.371098
28,100.0,15.849022,-37.22356033325195,152.1336669921875,5900009,2,2026-09-10 14:57:56,34.480602
28,150.0,13.288797,-37.22356033325195,152.1336669921875,5900009,2,2026-09-10 14:57:56,34.567978
28,200.0,11.257669,-37.22356033325195,152.1336669921875,5900009,2,2026-09-10 14:57:56,34.510654
28,300.0,7.890149,-37.22356033325195,152.1336669921875,5900009,2,2026-09-10 14:57:56,34.662357
28,400.0,6.324318,-37.22356033325195,152.1336669921875,5900009,2,2026-09-10 14:57:56,34.698345
28,500.0,4.7697916,-37.22356033325195,152.1336669921875,5900009,2,2026-09-10 14:57:56,34.726303
28,750.0,3.1976178,-37.22356033325195,152.1336669921875,5900009,2,2026-09-10 14:57:56,34.800793
28,1000.0,2.4720738,-37.22356033325195,152.1336669921875,5900009,2,2026-09-10 14:57:56,34.824642
28,1500.0,2.092395,-37.22356033325195,152.1336669921875,5900009,2,2026-09-10 14:57:56,34.90386
28,2000.0,2.211725,-37.22356033325195,152.1336669921875,5900009,2,2026-09-10 14:57:56,34.916294
29,0.0,22.41213,-37.22101974487305,152.095458984375,5900009,3,2026-09-13 14:57:56,34.433964
29,10.0,21.777424,-37.22101974487305,152.095458984375,5900009,3,2026-09-13 14:57:56,34.379593
29,20.0,20.993793,-37.22101974487305,152.095458984375,5900009,3,2026-09-13 14:57:56,34.361885
29,50.0,18.588428,-37.22101974487305,152.095458984375,5900009,3,2026-09-13 14:57:56,34.35407
29,100.0,15.560852,-37.22101974487305,152.095458984375,5900009,3,2026-09-13 14:57:56,34.424835
29,150.0,13.086406,-37.22101974487305,152.095458984375,5900009,3,2026-09-13 14:57:56,34.448124
29,200.0,11.239192,-37.22101974487305,152.095458984375,5900009,3,2026-09-13 14:57:56,34.50765
29,300.0,8.081102,-37.22101974487305,152.095458984375,5900009,3,2026-09-13 14:57:56,34.604855
29,400.0,6.2355638,-37.22101974487305,152.095458984375,5900009,3,2026-09-13 14:57:56,34.679478
29,500.0,4.666602,-37.22101974487305,152.095458984375,5900009,3,2026-09-13 14:57:56,34.669807
29,750.0,2.8710735,-37.22101974487305,152.095458984375,5900009,3,2026-09-13 14:57:56,34.787018
29,1000.0,2.1998408,-37.22101974487305,152.095458984375,5900009,3,2026-09-13 14:57:56,34.78633
29,1500.0,1.883596,-37.22101974487305,152.095458984375,5900009,3,2026-09-13 14:57:56,34.80013
29,2000.0,1.9650195,-37.22101974487305,152.095458984375,5900009,3,2026-09-13 14:57:56,34.849625
30,0.0,27.808403,6.456405162811279,-145.01893615722656,5900010,1,2026-09-07 14:57:56,35.180607
30,10.0,26.839699,6.456405162811279,-145.01893615722656,5900010,1,2026-09-07 14:57:56,35.21582
30,20.0,25.729013,6.456405162811279,-145.01893615722656,5900010,1,2026-09-07 14:57:56,35.16034
30,50.0,23.113962,6.456405162811279,-145.01893615722656,5900010,1,2026-09-07 14:57:56,35.223087
30,100.0,19.435698,6.456405162811279,-145.01893615722656,5900010,1,2026-09-07 14:57:56,35.301437
30,150.0,16.304207,6.456405162811279,-145.01893615722656,5900010,1,2026-09-07 14:57:56,35.379063
30,200.0,13.66841,6.456405162811279,-145.01893615722656,5900010,1,2026-09-07 14:57:56,35.517845
30,300.0,9.721818,6.456405162811279,-145.01893615722656,5900010,1,2026-09-07 14:57:56,35.542767
30,400.0,7.1317706,6.456405162811279,-145.01893615722656,5900010,1,2026-09-07 14:57:56,35.566673
30,500.0,5.411447,6.456405162811279,-145.01893615722656,5900010,1,2026-09-07 14:57:56,35.516754
30,750.0,3.2299738,6.456405162811279,-145.01893615722656,5900010,1,2026-09-07 14:57:56,35.63727
30,1000.0,2.5097163,6.456405162811279,-145.01893615722656,5900010,1,2026-09-07 14:57:56,35.730705
30,1500.0,1.9921917,6.456405162811279,-145.01893615722656,5900010,1,2026-09-07 14:57:56,35.791996
30,2000.0,1.9058435,6.456405162811279,-145.01893615722656,5900010,1,2026-09-07 14:57:56,35.61983
31,0.0,28.080984,6.643919467926025,-145.04486083984375,5900010,2,2026-09-10 14:57:56,35.13675
31,10.0,26.94312,6.643919467926025,-145.04486083984375,5900010,2,2026-09-10 14:57:56,35.033215
31,20.0,26.090164,6.643919467926025,-145.04486083984375,5900010,2,2026-09-10 14:57:56,35.101936
31,50.0,23.51298,6.643919467926025,-145.04486083984375,5900010,2,2026-09-10 14:57:56,35.202244
31,100.0,19.61803,6.643919467926025,-145.04486083984375,5900010,2,2026-09-10 14:57:56,35.25375
31,150.0,16.399815,6.643919467926025,-145.04486083984375,5900010,2,2026-09-10 14:57:56,35.21948
31,200.0,13.640815,6.643919467926025,-145.04486083984375,5900010,2,2026-09-10 14:57:56,35.33228
31,300.0,9.832885,6.643919467926025,-145.04486083984375,5900010,2,2026-09-10 14:57:56,35.36384
31,400.0,7.2079635,6.643919467926025,-145.04486083984375,5900010,2,2026-09-10 14:57:56,35.349564
31,500.0,5.5649776,6.643919467926025,-145.04486083984375,5900010,2,2026-09-10 14:57:56,35.522827
31,750.0,3.3972478,6.643919467926025,-145.04486083984375,5900010,2,2026-09-10 14:57:56,35.484276
31,1000.0,2.3594055,6.643919467926025,-145.04486083984375,5900010,2,2026-09-10 14:57:56,35.53451
31,1500.0,2.0109568,6.643919467926025,-145.04486083984375,5900010,2,2026-09-10 14:57:56,35.490593
31,2000.0,2.1018338,6.643919467926025,-145.04486083984375,5900010,2,2026-09-10 14:57:56,35.55324
32,0.0,28.046711,6.4357171058654785,-145.20533752441406,5900010,3,2026-09-13 14:57:56,35.036247
32,10.0,26.9064,6.4357171058654785,-145.20533752441406,5900010,3,2026-09-13 14:57:56,35.0089
32,20.0,26.071657,6.4357171058654785,-145.20533752441406,5900010,3,2026-09-13 14:57:56,35.146996
32,50.0,23.254858,6.4357171058654785,-145.20533752441406,5900010,3,2026-09-13 14:57:56,35.111504
32,100.0,19.378624,6.4357171058654785,-145.20533752441406,5900010,3,2026-09-13 14:57:56,35.1673
32,150.0,16.223833,6.4357171058654785,-145.20533752441406,5900010,3,2026-09-13 14:57:56,35.25813
32,200.0,13.577119,6.4357171058654785,-145.20533752441406,5900010,3,2026-09-13 14:57:56,35.213593
32,300.0,9.767437,6.4357171058654785,-145.20533752441406,5900010,3,2026-09-13 14:57:56,35.360847
32,400.0,7.32241,6.4357171058654785,-145.20533752441406,5900010,3,2026-09-13 14:57:56,35.265713
32,500.0,5.5939207,6.4357171058654785,-145.20533752441406,5900010,3,2026-09-13 14:57:56,35.390804
32,750.0,3.2789772,6.4357171058654785,-145.20533752441406,5900010,3,2026-09-13 14:57:56,35.38565
32,1000.0,2.4664574,6.4357171058654785,-145.20533752441406,5900010,3,2026-09-13 14:57:56,35.583565
32,1500.0,1.9274129,6.4357171058654785,-145.20533752441406,5900010,3,2026-09-13 14:57:56,35.58818
32,2000.0,1.9589907,6.4357171058654785,-145.20533752441406,5900010,3,2026-09-13 14:57:56,35.527466
33,0.0,26.73063,-17.743627548217773,-143.0601348876953,5900011,1,2026-09-07 14:57:56,34.75422
33,10.0,25.858215,-17.743627548217773,-143.0601348876953,5900011,1,2026-09-07 14:57:56,34.80443
33,20.0,24.800114,-17.743627548217773,-143.0601348876953,5900011,1,2026-09-07 14:57:56,34.82929
33,50.0,22.26491,-17.743627548217773,-143.0601348876953,5900011,1,2026-09-07 14:57:56,34.76525
33,100.0,18.640339,-17.743627548217773,-143.0601348876953,5900011,1,2026-09-07 14:57:56,34.769863
33,150.0,15.682495,-17.743627548217773,-143.0601348876953,5900011,1,2026-09-07 14:57:56,34.792065
33,200.0,13.073715,-17.743627548217773,-143.0601348876953,5900011,1,2026-09-07 14:57:56,34.88723
33,300.0,9.456332,-17.743627548217773,-143.0601348876953,5900011,1,2026-09-07 14:57:56,34.883907
33,400.0,7.050567,-17.743627548217773,-143.0601348876953,5900011,1,2026-09-07 14:57:56,34.98864
33,500.0,5.4323187,-17.743627548217773,-143.0601348876953,5900011,1,2026-09-07 14:57:56,34.97769
33,750.0,3.374664,-17.743627548217773,-143.0601348876953,5900011,1,2026-09-07 14:57:56,35.151985
33,1000.0,2.4377275,-17.743627548217773,-143.0601348876953,5900011,1,2026-09-07 14:57:56,35.226437
33,1500.0,2.2546265,-17.743627548217773,-143.0601348876953,5900011,1,2026-09-07 14:57:56,35.1922
33,2000.0,1.9289442,-17.743627548217773,-143.0601348876953,5900011,1,2026-09-07 14:57:56,35.281483
34,0.0,26.46021,-17.7777042388916,-142.91055297851562,5900011,2,2026-09-10 14:57:56,34.665005
34,10.0,25.458258,-17.7777042388916,-142.91055297851562,5900011,2,2026-09-10 14:57:56,34.596165
34,20.0,24.609564,-17.7777042388916,-142.91055297851562,5900011,2,2026-09-10 14:57:56,34.760563
34,50.0,21.976295,-17.7777042388916,-142.91055297851562,5900011,2,2026-09-10 14:57:56,34.726032
34,100.0,18.35143,-17.7777042388916,-142.91055297851562,5900011,2,2026-09-10 14:57:56,34.741432
34,150.0,15.397645,-17.7777042388916,-142.91055297851562,5900011,2,2026-09-10 14:57:56,34.884827
34,200.0,13.07667,-17.7777042388916,-142.91055297851562,5900011,2,2026-09-10 14:57:56,34.90274
34,300.0,9.38335,-17.7777042388916,-142.91055297851562,5900011,2,2026-09-10 14:57:56,34.847652
34,400.0,6.970158,-17.7777042388916,-142.91055297851562,5900011,2,2026-09-10 14:57:56,34.864082
34,500.0,5.3214602,-17.7777042388916,-142.91055297851562,5900011,2,2026-09-10 14:57:56,34.970974
34,750.0,3.3334887,-17.7777042388916,-142.91055297851562,5900011,2,2026-09-10 14:57:56,35.124817
34,1000.0,2.2124796,-17.7777042388916,-142.91055297851562,5900011,2,2026-09-10 14:57:56,35.158657
34,1500.0,1.9986038,-17.7777042388916,-142.91055297851562,5900011,2,2026-09-10 14:57:56,35.163467
34,2000.0,2.0145123,-17.7777042388916,-142.91055297851562,5900011,2,2026-09-10 14:57:56,35.196285
35,0.0,26.92099,-17.762920379638672,-142.85357666015625,5900011,3,2026-09-13 14:57:56,34.50472
35,10.0,25.957722,-17.762920379638672,-142.85357666015625,5900011,3,2026-09-13 14:57:56,34.644615
35,20.0,25.096605,-17.762920379638672,-142.85357666015625,5900011,3,2026-09-13 14:57:56,34.546085
35,50.0,22.313362,-17.762920379638672,-142.85357666015625,5900011,3,2026-09-13 14:57:56,34.6291
35,100.0,18.70209,-17.762920379638672,-142.85357666015625,5900011,3,2026-09-13 14:57:56,34.628296
35,150.0,15.738249,-17.762920379638672,-142.85357666015625,5900011,3,2026-09-13 14:57:56,34.601643
35,200.0,13.151632,-17.762920379638672,-142.85357666015625,5900011,3,2026-09-13 14:57:56,34.843548
35,300.0,9.601854,-17.762920379638672,-142.85357666015625,5900011,3,2026-09-13 14:57:56,34.764896
35,400.0,7.111179,-17.762920379638672,-142.85357666015625,5900011,3,2026-09-13 14:57:56,34.863747
35,500.0,5.3167243,-17.762920379638672,-142.85357666015625,5900011,3,2026-09-13 14:57:56,34.85655
35,750.0,3.2391684,-17.762920379638672,-142.85357666015625,5900011,3,2026-09-13 14:57:56,34.94512
35,1000.0,2.47784,-17.762920379638672,-142.85357666015625,5900011,3,2026-09-13 14:57:56,34.996655
35,1500.0,2.0598676,-17.762920379638672,-142.85357666015625,5900011,3,2026-09-13 14:57:56,35.007683
35,2000.0,1.901271,-17.762920379638672,-142.85357666015625,5900011,3,2026-09-13 14:57:56,35.062916
36,0.0,22.47583,-38.00192642211914,72.5077133178711,5900012,1,2026-09-07 14:57:56,34.250446
36,10.0,21.573383,-38.00192642211914,72.5077133178711,5900012,1,2026-09-07 14:57:56,34.111214
36,20.0,20.859186,-38.00192642211914,72.5077133178711,5900012,1,2026-09-07 14:57:56,34.28095
36,50.0,18.72426,-38.00192642211914,72.5077133178711,5900012,1,2026-09-07 14:57:56,34.210712
36,100.0,15.826814,-38.00192642211914,72.5077133178711,5900012,1,2026-09-07 14:57:56,34.27493
36,150.0,13.283936,-38.00192642211914,72.5077133178711,5900012,1,2026-09-07 14:57:56,34.33092
36,200.0,11.230113,-38.00192642211914,72.5077133178711,5900012,1,2026-09-07 14:57:56,34.42811
36,300.0,8.125833,-38.00192642211914,72.5077133178711,5900012,1,2026-09-07 14:57:56,34.435608
36,400.0,6.214548,-38.00192642211914,72.5077133178711,5900012,1,2026-09-07 14:57:56,34.557323
36,500.0,4.8567376,-38.00192642211914,72.5077133178711,5900012,1,2026-09-07 14:57:56,34.609142
36,750.0,3.0371695,-38.00192642211914,72.5077133178711,5900012,1,2026-09-07 14:57:56,34.66942
36,1000.0,2.319645,-38.00192642211914,72.5077133178711,5900012,1,2026-09-07 14:57:56,34.60666
36,1500.0,2.0762775,-38.00192642211914,72.5077133178711,5900012,1,2026-09-07 14:57:56,34.750378
36,2000.0,1.867781,-38.00192642211914,72.5077133178711,5900012,1,2026-09-07 14:57:56,34.66538
37,0.0,21.385036,-37.95670700073242,72.50005340576172,5900012,2,2026-09-10 14:57:56,34.429718
37,10.0,20.536432,-37.95670700073242,72.50005340576172,5900012,2,2026-09-10 14:57:56,34.523796
37,20.0,19.813257,-37.95670700073242,72.50005340576172,5900012,2,2026-09-10 14:57:56,34.37643
37,50.0,18.057789,-37.95670700073242,72.50005340576172,5900012,2,2026-09-10 14:57:56,34.474796
37,100.0,14.990178,-37.95670700073242,72.50005340576172,5900012,2,2026-09-10 14:57:56,34.489048
37,150.0,12.614534,-37.95670700073242,72.50005340576172,5900012,2,2026-09-10 14:57:56,34.599358
37,200.0,10.739093,-37.95670700073242,72.50005340576172,5900012,2,2026-09-10 14:57:56,34.460392
37,300.0,7.8936467,-37.95670700073242,72.50005340576172,5900012,2,2026-09-10 14:57:56,34.561836
37,400.0,5.7999196,-37.95670700073242,72.50005340576172,5900012,2,2026-09-10 14:57:56,34.595905
37,500.0,4.6519904,-37.95670700073242,72.50005340576172,5900012,2,2026-09-10 14:57:56,34.766933
37,750.0,2.8912125,-37.95670700073242,72.50005340576172,5900012,2,2026-09-10 14:57:56,34.747593
37,1000.0,2.3534281,-37.95670700073242,72.50005340576172,5900012,2,2026-09-10 14:57:56,34.841576
37,1500.0,2.0577948,-37.95670700073242,72.50005340576172,5900012,2,2026-09-10 14:57:56,34.871212
37,2000.0,2.3336296,-37.95670700073242,72.50005340576172,5900012,2,2026-09-10 14:57:56,34.84918
38,0.0,22.393848,-38.07949447631836,72.52156066894531,5900012,3,2026-09-13 14:57:56,34.133953
38,10.0,21.61461,-38.07949447631836,72.52156066894531,5900012,3,2026-09-13 14:57:56,34.22502
38,20.0,20.625511,-38.07949447631836,72.52156066894531,5900012,3,2026-09-13 14:57:56,34.25392
38,50.0,18.673117,-38.07949447631836,72.52156066894531,5900012,3,2026-09-13 14:57:56,34.21887
38,100.0,15.606122,-38.07949447631836,72.52156066894531,5900012,3,2026-09-13 14:57:56,34.283627
38,150.0,13.088107,-38.07949447631836,72.52156066894531,5900012,3,2026-09-13 14:57:56,34.31474
38,200.0,11.389393,-38.07949447631836,72.52156066894531,5900012,3,2026-09-13 14:57:56,34.414837
38,300.0,8.21757,-38.07949447631836,72.52156066894531,5900012,3,2026-09-13 14:57:56,34.457558
38,400.0,6.2203517,-38.07949447631836,72.52156066894531,5900012,3,2026-09-13 14:57:56,34.48967
38,500.0,4.9403043,-38.07949447631836,72.52156066894531,5900012,3,2026-09-13 14:57:56,34.54681
38,750.0,3.083602,-38.07949447631836,72.52156066894531,5900012,3,2026-09-13 14:57:56,34.671505
38,1000.0,2.3177083,-38.07949447631836,72.52156066894531,5900012,3,2026-09-13 14:57:56,34.648956
38,1500.0,2.19771,-38.07949447631836,72.52156066894531,5900012,3,2026-09-13 14:57:56,34.675827
38,2000.0,1.9094832,-38.07949447631836,72.52156066894531,5900012,3,2026-09-13 14:57:56,34.674625
39,0.0,23.304276,34.42723846435547,140.62815856933594,5900013,1,2026-09-07 14:57:56,35.67373
39,10.0,22.577621,34.42723846435547,140.62815856933594,5900013,1,2026-09-07 14:57:56,35.79156
39,20.0,21.82704,34.42723846435547,140.62815856933594,5900013,1,2026-09-07 14:57:56,35.652134
39,50.0,19.693071,34.42723846435547,140.62815856933594,5900013,1,2026-09-07 14:57:56,35.763237
39,100.0,16.146023,34.42723846435547,140.62815856933594,5900013,1,2026-09-07 14:57:56,35.822884
39,150.0,13.845872,34.42723846435547,140.62815856933594,5900013,1,2026-09-07 14:57:56,35.940815
39,200.0,11.757972,34.42723846435547,140.62815856933594,5900013,1,2026-09-07 14:57:56,35.90035
39,300.0,8.362183,34.42723846435547,140.62815856933594,5900013,1,2026-09-07 14:57:56,35.96854
39,400.0,6.1830792,34.42723846435547,140.62815856933594,5900013,1,2026-09-07 14:57:56,36.010254
39,500.0,5.217702,34.42723846435547,140.62815856933594,5900013,1,2026-09-07 14:57:56,35.945847
39,750.0,3.0658367,34.42723846435547,140.62815856933594,5900013,1,2026-09-07 14:57:56,36.108204
39,1000.0,2.322115,34.42723846435547,140.62815856933594,5900013,1,2026-09-07 14:57:56,36.281746
39,1500.0,2.0666912,34.42723846435547,140.62815856933594,5900013,1,2026-09-07 14:57:56,36.190857
39,2000.0,2.1064296,34.42723846435547,140.62815856933594,5900013,1,2026-09-07 14:57:56,36.245472
40,0.0,23.1085,34.24007034301758,140.59735107421875,5900013,2,2026-09-10 14:57:56,35.54765
40,10.0,22.162212,34.24007034301758,140.59735107421875,5900013,2,2026-09-10 14:57:56,35.552696
40,20.0,21.54511,34.24007034301758,140.59735107421875,5900013,2,2026-09-10 14:57:56,35.664448
40,50.0,19.315216,34.24007034301758,140.59735107421875,5900013,2,2026-09-10 14:57:56,35.73533
40,100.0,16.041883,34.24007034301758,140.59735107421875,5900013,2,2026-09-10 14:57:56,35.567337
40,150.0,13.485659,34.24007034301758,140.59735107421875,5900013,2,2026-09-10 14:57:56,35.669315
40,200.0,11.5884905,34.24007034301758,140.59735107421875,5900013,2,2026-09-10 14:57:56,35.82167
40,300.0,8.452938,34.24007034301758,140.59735107421875,5900013,2,2026-09-10 14:57:56,35.844757
40,400.0,6.2156982,34.24007034301758,140.59735107421875,5900013,2,2026-09-10 14:57:56,35.86188
40,500.0,4.83326,34.24007034301758,140.59735107421875,5900013,2,2026-09-10 14:57:56,35.983765
40,750.0,3.0182223,34.24007034301758,140.59735107421875,5900013,2,2026-09-10 14:57:56,35.94995
40,1000.0,2.5238013,34.24007034301758,140.59735107421875,5900013,2,2026-09-10 14:57:56,36.097244
40,1500.0,2.133706,34.24007034301758,140.59735107421875,5900013,2,2026-09-10 14:57:56,36.059444
40,2000.0,2.0557172,34.24007034301758,140.59735107421875,5900013,2,2026-09-10 14:57:56,36.172523
41,0.0,22.94762,34.25173568725586,140.6700897216797,5900013,3,2026-09-13 14:57:56,35.54234
41,10.0,22.189842,34.25173568725586,140.6700897216797,5900013,3,2026-09-13 14:57:56,35.54885
41,20.0,21.238808,34.25173568725586,140.6700897216797,5900013,3,2026-09-13 14:57:56,35.624935
41,50.0,19.310167,34.25173568725586,140.6700897216797,5900013,3,2026-09-13 14:57:56,35.585365
41,100.0,16.07883,34.25173568725586,140.6700897216797,5900013,3,2026-09-13 14:57:56,35.73389
41,150.0,13.295643,34.25173568725586,140.6700897216797,5900013,3,2026-09-13 14:57:56,35.809456
41,200.0,11.290623,34.25173568725586,140.6700897216797,5900013,3,2026-09-13 14:57:56,35.82211
41,300.0,8.213151,34.25173568725586,140.6700897216797,5900013,3,2026-09-13 14:57:56,35.79866
41,400.0,6.1296854,34.25173568725586,140.6700897216797,5900013,3,2026-09-13 14:57:56,35.86766
41,500.0,4.8619304,34.25173568725586,140.6700897216797,5900013,3,2026-09-13 14:57:56,35.963257
41,750.0,3.026124,34.25173568725586,140.6700897216797,5900013,3,2026-09-13 14:57:56,35.990536
41,1000.0,2.424132,34.25173568725586,140.6700897216797,5900013,3,2026-09-13 14:57:56,36.105286
41,1500.0,1.9800483,34.25173568725586,140.6700897216797,5900013,3,2026-09-13 14:57:56,36.13555
41,2000.0,2.1034307,34.25173568725586,140.6700897216797,5900013,3,2026-09-13 14:57:56,36.13064
42,0.0,15.644144,56.019466400146484,-122.64151000976562,5900014,1,2026-09-07 14:57:56,36.050026
42,10.0,14.845217,56.019466400146484,-122.64151000976562,5900014,1,2026-09-07 14:57:56,36.1037
42,20.0,14.405998,56.019466400146484,-122.64151000976562,5900014,1,2026-09-07 14:57:56,36.04719
42,50.0,13.072912,56.019466400146484,-122.64151000976562,5900014,1,2026-09-07 14:57:56,36.13718
42,100.0,11.0151005,56.019466400146484,-122.64151000976562,5900014,1,2026-09-07 14:57:56,36.14807
42,150.0,9.169762,56.019466400146484,-122.64151000976562,5900014,1,2026-09-07 14:57:56,36.141457
42,200.0,7.9940796,56.019466400146484,-122.64151000976562,5900014,1,2026-09-07 14:57:56,36.257195
42,300.0,6.009676,56.019466400146484,-122.64151000976562,5900014,1,2026-09-07 14:57:56,36.33836
42,400.0,4.681004,56.019466400146484,-122.64151000976562,5900014,1,2026-09-07 14:57:56,36.441208
42,500.0,3.7215562,56.019466400146484,-122.64151000976562,5900014,1,2026-09-07 14:57:56,36.406116
42,750.0,2.6454148,56.019466400146484,-122.64151000976562,5900014,1,2026-09-07 14:57:56,36.492023
42,1000.0,2.0323656,56.019466400146484,-122.64151000976562,5900014,1,2026-09-07 14:57:56,36.568665
42,1500.0,1.9414699,56.019466400146484,-122.64151000976562,5900014,1,2026-09-07 14:57:56,36.550323
42,2000.0,1.9489186,56.019466400146484,-122.64151000976562,5900014,1,2026-09-07 14:57:56,36.471394
43,0.0,15.828839,55.79233932495117,-122.48580932617188,5900014,2,2026-09-10 14:57:56,36.027466
43,10.0,15.204756,55.79233932495117,-122.48580932617188,5900014,2,2026-09-10 14:57:56,36.100647
43,20.0,14.678675,55.79233932495117,-122.48580932617188,5900014,2,2026-09-10 14:57:56,36.084354
43,50.0,13.217849,55.79233932495117,-122.48580932617188,5900014,2,2026-09-10 14:57:56,36.091267
43,100.0,11.2220745,55.79233932495117,-122.48580932617188,5900014,2,2026-09-10 14:57:56,36.104538
43,150.0,9.516967,55.79233932495117,-122.48580932617188,5900014,2,2026-09-10 14:57:56,36.09077
43,200.0,8.217904,55.79233932495117,-122.48580932617188,5900014,2,2026-09-10 14:57:56,36.23848
43,300.0,6.110785,55.79233932495117,-122.48580932617188,5900014,2,2026-09-10 14:57:56,36.397667
43,400.0,4.7737193,55.79233932495117,-122.48580932617188,5900014,2,2026-09-10 14:57:56,36.294334
43,500.0,3.6539416,55.79233932495117,-122.48580932617188,5900014,2,2026-09-10 14:57:56,36.450027
43,750.0,2.6726017,55.79233932495117,-122.48580932617188,5900014,2,2026-09-10 14:57:56,36.440945
43,1000.0,2.1662009,55.79233932495117,-122.48580932617188,5900014,2,2026-09-10 14:57:56,36.46309
43,1500.0,1.9697807,55.79233932495117,-122.48580932617188,5900014,2,2026-09-10 14:57:56,36.604042
43,2000.0,1.9801993,55.79233932495117,-122.48580932617188,5900014,2,2026-09-10 14:57:56,36.574276
44,0.0,15.626653,55.79930114746094,-122.51602172851562,5900014,3,2026-09-13 14:57:56,36.080082
44,10.0,14.864605,55.79930114746094,-122.51602172851562,5900014,3,2026-09-13 14:57:56,36.11102
44,20.0,14.579869,55.79930114746094,-122.51602172851562,5900014,3,2026-09-13 14:57:56,36.179577
44,50.0,13.00065,55.79930114746094,-122.51602172851562,5900014,3,2026-09-13 14:57:56,36.14467
44,100.0,11.051766,55.79930114746094,-122.51602172851562,5900014,3,2026-09-13 14:57:56,36.105484
44,150.0,9.488158,55.79930114746094,-122.51602172851562,5900014,3,2026-09-13 14:57:56,36.230503
44,200.0,8.093309,55.79930114746094,-122.51602172851562,5900014,3,2026-09-13 14:57:56,36.266994
44,300.0,5.92079,55.79930114746094,-122.51602172851562,5900014,3,2026-09-13 14:57:56,36.366783
44,400.0,4.69057,55.79930114746094,-122.51602172851562,5900014,3,2026-09-13 14:57:56,36.37447
44,500.0,3.7815318,55.79930114746094,-122.51602172851562,5900014,3,2026-09-13 14:57:56,36.405006
44,750.0,2.700654,55.79930114746094,-122.51602172851562,5900014,3,2026-09-13 14:57:56,36.493343
44,1000.0,2.317945,55.79930114746094,-122.51602172851562,5900014,3,2026-09-13 14:57:56,36.497665
44,1500.0,2.2246187,55.79930114746094,-122.51602172851562,5900014,3,2026-09-13 14:57:56,36.66018
44,2000.0,2.1298695,55.79930114746094,-122.51602172851562,5900014,3,2026-09-13 14:57:56,36.62742
45,0.0,24.035276,-32.29656219482422,-80.80789947509766,5900015,1,2026-09-07 14:57:56,34.383656
45,10.0,23.147373,-32.29656219482422,-80.80789947509766,5900015,1,2026-09-07 14:57:56,34.44312
45,20.0,22.248917,-32.29656219482422,-80.80789947509766,5900015,1,2026-09-07 14:57:56,34.376152
45,50.0,19.898806,-32.29656219482422,-80.80789947509766,5900015,1,2026-09-07 14:57:56,34.44812
45,100.0,16.76436,-32.29656219482422,-80.80789947509766,5900015,1,2026-09-07 14:57:56,34.5609
45,150.0,14.10878,-32.29656219482422,-80.80789947509766,5900015,1,2026-09-07 14:57:56,34.56499
45,200.0,11.955394,-32.29656219482422,-80.80789947509766,5900015,1,2026-09-07 14:57:56,34.650105
45,300.0,8.710718,-32.29656219482422,-80.80789947509766,5900015,1,2026-09-07 14:57:56,34.62463
45,400.0,6.5102997,-32.29656219482422,-80.80789947509766,5900015,1,2026-09-07 14:57:56,34.783123
45,500.0,4.814682,-32.29656219482422,-80.80789947509766,5900015,1,2026-09-07 14:57:56,34.882133
45,750.0,2.9543426,-32.29656219482422,-80.80789947509766,5900015,1,2026-09-07 14:57:56,34.813255
45,1000.0,2.4980004,-32.29656219482422,-80.80789947509766,5900015,1,2026-09-07 14:57:56,34.919163
45,1500.0,2.1466255,-32.29656219482422,-80.80789947509766,5900015,1,2026-09-07 14:57:56,34.85234
45,2000.0,1.9243098,-32.29656219482422,-80.80789947509766,5900015,1,2026-09-07 14:57:56,34.87524
46,0.0,23.414804,-32.046695709228516,-80.7982406616211,5900015,2,2026-09-10 14:57:56,34.381435
46,10.0,22.700352,-32.046695709228516,-80.7982406616211,5900015,2,2026-09-10 14:57:56,34.485313
46,20.0,22.027292,-32.046695709228516,-80.7982406616211,5900015,2,2026-09-10 14:57:56,34.48761
46,50.0,19.720907,-32.046695709228516,-80.7982406616211,5900015,2,2026-09-10 14:57:56,34.499275
46,100.0,16.52857,-32.046695709228516,-80.7982406616211,5900015,2,2026-09-10 14:57:56,34.54968
46,150.0,13.858249,-32.046695709228516,-80.7982406616211,5900015,2,2026-09-10 14:57:56,34.441425
46,200.0,11.840188,-32.046695709228516,-80.7982406616211,5900015,2,2026-09-10 14:57:56,34.51634
46,300.0,8.336395,-32.046695709228516,-80.7982406616211,5900015,2,2026-09-10 14:57:56,34.641945
46,400.0,6.2532425,-32.046695709228516,-80.7982406616211,5900015,2,2026-09-10 14:57:56,34.686
46,500.0,5.004673,-32.046695709228516,-80.7982406616211,5900015,2,2026-09-10 14:57:56,34.809895
46,750.0,3.2570095,-32.046695709228516,-80.7982406616211,5900015,2,2026-09-10 14:57:56,34.84736
46,1000.0,2.4631646,-32.046695709228516,-80.7982406616211,5900015,2,2026-09-10 14:57:56,34.857925
46,1500.0,1.9853501,-32.046695709228516,-80.7982406616211,5900015,2,2026-09-10 14:57:56,34.89383
46,2000.0,1.992651,-32.046695709228516,-80.7982406616211,5900015,2,2026-09-10 14:57:56,34.872547
47,0.0,23.854996,-32.12487030029297,-80.84786987304688,5900015,3,2026-09-13 14:57:56,34.253983
47,10.0,22.867138,-32.12487030029297,-80.84786987304688,5900015,3,2026-09-13 14:57:56,34.227776
47,20.0,22.078634,-32.12487030029297,-80.84786987304688,5900015,3,2026-09-13 14:57:56,34.298054
47,50.0,19.734186,-32.12487030029297,-80.84786987304688,5900015,3,2026-09-13 14:57:56,34.33199
47,100.0,16.446709,-32.12487030029297,-80.84786987304688,5900015,3,2026-09-13 14:57:56,34.218212
47,150.0,13.9147415,-32.12487030029297,-80.84786987304688,5900015,3,2026-09-13 14:57:56,34.422844
47,200.0,11.762214,-32.12487030029297,-80.84786987304688,5900015,3,2026-09-13 14:57:56,34.38148
47,300.0,8.523313,-32.12487030029297,-80.84786987304688,5900015,3,2026-09-13 14:57:56,34.517246
47,400.0,6.544253,-32.12487030029297,-80.84786987304688,5900015,3,2026-09-13 14:57:56,34.57903
47,500.0,4.925596,-32.12487030029297,-80.84786987304688,5900015,3,2026-09-13 14:57:56,34.632595
47,750.0,3.0136619,-32.12487030029297,-80.84786987304688,5900015,3,2026-09-13 14:57:56,34.629906
47,1000.0,2.467658,-32.12487030029297,-80.84786987304688,5900015,3,2026-09-13 14:57:56,34.796047
47,1500.0,2.0617764,-32.12487030029297,-80.84786987304688,5900015,3,2026-09-13 14:57:56,34.68716
47,2000.0,2.2077608,-32.12487030029297,-80.84786987304688,5900015,3,2026-09-13 14:57:56,34.631374
48,0.0,17.572145,-49.91568374633789,62.012725830078125,5900016,1,2026-09-07 14:57:56,34.20361
48,10.0,17.090107,-49.91568374633789,62.012725830078125,5900016,1,2026-09-07 14:57:56,34.091072
48,20.0,16.438425,-49.91568374633789,62.012725830078125,5900016,1,2026-09-07 14:57:56,34.13791
48,50.0,14.725826,-49.91568374633789,62.012725830078125,5900016,1,2026-09-07 14:57:56,34.206673
48,100.0,12.340613,-49.91568374633789,62.012725830078125,5900016,1,2026-09-07 14:57:56,34.323936
48,150.0,10.35891,-49.91568374633789,62.012725830078125,5900016,1,2026-09-07 14:57:56,34.362446
48,200.0,9.209977,-49.91568374633789,62.012725830078125,5900016,1,2026-09-07 14:57:56,34.31425
48,300.0,6.8235373,-49.91568374633789,62.012725830078125,5900016,1,2026-09-07 14:57:56,34.399048
48,400.0,5.1933527,-49.91568374633789,62.012725830078125,5900016,1,2026-09-07 14:57:56,34.43866
48,500.0,4.1527877,-49.91568374633789,62.012725830078125,5900016,1,2026-09-07 14:57:56,34.49818
48,750.0,2.8383837,-49.91568374633789,62.012725830078125,5900016,1,2026-09-07 14:57:56,34.58776
48,1000.0,2.3147407,-49.91568374633789,62.012725830078125,5900016,1,2026-09-07 14:57:56,34.62955
48,1500.0,2.1493373,-49.91568374633789,62.012725830078125,5900016,1,2026-09-07 14:57:56,34.646336
48,2000.0,1.9967834,-49.91568374633789,62.012725830078125,5900016,1,2026-09-07 14:57:56,34.74582
49,0.0,17.71083,-50.03312301635742,62.28166580200195,5900016,2,2026-09-10 14:57:56,33.96954
49,10.0,17.359863,-50.03312301635742,62.28166580200195,5900016,2,2026-09-10 14:57:56,34.007515
49,20.0,16.450665,-50.03312301635742,62.28166580200195,5900016,2,2026-09-10 14:57:56,33.9825
49,50.0,14.863949,-50.03312301635742,62.28166580200195,5900016,2,2026-09-10 14:57:56,34.076313
49,100.0,12.2064085,-50.03312301635742,62.28166580200195,5900016,2,2026-09-10 14:57:56,34.108963
49,150.0,10.633571,-50.03312301635742,62.28166580200195,5900016,2,2026-09-10 14:57:56,34.222424
49,200.0,9.011043,-50.03312301635742,62.28166580200195,5900016,2,2026-09-10 14:57:56,34.126415
49,300.0,6.79183,-50.03312301635742,62.28166580200195,5900016,2,2026-09-10 14:57:56,34.294895
49,400.0,5.3047457,-50.03312301635742,62.28166580200195,5900016,2,2026-09-10 14:57:56,34.28555
49,500.0,4.053618,-50.03312301635742,62.28166580200195,5900016,2,2026-09-10 14:57:56,34.344784
49,750.0,2.6323826,-50.03312301635742,62.28166580200195,5900016,2,2026-09-10 14:57:56,34.400524
49,1000.0,2.4766219,-50.03312301635742,62.28166580200195,5900016,2,2026-09-10 14:57:56,34.56585
49,1500.0,2.002138,-50.03312301635742,62.28166580200195,5900016,2,2026-09-10 14:57:56,34.533012
49,2000.0,2.0261998,-50.03312301635742,62.28166580200195,5900016,2,2026-09-10 14:57:56,34.53794
50,0.0,17.73546,-49.866302490234375,62.078250885009766,5900016,3,2026-09-13 14:57:56,34.15491
50,10.0,17.164164,-49.866302490234375,62.078250885009766,5900016,3,2026-09-13 14:57:56,33.980526
50,20.0,16.653536,-49.866302490234375,62.078250885009766,5900016,3,2026-09-13 14:57:56,34.12984
50,50.0,15.123642,-49.866302490234375,62.078250885009766,5900016,3,2026-09-13 14:57:56,34.166447
50,100.0,12.646499,-49.866302490234375,62.078250885009766,5900016,3,2026-09-13 14:57:56,34.18411
50,150.0,10.800607,-49.866302490234375,62.078250885009766,5900016,3,2026-09-13 14:57:56,34.209614
50,200.0,9.218556,-49.866302490234375,62.078250885009766,5900016,3,2026-09-13 14:57:56,34.296062
50,300.0,6.8399773,-49.866302490234375,62.078250885009766,5900016,3,2026-09-13 14:57:56,34.413307
50,400.0,5.257682,-49.866302490234375,62.078250885009766,5900016,3,2026-09-13 14:57:56,34.36342
50,500.0,3.9545252,-49.866302490234375,62.078250885009766,5900016,3,2026-09-13 14:57:56,34.412632
50,750.0,2.780834,-49.866302490234375,62.078250885009766,5900016,3,2026-09-13 14:57:56,34.500805
50,1000.0,2.2307434,-49.866302490234375,62.078250885009766,5900016,3,2026-09-13 14:57:56,34.502857
50,1500.0,2.2132347,-49.866302490234375,62.078250885009766,5900016,3,2026-09-13 14:57:56,34.6041
50,2000.0,1.9852277,-49.866302490234375,62.078250885009766,5900016,3,2026-09-13 14:57:56,34.6325
51,0.0,27.397356,12.502738952636719,-120.81907653808594,5900017,1,2026-09-07 14:57:56,34.989346
51,10.0,26.318594,12.502738952636719,-120.81907653808594,5900017,1,2026-09-07 14:57:56,35.065887
51,20.0,25.639643,12.502738952636719,-120.81907653808594,5900017,1,2026-09-07 14:57:56,35.06107
51,50.0,22.741491,12.502738952636719,-120.81907653808594,5900017,1,2026-09-07 14:57:56,35.192142
51,100.0,19.102112,12.502738952636719,-120.81907653808594,5900017,1,2026-09-07 14:57:56,35.255817
51,150.0,16.157557,12.502738952636719,-120.81907653808594,5900017,1,2026-09-07 14:57:56,35.12782
51,200.0,13.538487,12.502738952636719,-120.81907653808594,5900017,1,2026-09-07 14:57:56,35.275875
51,300.0,9.688252,12.502738952636719,-120.81907653808594,5900017,1,2026-09-07 14:57:56,35.463947
51,400.0,7.074174,12.502738952636719,-120.81907653808594,5900017,1,2026-09-07 14:57:56,35.459576
51,500.0,5.385136,12.502738952636719,-120.81907653808594,5900017,1,2026-09-07 14:57:56,35.408302
51,750.0,3.2934048,12.502738952636719,-120.81907653808594,5900017,1,2026-09-07 14:57:56,35.544872
51,1000.0,2.5074928,12.502738952636719,-120.81907653808594,5900017,1,2026-09-07 14:57:56,35.538975
51,1500.0,2.0473158,12.502738952636719,-120.81907653808594,5900017,1,2026-09-07 14:57:56,35.57234
51,2000.0,1.9063716,12.502738952636719,-120.81907653808594,5900017,1,2026-09-07 14:57:56,35.65716
52,0.0,27.131613,12.342062950134277,-120.73648071289062,5900017,2,2026-09-10 14:57:56,35.275246
52,10.0,26.162834,12.342062950134277,-120.73648071289062,5900017,2,2026-09-10 14:57:56,35.35947
52,20.0,25.462124,12.342062950134277,-120.73648071289062,5900017,2,2026-09-10 14:57:56,35.352524
52,50.0,22.51208,12.342062950134277,-120.73648071289062,5900017,2,2026-09-10 14:57:56,35.40935
52,100.0,19.01957,12.342062950134277,-120.73648071289062,5900017,2,2026-09-10 14:57:56,35.45212
52,150.0,15.724515,12.342062950134277,-120.73648071289062,5900017,2,2026-09-10 14:57:56,35.496407
52,200.0,13.299837,12.342062950134277,-120.73648071289062,5900017,2,2026-09-10 14:57:56,35.480495
52,300.0,9.699891,12.342062950134277,-120.73648071289062,5900017,2,2026-09-10 14:57:56,35.53541
52,400.0,7.0831666,12.342062950134277,-120.73648071289062,5900017,2,2026-09-10 14:57:56,35.661728
52,500.0,5.4311514,12.342062950134277,-120.73648071289062,5900017,2,2026-09-10 14:57:56,35.677498
52,750.0,3.2469413,12.342062950134277,-120.73648071289062,5900017,2,2026-09-10 14:57:56,35.79365
52,1000.0,2.4612327,12.342062950134277,-120.73648071289062,5900017,2,2026-09-10 14:57:56,35.81749
52,1500.0,2.152241,12.342062950134277,-120.73648071289062,5900017,2,2026-09-10 14:57:56,35.87739
52,2000.0,2.0808103,12.342062950134277,-120.73648071289062,5900017,2,2026-09-10 14:57:56,35.792
53,0.0,27.32815,12.402002334594727,-120.84050750732422,5900017,3,2026-09-13 14:57:56,35.400978
53,10.0,26.204214,12.402002334594727,-120.84050750732422,5900017,3,2026-09-13 14:57:56,35.40514
53,20.0,25.312307,12.402002334594727,-120.84050750732422,5900017,3,2026-09-13 14:57:56,35.382008
53,50.0,22.500156,12.402002334594727,-120.84050750732422,5900017,3,2026-09-13 14:57:56,35.36881
53,100.0,18.923439,12.402002334594727,-120.84050750732422,5900017,3,2026-09-13 14:57:56,35.397266
53,150.0,15.813114,12.402002334594727,-120.84050750732422,5900017,3,2026-09-13 14:57:56,35.509487
53,200.0,13.135636,12.402002334594727,-120.84050750732422,5900017,3,2026-09-13 14:57:56,35.557125
53,300.0,9.551899,12.402002334594727,-120.84050750732422,5900017,3,2026-09-13 14:57:56,35.615864
53,400.0,6.997401,12.402002334594727,-120.84050750732422,5900017,3,2026-09-13 14:57:56,35.645046
53,500.0,5.5516987,12.402002334594727,-120.84050750732422,5900017,3,2026-09-13 14:57:56,35.713768
53,750.0,3.021562,12.402002334594727,-120.84050750732422,5900017,3,2026-09-13 14:57:56,35.737816
53,1000.0,2.402395,12.402002334594727,-120.84050750732422,5900017,3,2026-09-13 14:57:56,35.814228
53,1500.0,2.0817513,12.402002334594727,-120.84050750732422,5900017,3,2026-09-13 14:57:56,35.840748
53,2000.0,1.9201785,12.402002334594727,-120.84050750732422,5900017,3,2026-09-13 14:57:56,35.823067
54,0.0,25.102427,27.38804817199707,72.4383316040039,5900018,1,2026-09-07 14:57:56,35.59834
54,10.0,24.09398,27.38804817199707,72.4383316040039,5900018,1,2026-09-07 14:57:56,35.51977
54,20.0,23.16287,27.38804817199707,72.4383316040039,5900018,1,2026-09-07 14:57:56,35.626728
54,50.0,20.714159,27.38804817199707,72.4383316040039,5900018,1,2026-09-07 14:57:56,35.707195
54,100.0,17.43488,27.38804817199707,72.4383316040039,5900018,1,2026-09-07 14:57:56,35.694042
54,150.0,14.8623495,27.38804817199707,72.4383316040039,5900018,1,2026-09-07 14:57:56,35.769833
54,200.0,12.263726,27.38804817199707,72.4383316040039,5900018,1,2026-09-07 14:57:56,35.763317
54,300.0,8.95854,27.38804817199707,72.4383316040039,5900018,1,2026-09-07 14:57:56,35.866646
54,400.0,6.5691547,27.38804817199707,72.4383316040039,5900018,1,2026-09-07 14:57:56,35.891483
54,500.0,5.238858,27.38804817199707,72.4383316040039,5900018,1,2026-09-07 14:57:56,36.013412
54,750.0,3.1389322,27.38804817199707,72.4383316040039,5900018,1,2026-09-07 14:57:56,35.982475
54,1000.0,2.6198304,27.38804817199707,72.4383316040039,5900018,1,2026-09-07 14:57:56,36.057083
54,1500.0,2.0856037,27.38804817199707,72.4383316040039,5900018,1,2026-09-07 14:57:56,36.255898
54,2000.0,1.9855223,27.38804817199707,72.4383316040039,5900018,1,2026-09-07 14:57:56,36.119884
55,0.0,24.908747,27.476625442504883,72.43009948730469,5900018,2,2026-09-10 14:57:56,35.439262
55,10.0,24.005577,27.476625442504883,72.43009948730469,5900018,2,2026-09-10 14:57:56,35.59095
55,20.0,23.17849,27.476625442504883,72.43009948730469,5900018,2,2026-09-10 14:57:56,35.517494
55,50.0,20.501804,27.476625442504883,72.43009948730469,5900018,2,2026-09-10 14:57:56,35.58016
55,100.0,17.242325,27.476625442504883,72.43009948730469,5900018,2,2026-09-10 14:57:56,35.69266
55,150.0,14.324677,27.476625442504883,72.43009948730469,5900018,2,2026-09-10 14:57:56,35.707962
55,200.0,12.527741,27.476625442504883,72.43009948730469,5900018,2,2026-09-10 14:57:56,35.79255
55,300.0,8.903916,27.476625442504883,72.43009948730469,5900018,2,2026-09-10 14:57:56,35.906548
55,400.0,6.5059004,27.476625442504883,72.43009948730469,5900018,2,2026-09-10 14:57:56,35.8694
55,500.0,5.0277724,27.476625442504883,72.43009948730469,5900018,2,2026-09-10 14:57:56,35.899303
55,750.0,3.247238,27.476625442504883,72.43009948730469,5900018,2,2026-09-10 14:57:56,36.031265
55,1000.0,2.0250044,27.476625442504883,72.43009948730469,5900018,2,2026-09-10 14:57:56,35.871857
55,1500.0,1.9412916,27.476625442504883,72.43009948730469,5900018,2,2026-09-10 14:57:56,35.992287
55,2000.0,1.9249307,27.476625442504883,72.43009948730469,5900018,2,2026-09-10 14:57:56,36.041416
56,0.0,25.116562,27.29612922668457,72.54345703125,5900018,3,2026-09-13 14:57:56,35.393433
56,10.0,24.314226,27.29612922668457,72.54345703125,5900018,3,2026-09-13 14:57:56,35.47308
56,20.0,23.452644,27.29612922668457,72.54345703125,5900018,3,2026-09-13 14:57:56,35.56378
56,50.0,20.901646,27.29612922668457,72.54345703125,5900018,3,2026-09-13 14:57:56,35.496128
56,100.0,17.375301,27.29612922668457,72.54345703125,5900018,3,2026-09-13 14:57:56,35.560497
56,150.0,14.639525,27.29612922668457,72.54345703125,5900018,3,2026-09-13 14:57:56,35.627853
56,200.0,12.232039,27.29612922668457,72.54345703125,5900018,3,2026-09-13 14:57:56,35.677185
56,300.0,8.940226,27.29612922668457,72.54345703125,5900018,3,2026-09-13 14:57:56,35.8995
56,400.0,6.7415895,27.29612922668457,72.54345703125,5900018,3,2026-09-13 14:57:56,35.790775
56,500.0,5.254667,27.29612922668457,72.54345703125,5900018,3,2026-09-13 14:57:56,35.87093
56,750.0,3.3244834,27.29612922668457,72.54345703125,5900018,3,2026-09-13 14:57:56,35.93226
56,1000.0,2.3625221,27.29612922668457,72.54345703125,5900018,3,2026-09-13 14:57:56,35.944653
56,1500.0,1.9280921,27.29612922668457,72.54345703125,5900018,3,2026-09-13 14:57:56,35.97216
56,2000.0,2.006781,27.29612922668457,72.54345703125,5900018,3,2026-09-13 14:57:56,36.039257
57,0.0,25.359343,-26.796113967895508,-4.47764778137207,5900019,1,2026-09-07 14:57:56,34.47309
57,10.0,24.560526,-26.796113967895508,-4.47764778137207,5900019,1,2026-09-07 14:57:56,34.55918
57,20.0,23.69864,-26.796113967895508,-4.47764778137207,5900019,1,2026-09-07 14:57:56,34.50039
57,50.0,21.073421,-26.796113967895508,-4.47764778137207,5900019,1,2026-09-07 14:57:56,34.570534
57,100.0,17.698893,-26.796113967895508,-4.47764778137207,5900019,1,2026-09-07 14:57:56,34.64404
57,150.0,14.837735,-26.796113967895508,-4.47764778137207,5900019,1,2026-09-07 14:57:56,34.629055
57,200.0,12.777504,-26.796113967895508,-4.47764778137207,5900019,1,2026-09-07 14:57:56,34.683723
57,300.0,9.127281,-26.796113967895508,-4.47764778137207,5900019,1,2026-09-07 14:57:56,34.801716
57,400.0,6.687439,-26.796113967895508,-4.47764778137207,5900019,1,2026-09-07 14:57:56,34.78893
57,500.0,5.210275,-26.796113967895508,-4.47764778137207,5900019,1,2026-09-07 14:57:56,34.767036
57,750.0,3.3709261,-26.796113967895508,-4.47764778137207,5900019,1,2026-09-07 14:57:56,34.851673
57,1000.0,2.3090599,-26.796113967895508,-4.47764778137207,5900019,1,2026-09-07 14:57:56,35.025257
57,1500.0,2.1452544,-26.796113967895508,-4.47764778137207,5900019,1,2026-09-07 14:57:56,34.98347
57,2000.0,2.111428,-26.796113967895508,-4.47764778137207,5900019,1,2026-09-07 14:57:56,35.03081
58,0.0,24.79588,-26.889066696166992,-4.665291786193848,5900019,2,2026-09-10 14:57:56,34.378464
58,10.0,23.999643,-26.889066696166992,-4.665291786193848,5900019,2,2026-09-10 14:57:56,34.411823
58,20.0,23.030834,-26.889066696166992,-4.665291786193848,5900019,2,2026-09-10 14:57:56,34.378464
58,50.0,20.506014,-26.889066696166992,-4.665291786193848,5900019,2,2026-09-10 14:57:56,34.41806
58,100.0,17.231556,-26.889066696166992,-4.665291786193848,5900019,2,2026-09-10 14:57:56,34.46253
58,150.0,14.528198,-26.889066696166992,-4.665291786193848,5900019,2,2026-09-10 14:57:56,34.478676
58,200.0,12.246173,-26.889066696166992,-4.665291786193848,5900019,2,2026-09-10 14:57:56,34.47347
58,300.0,8.814025,-26.889066696166992,-4.665291786193848,5900019,2,2026-09-10 14:57:56,34.64246
58,400.0,6.579008,-26.889066696166992,-4.665291786193848,5900019,2,2026-09-10 14:57:56,34.629852
58,500.0,5.186457,-26.889066696166992,-4.665291786193848,5900019,2,2026-09-10 14:57:56,34.751328
58,750.0,3.1671152,-26.889066696166992,-4.665291786193848,5900019,2,2026-09-10 14:57:56,34.74228
58,1000.0,2.299195,-26.889066696166992,-4.665291786193848,5900019,2,2026-09-10 14:57:56,34.742973
58,1500.0,1.9274546,-26.889066696166992,-4.665291786193848,5900019,2,2026-09-10 14:57:56,34.844887
58,2000.0,2.0600297,-26.889066696166992,-4.665291786193848,5900019,2,2026-09-10 14:57:56,34.82745
59,0.0,25.128796,-26.960464477539062,-4.630638122558594,5900019,3,2026-09-13 14:57:56,34.379395
59,10.0,24.214828,-26.960464477539062,-4.630638122558594,5900019,3,2026-09-13 14:57:56,34.435963
59,20.0,23.37822,-26.960464477539062,-4.630638122558594,5900019,3,2026-09-13 14:57:56,34.416073
59,50.0,20.892681,-26.960464477539062,-4.630638122558594,5900019,3,2026-09-13 14:57:56,34.475357
59,100.0,17.506855,-26.960464477539062,-4.630638122558594,5900019,3,2026-09-13 14:57:56,34.453415
59,150.0,14.599406,-26.960464477539062,-4.630638122558594,5900019,3,2026-09-13 14:57:56,34.590797
59,200.0,12.521005,-26.960464477539062,-4.630638122558594,5900019,3,2026-09-13 14:57:56,34.557007
59,300.0,8.913933,-26.960464477539062,-4.630638122558594,5900019,3,2026-09-13 14:57:56,34.688534
59,400.0,6.7858586,-26.960464477539062,-4.630638122558594,5900019,3,2026-09-13 14:57:56,34.722965
59,500.0,5.1453633,-26.960464477539062,-4.630638122558594,5900019,3,2026-09-13 14:57:56,34.748676
59,750.0,3.228967,-26.960464477539062,-4.630638122558594,5900019,3,2026-09-13 14:57:56,34.872227
59,1000.0,2.585739,-26.960464477539062,-4.630638122558594,5900019,3,2026-09-13 14:57:56,34.923824
59,1500.0,1.9898654,-26.960464477539062,-4.630638122558594,5900019,3,2026-09-13 14:57:56,34.969646
59,2000.0,2.1083,-26.960464477539062,-4.630638122558594,5900019,3,2026-09-13 14:57:56,34.76335
60,0.0,26.061338,22.358949661254883,65.06503295898438,5900020,1,2026-09-07 14:57:56,35.6458
60,10.0,25.131826,22.358949661254883,65.06503295898438,5900020,1,2026-09-07 14:57:56,35.699997
60,20.0,24.021433,22.358949661254883,65.06503295898438,5900020,1,2026-09-07 14:57:56,35.658524
60,50.0,21.665813,22.358949661254883,65.06503295898438,5900020,1,2026-09-07 14:57:56,35.749588
60,100.0,17.828873,22.358949661254883,65.06503295898438,5900020,1,2026-09-07 14:57:56,35.83097
60,150.0,15.030738,22.358949661254883,65.06503295898438,5900020,1,2026-09-07 14:57:56,35.77894
60,200.0,12.703984,22.358949661254883,65.06503295898438,5900020,1,2026-09-07 14:57:56,35.89668
60,300.0,9.182683,22.358949661254883,65.06503295898438,5900020,1,2026-09-07 14:57:56,35.939716
60,400.0,6.732966,22.358949661254883,65.06503295898438,5900020,1,2026-09-07 14:57:56,35.99733
60,500.0,5.4049845,22.358949661254883,65.06503295898438,5900020,1,2026-09-07 14:57:56,35.956326
60,750.0,3.193826,22.358949661254883,65.06503295898438,5900020,1,2026-09-07 14:57:56,36.14011
60,1000.0,2.3356926,22.358949661254883,65.06503295898438,5900020,1,2026-09-07 14:57:56,36.18126
60,1500.0,1.9464161,22.358949661254883,65.06503295898438,5900020,1,2026-09-07 14:57:56,36.06981
60,2000.0,2.0343075,22.358949661254883,65.06503295898438,5900020,1,2026-09-07 14:57:56,36.194176
61,0.0,26.072697,22.66282081604004,65.04839324951172,5900020,2,2026-09-10 14:57:56,35.45381
61,10.0,25.391256,22.66282081604004,65.04839324951172,5900020,2,2026-09-10 14:57:56,35.463577
61,20.0,24.452894,22.66282081604004,65.04839324951172,5900020,2,2026-09-10 14:57:56,35.513752
61,50.0,21.826588,22.66282081604004,65.04839324951172,5900020,2,2026-09-10 14:57:56,35.650753
61,100.0,18.217192,22.66282081604004,65.04839324951172,5900020,2,2026-09-10 14:57:56,35.644928
61,150.0,15.110802,22.66282081604004,65.04839324951172,5900020,2,2026-09-10 14:57:56,35.618774
61,200.0,13.050407,22.66282081604004,65.04839324951172,5900020,2,2026-09-10 14:57:56,35.70903
61,300.0,9.515684,22.66282081604004,65.04839324951172,5900020,2,2026-09-10 14:57:56,35.838
61,400.0,6.8547134,22.66282081604004,65.04839324951172,5900020,2,2026-09-10 14:57:56,35.786438
61,500.0,5.322427,22.66282081604004,65.04839324951172,5900020,2,2026-09-10 14:57:56,35.827465
61,750.0,3.0005035,22.66282081604004,65.04839324951172,5900020,2,2026-09-10 14:57:56,35.955498
61,1000.0,2.405535,22.66282081604004,65.04839324951172,5900020,2,2026-09-10 14:57:56,35.94392
61,1500.0,2.115147,22.66282081604004,65.04839324951172,5900020,2,2026-09-10 14:57:56,36.001987
61,2000.0,1.9470547,22.66282081604004,65.04839324951172,5900020,2,2026-09-10 14:57:56,35.984035
62,0.0,25.731003,22.219507217407227,65.3492431640625,5900020,3,2026-09-13 14:57:56,35.418003
62,10.0,24.82793,22.219507217407227,65.3492431640625,5900020,3,2026-09-13 14:57:56,35.393112
62,20.0,23.842918,22.219507217407227,65.3492431640625,5900020,3,2026-09-13 14:57:56,35.474136
62,50.0,21.350521,22.219507217407227,65.3492431640625,5900020,3,2026-09-13 14:57:56,35.503242
62,100.0,17.870134,22.219507217407227,65.3492431640625,5900020,3,2026-09-13 14:57:56,35.61675
62,150.0,14.959154,22.219507217407227,65.3492431640625,5900020,3,2026-09-13 14:57:56,35.532803
62,200.0,12.691045,22.219507217407227,65.3492431640625,5900020,3,2026-09-13 14:57:56,35.525784
62,300.0,9.004524,22.219507217407227,65.3492431640625,5900020,3,2026-09-13 14:57:56,35.752724
62,400.0,6.7480073,22.219507217407227,65.3492431640625,5900020,3,2026-09-13 14:57:56,35.736618
62,500.0,5.2505846,22.219507217407227,65.3492431640625,5900020,3,2026-09-13 14:57:56,35.757874
62,750.0,3.2431955,22.219507217407227,65.3492431640625,5900020,3,2026-09-13 14:57:56,35.88132
62,1000.0,2.4308658,22.219507217407227,65.3492431640625,5900020,3,2026-09-13 14:57:56,35.782986
62,1500.0,2.137939,22.219507217407227,65.3492431640625,5900020,3,2026-09-13 14:57:56,35.87673
62,2000.0,1.772514,22.219507217407227,65.3492431640625,5900020,3,2026-09-13 14:57:56,35.917953
63,0.0,28.134277,2.1389620304107666,7.771767616271973,5900021,1,2026-09-07 14:57:56,35.001698
63,10.0,27.113098,2.1389620304107666,7.771767616271973,5900021,1,2026-09-07 14:57:56,35.086823
63,20.0,26.236206,2.1389620304107666,7.771767616271973,5900021,1,2026-09-07 14:57:56,35.123783
63,50.0,23.593426,2.1389620304107666,7.771767616271973,5900021,1,2026-09-07 14:57:56,35.112602
63,100.0,19.550562,2.1389620304107666,7.771767616271973,5900021,1,2026-09-07 14:57:56,35.190357
63,150.0,16.567059,2.1389620304107666,7.771767616271973,5900021,1,2026-09-07 14:57:56,35.220528
63,200.0,13.736382,2.1389620304107666,7.771767616271973,5900021,1,2026-09-07 14:57:56,35.238583
63,300.0,9.853585,2.1389620304107666,7.771767616271973,5900021,1,2026-09-07 14:57:56,35.28199
63,400.0,7.29479,2.1389620304107666,7.771767616271973,5900021,1,2026-09-07 14:57:56,35.384663
63,500.0,5.7779703,2.1389620304107666,7.771767616271973,5900021,1,2026-09-07 14:57:56,35.41463
63,750.0,3.2412095,2.1389620304107666,7.771767616271973,5900021,1,2026-09-07 14:57:56,35.441147
63,1000.0,2.393806,2.1389620304107666,7.771767616271973,5900021,1,2026-09-07 14:57:56,35.537823
63,1500.0,2.1717505,2.1389620304107666,7.771767616271973,5900021,1,2026-09-07 14:57:56,35.515415
63,2000.0,2.069735,2.1389620304107666,7.771767616271973,5900021,1,2026-09-07 14:57:56,35.56151
64,0.0,27.879917,2.332571029663086,7.661135196685791,5900021,2,2026-09-10 14:57:56,35.050995
64,10.0,26.9711,2.332571029663086,7.661135196685791,5900021,2,2026-09-10 14:57:56,35.094147
64,20.0,25.851173,2.332571029663086,7.661135196685791,5900021,2,2026-09-10 14:57:56,35.10012
64,50.0,23.052256,2.332571029663086,7.661135196685791,5900021,2,2026-09-10 14:57:56,35.222565
64,100.0,19.263208,2.332571029663086,7.661135196685791,5900021,2,2026-09-10 14:57:56,35.15504
64,150.0,16.173025,2.332571029663086,7.661135196685791,5900021,2,2026-09-10 14:57:56,35.213314
64,200.0,13.784921,2.332571029663086,7.661135196685791,5900021,2,2026-09-10 14:57:56,35.342155
64,300.0,9.855534,2.332571029663086,7.661135196685791,5900021,2,2026-09-10 14:57:56,35.328766
64,400.0,7.0591817,2.332571029663086,7.661135196685791,5900021,2,2026-09-10 14:57:56,35.441666
64,500.0,5.385352,2.332571029663086,7.661135196685791,5900021,2,2026-09-10 14:57:56,35.37954
64,750.0,3.299055,2.332571029663086,7.661135196685791,5900021,2,2026-09-10 14:57:56,35.449535
64,1000.0,2.559014,2.332571029663086,7.661135196685791,5900021,2,2026-09-10 14:57:56,35.56046
64,1500.0,1.966982,2.332571029663086,7.661135196685791,5900021,2,2026-09-10 14:57:56,35.57067
64,2000.0,2.0427053,2.332571029663086,7.661135196685791,5900021,2,2026-09-10 14:57:56,35.511
65,0.0,28.128342,2.143033981323242,7.897797584533691,5900021,3,2026-09-13 14:57:56,35.10908
65,10.0,27.211157,2.143033981323242,7.897797584533691,5900021,3,2026-09-13 14:57:56,35.0572
65,20.0,26.259268,2.143033981323242,7.897797584533691,5900021,3,2026-09-13 14:57:56,35.094746
65,50.0,23.381168,2.143033981323242,7.897797584533691,5900021,3,2026-09-13 14:57:56,35.22847
65,100.0,19.612303,2.143033981323242,7.897797584533691,5900021,3,2026-09-13 14:57:56,35.269623
65,150.0,16.26208,2.143033981323242,7.897797584533691,5900021,3,2026-09-13 14:57:56,35.33387
65,200.0,13.801158,2.143033981323242,7.897797584533691,5900021,3,2026-09-13 14:57:56,35.37251
65,300.0,9.850997,2.143033981323242,7.897797584533691,5900021,3,2026-09-13 14:57:56,35.418007
65,400.0,7.4882016,2.143033981323242,7.897797584533691,5900021,3,2026-09-13 14:57:56,35.458088
65,500.0,5.503375,2.143033981323242,7.897797584533691,5900021,3,2026-09-13 14:57:56,35.36655
65,750.0,3.3055482,2.143033981323242,7.897797584533691,5900021,3,2026-09-13 14:57:56,35.55819
65,1000.0,2.3910637,2.143033981323242,7.897797584533691,5900021,3,2026-09-13 14:57:56,35.555958
65,1500.0,2.2024329,2.143033981323242,7.897797584533691,5900021,3,2026-09-13 14:57:56,35.650784
65,2000.0,1.8721975,2.143033981323242,7.897797584533691,5900021,3,2026-09-13 14:57:56,35.66369
66,0.0,16.615883,-54.22172546386719,-164.45713806152344,5900022,1,2026-09-07 14:57:56,34.088863
66,10.0,16.209364,-54.22172546386719,-164.45713806152344,5900022,1,2026-09-07 14:57:56,34.030178
66,20.0,15.607815,-54.22172546386719,-164.45713806152344,5900022,1,2026-09-07 14:57:56,34.06706
66,50.0,14.160297,-54.22172546386719,-164.45713806152344,5900022,1,2026-09-07 14:57:56,34.026096
66,100.0,11.798142,-54.22172546386719,-164.45713806152344,5900022,1,2026-09-07 14:57:56,34.083256
66,150.0,10.103505,-54.22172546386719,-164.45713806152344,5900022,1,2026-09-07 14:57:56,34.136486
66,200.0,8.649881,-54.22172546386719,-164.45713806152344,5900022,1,2026-09-07 14:57:56,34.25014
66,300.0,6.4927087,-54.22172546386719,-164.45713806152344,5900022,1,2026-09-07 14:57:56,34.306046
66,400.0,4.768254,-54.22172546386719,-164.45713806152344,5900022,1,2026-09-07 14:57:56,34.432487
66,500.0,3.8700979,-54.22172546386719,-164.45713806152344,5900022,1,2026-09-07 14:57:56,34.368774
66,750.0,2.8302746,-54.22172546386719,-164.45713806152344,5900022,1,2026-09-07 14:57:56,34.406963
66,1000.0,2.4148114,-54.22172546386719,-164.45713806152344,5900022,1,2026-09-07 14:57:56,34.497463
66,1500.0,2.0329716,-54.22172546386719,-164.45713806152344,5900022,1,2026-09-07 14:57:56,34.563423
66,2000.0,2.00462,-54.22172546386719,-164.45713806152344,5900022,1,2026-09-07 14:57:56,34.408916
67,0.0,16.263378,-54.03526306152344,-164.44808959960938,5900022,2,2026-09-10 14:57:56,33.92697
67,10.0,15.686888,-54.03526306152344,-164.44808959960938,5900022,2,2026-09-10 14:57:56,34.08413
67,20.0,15.109421,-54.03526306152344,-164.44808959960938,5900022,2,2026-09-10 14:57:56,34.07712
67,50.0,13.830665,-54.03526306152344,-164.44808959960938,5900022,2,2026-09-10 14:57:56,34.127777
67,100.0,11.606303,-54.03526306152344,-164.44808959960938,5900022,2,2026-09-10 14:57:56,34.14
67,150.0,9.880028,-54.03526306152344,-164.44808959960938,5900022,2,2026-09-10 14:57:56,34.11495
67,200.0,8.43463,-54.03526306152344,-164.44808959960938,5900022,2,2026-09-10 14:57:56,34.214554
67,300.0,6.1953826,-54.03526306152344,-164.44808959960938,5900022,2,2026-09-10 14:57:56,34.308136
67,400.0,5.0166054,-54.03526306152344,-164.44808959960938,5900022,2,2026-09-10 14:57:56,34.33467
67,500.0,3.9454324,-54.03526306152344,-164.44808959960938,5900022,2,2026-09-10 14:57:56,34.391216
67,750.0,2.702859,-54.03526306152344,-164.44808959960938,5900022,2,2026-09-10 14:57:56,34.430927
67,1000.0,2.1704984,-54.03526306152344,-164.44808959960938,5900022,2,2026-09-10 14:57:56,34.46547
67,1500.0,2.0804029,-54.03526306152344,-164.44808959960938,5900022,2,2026-09-10 14:57:56,34.575665
67,2000.0,2.0535793,-54.03526306152344,-164.44808959960938,5900022,2,2026-09-10 14:57:56,34.61582
68,0.0,17.120382,-54.23505783081055,-164.47427368164062,5900022,3,2026-09-13 14:57:56,34.041805
68,10.0,16.395908,-54.23505783081055,-164.47427368164062,5900022,3,2026-09-13 14:57:56,34.1174
68,20.0,16.243431,-54.23505783081055,-164.47427368164062,5900022,3,2026-09-13 14:57:56,33.986996
68,50.0,14.427197,-54.23505783081055,-164.47427368164062,5900022,3,2026-09-13 14:57:56,34.139854
68,100.0,12.240287,-54.23505783081055,-164.47427368164062,5900022,3,2026-09-13 14:57:56,34.09898
68,150.0,10.429966,-54.23505783081055,-164.47427368164062,5900022,3,2026-09-13 14:57:56,34.224224
68,200.0,8.836367,-54.23505783081055,-164.47427368164062,5900022,3,2026-09-13 14:57:56,34.20885
68,300.0,6.61636,-54.23505783081055,-164.47427368164062,5900022,3,2026-09-13 14:57:56,34.23358
68,400.0,5.178303,-54.23505783081055,-164.47427368164062,5900022,3,2026-09-13 14:57:56,34.350742
68,500.0,4.0167656,-54.23505783081055,-164.47427368164062,5900022,3,2026-09-13 14:57:56,34.35599
68,750.0,2.7675061,-54.23505783081055,-164.47427368164062,5900022,3,2026-09-13 14:57:56,34.423805
68,1000.0,2.5273373,-54.23505783081055,-164.47427368164062,5900022,3,2026-09-13 14:57:56,34.519424
68,1500.0,2.0077615,-54.23505783081055,-164.47427368164062,5900022,3,2026-09-13 14:57:56,34.565365
68,2000.0,1.9083126,-54.23505783081055,-164.47427368164062,5900022,3,2026-09-13 14:57:56,34.54782
69,0.0,20.089865,-43.23276138305664,-99.39117431640625,5900023,1,2026-09-07 14:57:56,33.978313
69,10.0,19.50706,-43.23276138305664,-99.39117431640625,5900023,1,2026-09-07 14:57:56,33.90584
69,20.0,18.747967,-43.23276138305664,-99.39117431640625,5900023,1,2026-09-07 14:57:56,33.965443
69,50.0,16.709368,-43.23276138305664,-99.39117431640625,5900023,1,2026-09-07 14:57:56,34.02729
69,100.0,14.122667,-43.23276138305664,-99.39117431640625,5900023,1,2026-09-07 14:57:56,34.122402
69,150.0,11.83344,-43.23276138305664,-99.39117431640625,5900023,1,2026-09-07 14:57:56,34.047375
69,200.0,10.134325,-43.23276138305664,-99.39117431640625,5900023,1,2026-09-07 14:57:56,34.15646
69,300.0,7.486585,-43.23276138305664,-99.39117431640625,5900023,1,2026-09-07 14:57:56,34.21685
69,400.0,5.7707744,-43.23276138305664,-99.39117431640625,5900023,1,2026-09-07 14:57:56,34.45343
69,500.0,4.4055386,-43.23276138305664,-99.39117431640625,5900023,1,2026-09-07 14:57:56,34.387646
69,750.0,2.8818688,-43.23276138305664,-99.39117431640625,5900023,1,2026-09-07 14:57:56,34.451717
69,1000.0,2.3342857,-43.23276138305664,-99.39117431640625,5900023,1,2026-09-07 14:57:56,34.514164
69,1500.0,2.020994,-43.23276138305664,-99.39117431640625,5900023,1,2026-09-07 14:57:56,34.456425
69,2000.0,1.8911675,-43.23276138305664,-99.39117431640625,5900023,1,2026-09-07 14:57:56,34.55187
70,0.0,20.368147,-43.42513656616211,-99.36576080322266,5900023,2,2026-09-10 14:57:56,34.259514
70,10.0,19.822006,-43.42513656616211,-99.36576080322266,5900023,2,2026-09-10 14:57:56,34.231724
70,20.0,19.417337,-43.42513656616211,-99.36576080322266,5900023,2,2026-09-10 14:57:56,34.360092
70,50.0,17.32666,-43.42513656616211,-99.36576080322266,5900023,2,2026-09-10 14:57:56,34.3607
70,100.0,14.468303,-43.42513656616211,-99.36576080322266,5900023,2,2026-09-10 14:57:56,34.305935
70,150.0,12.127409,-43.42513656616211,-99.36576080322266,5900023,2,2026-09-10 14:57:56,34.296192
70,200.0,10.273079,-43.42513656616211,-99.36576080322266,5900023,2,2026-09-10 14:57:56,34.525948
70,300.0,7.7845144,-43.42513656616211,-99.36576080322266,5900023,2,2026-09-10 14:57:56,34.637558
70,400.0,5.7939787,-43.42513656616211,-99.36576080322266,5900023,2,2026-09-10 14:57:56,34.746067
70,500.0,4.4203115,-43.42513656616211,-99.36576080322266,5900023,2,2026-09-10 14:57:56,34.64912
70,750.0,3.001726,-43.42513656616211,-99.36576080322266,5900023,2,2026-09-10 14:57:56,34.735104
70,1000.0,2.2935083,-43.42513656616211,-99.36576080322266,5900023,2,2026-09-10 14:57:56,34.701805
70,1500.0,1.9702667,-43.42513656616211,-99.36576080322266,5900023,2,2026-09-10 14:57:56,34.69818
70,2000.0,1.9618516,-43.42513656616211,-99.36576080322266,5900023,2,2026-09-10 14:57:56,34.805317
71,0.0,20.529484,-43.521568298339844,-99.36275482177734,5900023,3,2026-09-13 14:57:56,34.07212
71,10.0,19.76335,-43.521568298339844,-99.36275482177734,5900023,3,2026-09-13 14:57:56,33.981216
71,20.0,19.179838,-43.521568298339844,-99.36275482177734,5900023,3,2026-09-13 14:57:56,34.01206
71,50.0,17.167877,-43.521568298339844,-99.36275482177734,5900023,3,2026-09-13 14:57:56,34.117542
71,100.0,14.277876,-43.521568298339844,-99.36275482177734,5900023,3,2026-09-13 14:57:56,34.117596
71,150.0,12.057379,-43.521568298339844,-99.36275482177734,5900023,3,2026-09-13 14:57:56,34.178185
71,200.0,10.270826,-43.521568298339844,-99.36275482177734,5900023,3,2026-09-13 14:57:56,34.206306
71,300.0,7.4306006,-43.521568298339844,-99.36275482177734,5900023,3,2026-09-13 14:57:56,34.41491
71,400.0,5.7948527,-43.521568298339844,-99.36275482177734,5900023,3,2026-09-13 14:57:56,34.281452
71,500.0,4.5084057,-43.521568298339844,-99.36275482177734,5900023,3,2026-09-13 14:57:56,34.323746
71,750.0,3.123222,-43.521568298339844,-99.36275482177734,5900023,3,2026-09-13 14:57:56,34.44653
71,1000.0,2.2877738,-43.521568298339844,-99.36275482177734,5900023,3,2026-09-13 14:57:56,34.511505
71,1500.0,1.9985588,-43.521568298339844,-99.36275482177734,5900023,3,2026-09-13 14:57:56,34.49773
71,2000.0,2.1779017,-43.521568298339844,-99.36275482177734,5900023,3,2026-09-13 14:57:56,34.44442
72,0.0,22.480383,-37.58900833129883,26.979875564575195,5900024,1,2026-09-07 14:57:56,34.36365
72,10.0,21.71457,-37.58900833129883,26.979875564575195,5900024,1,2026-09-07 14:57:56,34.40204
72,20.0,21.06978,-37.58900833129883,26.979875564575195,5900024,1,2026-09-07 14:57:56,34.388943
72,50.0,18.94574,-37.58900833129883,26.979875564575195,5900024,1,2026-09-07 14:57:56,34.335934
72,100.0,15.691453,-37.58900833129883,26.979875564575195,5900024,1,2026-09-07 14:57:56,34.472157
72,150.0,13.4290495,-37.58900833129883,26.979875564575195,5900024,1,2026-09-07 14:57:56,34.477997
72,200.0,11.335654,-37.58900833129883,26.979875564575195,5900024,1,2026-09-07 14:57:56,34.600677
72,300.0,8.400963,-37.58900833129883,26.979875564575195,5900024,1,2026-09-07 14:57:56,34.748585
72,400.0,6.2478156,-37.58900833129883,26.979875564575195,5900024,1,2026-09-07 14:57:56,34.697147
72,500.0,4.616218,-37.58900833129883,26.979875564575195,5900024,1,2026-09-07 14:57:56,34.732063
72,750.0,3.035952,-37.58900833129883,26.979875564575195,5900024,1,2026-09-07 14:57:56,34.79566
72,1000.0,2.4095485,-37.58900833129883,26.979875564575195,5900024,1,2026-09-07 14:57:56,34.825092
72,1500.0,2.0936334,-37.58900833129883,26.979875564575195,5900024,1,2026-09-07 14:57:56,34.85944
72,2000.0,2.0847116,-37.58900833129883,26.979875564575195,5900024,1,2026-09-07 14:57:56,34.872086
73,0.0,22.096428,-37.467655181884766,27.068313598632812,5900024,2,2026-09-10 14:57:56,34.264412
73,10.0,21.37514,-37.467655181884766,27.068313598632812,5900024,2,2026-09-10 14:57:56,34.189934
73,20.0,20.702986,-37.467655181884766,27.068313598632812,5900024,2,2026-09-10 14:57:56,34.249725
73,50.0,18.50792,-37.467655181884766,27.068313598632812,5900024,2,2026-09-10 14:57:56,34.201794
73,100.0,15.540199,-37.467655181884766,27.068313598632812,5900024,2,2026-09-10 14:57:56,34.279022
73,150.0,13.073822,-37.467655181884766,27.068313598632812,5900024,2,2026-09-10 14:57:56,34.359104
73,200.0,10.901659,-37.467655181884766,27.068313598632812,5900024,2,2026-09-10 14:57:56,34.368443
73,300.0,8.038048,-37.467655181884766,27.068313598632812,5900024,2,2026-09-10 14:57:56,34.40862
73,400.0,6.1347604,-37.467655181884766,27.068313598632812,5900024,2,2026-09-10 14:57:56,34.597675
73,500.0,4.785039,-37.467655181884766,27.068313598632812,5900024,2,2026-09-10 14:57:56,34.554665
73,750.0,3.0299494,-37.467655181884766,27.068313598632812,5900024,2,2026-09-10 14:57:56,34.632786
73,1000.0,2.3411791,-37.467655181884766,27.068313598632812,5900024,2,2026-09-10 14:57:56,34.577362
73,1500.0,2.1418972,-37.467655181884766,27.068313598632812,5900024,2,2026-09-10 14:57:56,34.651085
73,2000.0,1.9628187,-37.467655181884766,27.068313598632812,5900024,2,2026-09-10 14:57:56,34.649254
74,0.0,22.66002,-37.59968948364258,27.00783348083496,5900024,3,2026-09-13 14:57:56,34.22264
74,10.0,21.728891,-37.59968948364258,27.00783348083496,5900024,3,2026-09-13 14:57:56,34.264065
74,20.0,20.89479,-37.59968948364258,27.00783348083496,5900024,3,2026-09-13 14:57:56,34.285694
74,50.0,18.735723,-37.59968948364258,27.00783348083496,5900024,3,2026-09-13 14:57:56,34.34381
74,100.0,15.520912,-37.59968948364258,27.00783348083496,5900024,3,2026-09-13 14:57:56,34.38838
74,150.0,13.3253565,-37.59968948364258,27.00783348083496,5900024,3,2026-09-13 14:57:56,34.44242
74,200.0,11.004124,-37.59968948364258,27.00783348083496,5900024,3,2026-09-13 14:57:56,34.46153
74,300.0,8.220637,-37.59968948364258,27.00783348083496,5900024,3,2026-09-13 14:57:56,34.44146
74,400.0,6.138222,-37.59968948364258,27.00783348083496,5900024,3,2026-09-13 14:57:56,34.55036
74,500.0,4.77249,-37.59968948364258,27.00783348083496,5900024,3,2026-09-13 14:57:56,34.64296
74,750.0,3.0957148,-37.59968948364258,27.00783348083496,5900024,3,2026-09-13 14:57:56,34.561104
74,1000.0,2.4480464,-37.59968948364258,27.00783348083496,5900024,3,2026-09-13 14:57:56,34.674892
74,1500.0,1.9933829,-37.59968948364258,27.00783348083496,5900024,3,2026-09-13 14:57:56,34.67186
74,2000.0,2.126877,-37.59968948364258,27.00783348083496,5900024,3,2026-09-13 14:57:56,34.807533
75,0.0,14.894251,59.38755416870117,-136.68280029296875,5900025,1,2026-09-07 14:57:56,36.018547
75,10.0,14.224878,59.38755416870117,-136.68280029296875,5900025,1,2026-09-07 14:57:56,36.036983
75,20.0,13.750725,59.38755416870117,-136.68280029296875,5900025,1,2026-09-07 14:57:56,35.98208
75,50.0,12.382722,59.38755416870117,-136.68280029296875,5900025,1,2026-09-07 14:57:56,36.10545
75,100.0,10.692395,59.38755416870117,-136.68280029296875,5900025,1,2026-09-07 14:57:56,36.127155
75,150.0,9.06595,59.38755416870117,-136.68280029296875,5900025,1,2026-09-07 14:57:56,36.14393
75,200.0,7.732123,59.38755416870117,-136.68280029296875,5900025,1,2026-09-07 14:57:56,36.234024
75,300.0,5.8672705,59.38755416870117,-136.68280029296875,5900025,1,2026-09-07 14:57:56,36.32428
75,400.0,4.6408615,59.38755416870117,-136.68280029296875,5900025,1,2026-09-07 14:57:56,36.374973
75,500.0,3.7638202,59.38755416870117,-136.68280029296875,5900025,1,2026-09-07 14:57:56,36.432537
75,750.0,2.9545572,59.38755416870117,-136.68280029296875,5900025,1,2026-09-07 14:57:56,36.359818
75,1000.0,2.317848,59.38755416870117,-136.68280029296875,5900025,1,2026-09-07 14:57:56,36.471447
75,1500.0,2.12433,59.38755416870117,-136.68280029296875,5900025,1,2026-09-07 14:57:56,36.50535
75,2000.0,1.9806403,59.38755416870117,-136.68280029296875,5900025,1,2026-09-07 14:57:56,36.513374
76,0.0,14.449853,59.40336608886719,-136.84292602539062,5900025,2,2026-09-10 14:57:56,36.033703
76,10.0,13.647008,59.40336608886719,-136.84292602539062,5900025,2,2026-09-10 14:57:56,35.991547
76,20.0,13.262085,59.40336608886719,-136.84292602539062,5900025,2,2026-09-10 14:57:56,36.016247
76,50.0,12.133939,59.40336608886719,-136.84292602539062,5900025,2,2026-09-10 14:57:56,36.09724
76,100.0,10.040576,59.40336608886719,-136.84292602539062,5900025,2,2026-09-10 14:57:56,36.066715
76,150.0,8.89908,59.40336608886719,-136.84292602539062,5900025,2,2026-09-10 14:57:56,36.22357
76,200.0,7.5677257,59.40336608886719,-136.84292602539062,5900025,2,2026-09-10 14:57:56,36.207504
76,300.0,5.6758,59.40336608886719,-136.84292602539062,5900025,2,2026-09-10 14:57:56,36.25449
76,400.0,4.6052055,59.40336608886719,-136.84292602539062,5900025,2,2026-09-10 14:57:56,36.248898
76,500.0,3.6683006,59.40336608886719,-136.84292602539062,5900025,2,2026-09-10 14:57:56,36.367065
76,750.0,2.4561937,59.40336608886719,-136.84292602539062,5900025,2,2026-09-10 14:57:56,36.44393
76,1000.0,2.165059,59.40336608886719,-136.84292602539062,5900025,2,2026-09-10 14:57:56,36.425377
76,1500.0,1.9316368,59.40336608886719,-136.84292602539062,5900025,2,2026-09-10 14:57:56,36.536106
76,2000.0,2.057974,59.40336608886719,-136.84292602539062,5900025,2,2026-09-10 14:57:56,36.496086
77,0.0,13.499607,59.3789176940918,-136.54867553710938,5900025,3,2026-09-13 14:57:56,36.014088
77,10.0,12.869464,59.3789176940918,-136.54867553710938,5900025,3,2026-09-13 14:57:56,35.94687
77,20.0,12.571673,59.3789176940918,-136.54867553710938,5900025,3,2026-09-13 14:57:56,35.966133
77,50.0,11.602571,59.3789176940918,-136.54867553710938,5900025,3,2026-09-13 14:57:56,35.936947
77,100.0,9.679826,59.3789176940918,-136.54867553710938,5900025,3,2026-09-13 14:57:56,36.0226
77,150.0,8.32315,59.3789176940918,-136.54867553710938,5900025,3,2026-09-13 14:57:56,36.19512
77,200.0,7.1563983,59.3789176940918,-136.54867553710938,5900025,3,2026-09-13 14:57:56,36.14965
77,300.0,5.4573317,59.3789176940918,-136.54867553710938,5900025,3,2026-09-13 14:57:56,36.19764
77,400.0,4.177148,59.3789176940918,-136.54867553710938,5900025,3,2026-09-13 14:57:56,36.185505
77,500.0,3.5293763,59.3789176940918,-136.54867553710938,5900025,3,2026-09-13 14:57:56,36.31461
77,750.0,2.7171092,59.3789176940918,-136.54867553710938,5900025,3,2026-09-13 14:57:56,36.353424
77,1000.0,2.2335768,59.3789176940918,-136.54867553710938,5900025,3,2026-09-13 14:57:56,36.3477
77,1500.0,2.1260102,59.3789176940918,-136.54867553710938,5900025,3,2026-09-13 14:57:56,36.38689
77,2000.0,2.0638092,59.3789176940918,-136.54867553710938,5900025,3,2026-09-13 14:57:56,36.45894
78,0.0,28.44719,2.5383691787719727,-0.07159839570522308,5900026,1,2026-09-07 14:57:56,34.973927
78,10.0,27.239616,2.5383691787719727,-0.07159839570522308,5900026,1,2026-09-07 14:57:56,35.04404
78,20.0,26.235125,2.5383691787719727,-0.07159839570522308,5900026,1,2026-09-07 14:57:56,35.06225
78,50.0,23.654991,2.5383691787719727,-0.07159839570522308,5900026,1,2026-09-07 14:57:56,35.17099
78,100.0,19.74032,2.5383691787719727,-0.07159839570522308,5900026,1,2026-09-07 14:57:56,35.20269
78,150.0,16.468239,2.5383691787719727,-0.07159839570522308,5900026,1,2026-09-07 14:57:56,35.209694
78,200.0,13.774449,2.5383691787719727,-0.07159839570522308,5900026,1,2026-09-07 14:57:56,35.213203
78,300.0,9.839474,2.5383691787719727,-0.07159839570522308,5900026,1,2026-09-07 14:57:56,35.32339
78,400.0,7.2396383,2.5383691787719727,-0.07159839570522308,5900026,1,2026-09-07 14:57:56,35.366314
78,500.0,5.4257445,2.5383691787719727,-0.07159839570522308,5900026,1,2026-09-07 14:57:56,35.392414
78,750.0,3.4200616,2.5383691787719727,-0.07159839570522308,5900026,1,2026-09-07 14:57:56,35.349285
78,1000.0,2.5613177,2.5383691787719727,-0.07159839570522308,5900026,1,2026-09-07 14:57:56,35.554295
78,1500.0,2.0648594,2.5383691787719727,-0.07159839570522308,5900026,1,2026-09-07 14:57:56,35.56596
78,2000.0,2.0993843,2.5383691787719727,-0.07159839570522308,5900026,1,2026-09-07 14:57:56,35.645767
79,0.0,28.115843,2.37589168548584,-0.12327411025762558,5900026,2,2026-09-10 14:57:56,35.162224
79,10.0,27.026436,2.37589168548584,-0.12327411025762558,5900026,2,2026-09-10 14:57:56,35.050987
79,20.0,25.970043,2.37589168548584,-0.12327411025762558,5900026,2,2026-09-10 14:57:56,35.06181
79,50.0,23.113342,2.37589168548584,-0.12327411025762558,5900026,2,2026-09-10 14:57:56,35.174915
79,100.0,19.472176,2.37589168548584,-0.12327411025762558,5900026,2,2026-09-10 14:57:56,35.224285
79,150.0,16.323238,2.37589168548584,-0.12327411025762558,5900026,2,2026-09-10 14:57:56,35.232746
79,200.0,13.623752,2.37589168548584,-0.12327411025762558,5900026,2,2026-09-10 14:57:56,35.1739
79,300.0,9.724536,2.37589168548584,-0.12327411025762558,5900026,2,2026-09-10 14:57:56,35.30402
79,400.0,7.2161803,2.37589168548584,-0.12327411025762558,5900026,2,2026-09-10 14:57:56,35.474434
79,500.0,5.617483,2.37589168548584,-0.12327411025762558,5900026,2,2026-09-10 14:57:56,35.45142
79,750.0,3.1837716,2.37589168548584,-0.12327411025762558,5900026,2,2026-09-10 14:57:56,35.383686
79,1000.0,2.5652914,2.37589168548584,-0.12327411025762558,5900026,2,2026-09-10 14:57:56,35.4338
79,1500.0,2.1235163,2.37589168548584,-0.12327411025762558,5900026,2,2026-09-10 14:57:56,35.563053
79,2000.0,2.2034984,2.37589168548584,-0.12327411025762558,5900026,2,2026-09-10 14:57:56,35.612495
80,0.0,27.575413,2.490037202835083,-0.056246303021907806,5900026,3,2026-09-13 14:57:56,35.04288
80,10.0,26.560354,2.490037202835083,-0.056246303021907806,5900026,3,2026-09-13 14:57:56,35.08905
80,20.0,25.690565,2.490037202835083,-0.056246303021907806,5900026,3,2026-09-13 14:57:56,35.042362
80,50.0,23.0862,2.490037202835083,-0.056246303021907806,5900026,3,2026-09-13 14:57:56,35.15656
80,100.0,19.048674,2.490037202835083,-0.056246303021907806,5900026,3,2026-09-13 14:57:56,35.173927
80,150.0,16.246851,2.490037202835083,-0.056246303021907806,5900026,3,2026-09-13 14:57:56,35.209915
80,200.0,13.500251,2.490037202835083,-0.056246303021907806,5900026,3,2026-09-13 14:57:56,35.215443
80,300.0,9.736244,2.490037202835083,-0.056246303021907806,5900026,3,2026-09-13 14:57:56,35.29716
80,400.0,7.1457224,2.490037202835083,-0.056246303021907806,5900026,3,2026-09-13 14:57:56,35.357037
80,500.0,5.339053,2.490037202835083,-0.056246303021907806,5900026,3,2026-09-13 14:57:56,35.423237
80,750.0,3.2621922,2.490037202835083,-0.056246303021907806,5900026,3,2026-09-13 14:57:56,35.494625
80,1000.0,2.644659,2.490037202835083,-0.056246303021907806,5900026,3,2026-09-13 14:57:56,35.532234
80,1500.0,2.0633128,2.490037202835083,-0.056246303021907806,5900026,3,2026-09-13 14:57:56,35.535564
80,2000.0,1.9527347,2.490037202835083,-0.056246303021907806,5900026,3,2026-09-13 14:57:56,35.58267
81,0.0,27.851482,9.382606506347656,-130.3783416748047,5900027,1,2026-09-07 14:57:56,35.157246
81,10.0,26.863506,9.382606506347656,-130.3783416748047,5900027,1,2026-09-07 14:57:56,35.20613
81,20.0,25.922039,9.382606506347656,-130.3783416748047,5900027,1,2026-09-07 14:57:56,35.259933
81,50.0,23.09375,9.382606506347656,-130.3783416748047,5900027,1,2026-09-07 14:57:56,35.09195
81,100.0,19.327354,9.382606506347656,-130.3783416748047,5900027,1,2026-09-07 14:57:56,35.30567
81,150.0,16.219997,9.382606506347656,-130.3783416748047,5900027,1,2026-09-07 14:57:56,35.282475
81,200.0,13.676016,9.382606506347656,-130.3783416748047,5900027,1,2026-09-07 14:57:56,35.34121
81,300.0,9.672349,9.382606506347656,-130.3783416748047,5900027,1,2026-09-07 14:57:56,35.494957
81,400.0,7.375223,9.382606506347656,-130.3783416748047,5900027,1,2026-09-07 14:57:56,35.46002
81,500.0,5.295092,9.382606506347656,-130.3783416748047,5900027,1,2026-09-07 14:57:56,35.533573
81,750.0,3.2700696,9.382606506347656,-130.3783416748047,5900027,1,2026-09-07 14:57:56,35.619694
81,1000.0,2.4301558,9.382606506347656,-130.3783416748047,5900027,1,2026-09-07 14:57:56,35.62904
81,1500.0,2.013293,9.382606506347656,-130.3783416748047,5900027,1,2026-09-07 14:57:56,35.69862
81,2000.0,1.9762198,9.382606506347656,-130.3783416748047,5900027,1,2026-09-07 14:57:56,35.674007
82,0.0,27.696533,9.440143585205078,-130.18157958984375,5900027,2,2026-09-10 14:57:56,35.255116
82,10.0,26.620237,9.440143585205078,-130.18157958984375,5900027,2,2026-09-10 14:57:56,35.289948
82,20.0,25.859789,9.440143585205078,-130.18157958984375,5900027,2,2026-09-10 14:57:56,35.27676
82,50.0,23.21083,9.440143585205078,-130.18157958984375,5900027,2,2026-09-10 14:57:56,35.26282
82,100.0,19.40117,9.440143585205078,-130.18157958984375,5900027,2,2026-09-10 14:57:56,35.20162
82,150.0,16.109282,9.440143585205078,-130.18157958984375,5900027,2,2026-09-10 14:57:56,35.317905
82,200.0,13.68295,9.440143585205078,-130.18157958984375,5900027,2,2026-09-10 14:57:56,35.38863
82,300.0,9.628462,9.440143585205078,-130.18157958984375,5900027,2,2026-09-10 14:57:56,35.509483
82,400.0,7.1460667,9.440143585205078,-130.18157958984375,5900027,2,2026-09-10 14:57:56,35.469353
82,500.0,5.4391804,9.440143585205078,-130.18157958984375,5900027,2,2026-09-10 14:57:56,35.52992
82,750.0,3.152228,9.440143585205078,-130.18157958984375,5900027,2,2026-09-10 14:57:56,35.657265
82,1000.0,2.6192896,9.440143585205078,-130.18157958984375,5900027,2,2026-09-10 14:57:56,35.57462
82,1500.0,2.0724232,9.440143585205078,-130.18157958984375,5900027,2,2026-09-10 14:57:56,35.653313
82,2000.0,2.1591947,9.440143585205078,-130.18157958984375,5900027,2,2026-09-10 14:57:56,35.69958
83,0.0,27.857294,9.563016891479492,-130.29855346679688,5900027,3,2026-09-13 14:57:56,35.126965
83,10.0,27.090006,9.563016891479492,-130.29855346679688,5900027,3,2026-09-13 14:57:56,35.056458
83,20.0,26.103039,9.563016891479492,-130.29855346679688,5900027,3,2026-09-13 14:57:56,35.194836
83,50.0,23.147055,9.563016891479492,-130.29855346679688,5900027,3,2026-09-13 14:57:56,35.19674
83,100.0,19.38972,9.563016891479492,-130.29855346679688,5900027,3,2026-09-13 14:57:56,35.196503
83,150.0,16.231144,9.563016891479492,-130.29855346679688,5900027,3,2026-09-13 14:57:56,35.17874
83,200.0,13.599461,9.563016891479492,-130.29855346679688,5900027,3,2026-09-13 14:57:56,35.339077
83,300.0,9.981622,9.563016891479492,-130.29855346679688,5900027,3,2026-09-13 14:57:56,35.331432
83,400.0,7.053711,9.563016891479492,-130.29855346679688,5900027,3,2026-09-13 14:57:56,35.424213
83,500.0,5.6056347,9.563016891479492,-130.29855346679688,5900027,3,2026-09-13 14:57:56,35.438065
83,750.0,3.4402924,9.563016891479492,-130.29855346679688,5900027,3,2026-09-13 14:57:56,35.535152
83,1000.0,2.463499,9.563016891479492,-130.29855346679688,5900027,3,2026-09-13 14:57:56,35.529533
83,1500.0,2.1379154,9.563016891479492,-130.29855346679688,5900027,3,2026-09-13 14:57:56,35.479496
83,2000.0,1.8979752,9.563016891479492,-130.29855346679688,5900027,3,2026-09-13 14:57:56,35.588604
84,0.0,24.401323,28.305898666381836,-160.94618225097656,5900028,1,2026-09-07 14:57:56,35.46957
84,10.0,23.63039,28.305898666381836,-160.94618225097656,5900028,1,2026-09-07 14:57:56,35.330524
84,20.0,22.565577,28.305898666381836,-160.94618225097656,5900028,1,2026-09-07 14:57:56,35.61209
84,50.0,20.538408,28.305898666381836,-160.94618225097656,5900028,1,2026-09-07 14:57:56,35.444843
84,100.0,16.979984,28.305898666381836,-160.94618225097656,5900028,1,2026-09-07 14:57:56,35.57385
84,150.0,14.285241,28.305898666381836,-160.94618225097656,5900028,1,2026-09-07 14:57:56,35.593803
84,200.0,12.255324,28.305898666381836,-160.94618225097656,5900028,1,2026-09-07 14:57:56,35.702602
84,300.0,8.722068,28.305898666381836,-160.94618225097656,5900028,1,2026-09-07 14:57:56,35.69421
84,400.0,6.4978533,28.305898666381836,-160.94618225097656,5900028,1,2026-09-07 14:57:56,35.75749
84,500.0,4.9146633,28.305898666381836,-160.94618225097656,5900028,1,2026-09-07 14:57:56,35.823166
84,750.0,3.0015578,28.305898666381836,-160.94618225097656,5900028,1,2026-09-07 14:57:56,35.939735
84,1000.0,2.6017869,28.305898666381836,-160.94618225097656,5900028,1,2026-09-07 14:57:56,35.91511
84,1500.0,2.1101408,28.305898666381836,-160.94618225097656,5900028,1,2026-09-07 14:57:56,35.935097
84,2000.0,2.071105,28.305898666381836,-160.94618225097656,5900028,1,2026-09-07 14:57:56,35.88027
85,0.0,24.497435,28.005517959594727,-161.133056640625,5900028,2,2026-09-10 14:57:56,35.662865
85,10.0,23.80371,28.005517959594727,-161.133056640625,5900028,2,2026-09-10 14:57:56,35.57259
85,20.0,22.972656,28.005517959594727,-161.133056640625,5900028,2,2026-09-10 14:57:56,35.636723
85,50.0,20.472645,28.005517959594727,-161.133056640625,5900028,2,2026-09-10 14:57:56,35.756184
85,100.0,17.252705,28.005517959594727,-161.133056640625,5900028,2,2026-09-10 14:57:56,35.701275
85,150.0,14.340771,28.005517959594727,-161.133056640625,5900028,2,2026-09-10 14:57:56,35.82339
85,200.0,11.920772,28.005517959594727,-161.133056640625,5900028,2,2026-09-10 14:57:56,35.871048
85,300.0,8.9439,28.005517959594727,-161.133056640625,5900028,2,2026-09-10 14:57:56,35.85355
85,400.0,6.4781613,28.005517959594727,-161.133056640625,5900028,2,2026-09-10 14:57:56,35.946613
85,500.0,5.2089705,28.005517959594727,-161.133056640625,5900028,2,2026-09-10 14:57:56,36.03818
85,750.0,3.0344977,28.005517959594727,-161.133056640625,5900028,2,2026-09-10 14:57:56,36.04659
85,1000.0,2.1887467,28.005517959594727,-161.133056640625,5900028,2,2026-09-10 14:57:56,36.136715
85,1500.0,2.0762234,28.005517959594727,-161.133056640625,5900028,2,2026-09-10 14:57:56,36.1811
85,2000.0,1.819464,28.005517959594727,-161.133056640625,5900028,2,2026-09-10 14:57:56,36.171867
86,0.0,24.353241,28.266084671020508,-160.8717041015625,5900028,3,2026-09-13 14:57:56,35.571045
86,10.0,23.533823,28.266084671020508,-160.8717041015625,5900028,3,2026-09-13 14:57:56,35.58658
86,20.0,22.677483,28.266084671020508,-160.8717041015625,5900028,3,2026-09-13 14:57:56,35.608818
86,50.0,20.45146,28.266084671020508,-160.8717041015625,5900028,3,2026-09-13 14:57:56,35.584026
86,100.0,17.013237,28.266084671020508,-160.8717041015625,5900028,3,2026-09-13 14:57:56,35.640263
86,150.0,14.411883,28.266084671020508,-160.8717041015625,5900028,3,2026-09-13 14:57:56,35.797047
86,200.0,11.813507,28.266084671020508,-160.8717041015625,5900028,3,2026-09-13 14:57:56,35.793976
86,300.0,8.927971,28.266084671020508,-160.8717041015625,5900028,3,2026-09-13 14:57:56,35.812614
86,400.0,6.4714704,28.266084671020508,-160.8717041015625,5900028,3,2026-09-13 14:57:56,35.902042
86,500.0,4.833217,28.266084671020508,-160.8717041015625,5900028,3,2026-09-13 14:57:56,35.986965
86,750.0,3.1789286,28.266084671020508,-160.8717041015625,5900028,3,2026-09-13 14:57:56,35.97443
86,1000.0,2.49198,28.266084671020508,-160.8717041015625,5900028,3,2026-09-13 14:57:56,36.033077
86,1500.0,2.1150675,28.266084671020508,-160.8717041015625,5900028,3,2026-09-13 14:57:56,36.11137
86,2000.0,2.2037094,28.266084671020508,-160.8717041015625,5900028,3,2026-09-13 14:57:56,36.128326
87,0.0,28.244616,4.790313243865967,-115.9305648803711,5900029,1,2026-09-07 14:57:56,35.07517
87,10.0,27.38423,4.790313243865967,-115.9305648803711,5900029,1,2026-09-07 14:57:56,35.053524
87,20.0,26.282463,4.790313243865967,-115.9305648803711,5900029,1,2026-09-07 14:57:56,35.033417
87,50.0,23.513132,4.790313243865967,-115.9305648803711,5900029,1,2026-09-07 14:57:56,35.077305
87,100.0,19.617285,4.790313243865967,-115.9305648803711,5900029,1,2026-09-07 14:57:56,35.205544
87,150.0,16.403315,4.790313243865967,-115.9305648803711,5900029,1,2026-09-07 14:57:56,35.16468
87,200.0,13.820988,4.790313243865967,-115.9305648803711,5900029,1,2026-09-07 14:57:56,35.217125
87,300.0,10.024193,4.790313243865967,-115.9305648803711,5900029,1,2026-09-07 14:57:56,35.214504
87,400.0,7.164111,4.790313243865967,-115.9305648803711,5900029,1,2026-09-07 14:57:56,35.351772
87,500.0,5.539295,4.790313243865967,-115.9305648803711,5900029,1,2026-09-07 14:57:56,35.355278
87,750.0,3.3283362,4.790313243865967,-115.9305648803711,5900029,1,2026-09-07 14:57:56,35.361374
87,1000.0,2.5303895,4.790313243865967,-115.9305648803711,5900029,1,2026-09-07 14:57:56,35.574318
87,1500.0,2.0831752,4.790313243865967,-115.9305648803711,5900029,1,2026-09-07 14:57:56,35.477768
87,2000.0,1.9620411,4.790313243865967,-115.9305648803711,5900029,1,2026-09-07 14:57:56,35.535877
88,0.0,28.032206,4.947737216949463,-115.64627075195312,5900029,2,2026-09-10 14:57:56,34.990295
88,10.0,26.922335,4.947737216949463,-115.64627075195312,5900029,2,2026-09-10 14:57:56,34.98855
88,20.0,26.043343,4.947737216949463,-115.64627075195312,5900029,2,2026-09-10 14:57:56,34.925392
88,50.0,23.593044,4.947737216949463,-115.64627075195312,5900029,2,2026-09-10 14:57:56,35.043114
88,100.0,19.25265,4.947737216949463,-115.64627075195312,5900029,2,2026-09-10 14:57:56,35.04202
88,150.0,16.104698,4.947737216949463,-115.64627075195312,5900029,2,2026-09-10 14:57:56,35.06967
88,200.0,13.636502,4.947737216949463,-115.64627075195312,5900029,2,2026-09-10 14:57:56,35.170937
88,300.0,9.824026,4.947737216949463,-115.64627075195312,5900029,2,2026-09-10 14:57:56,35.22552
88,400.0,7.273698,4.947737216949463,-115.64627075195312,5900029,2,2026-09-10 14:57:56,35.34399
88,500.0,5.403548,4.947737216949463,-115.64627075195312,5900029,2,2026-09-10 14:57:56,35.32916
88,750.0,3.3662975,4.947737216949463,-115.64627075195312,5900029,2,2026-09-10 14:57:56,35.5546
88,1000.0,2.4721713,4.947737216949463,-115.64627075195312,5900029,2,2026-09-10 14:57:56,35.57282
88,1500.0,1.9198099,4.947737216949463,-115.64627075195312,5900029,2,2026-09-10 14:57:56,35.423515
88,2000.0,2.0529368,4.947737216949463,-115.64627075195312,5900029,2,2026-09-10 14:57:56,35.421017
89,0.0,28.142773,5.102208614349365,-115.85955810546875,5900029,3,2026-09-13 14:57:56,34.910027
89,10.0,27.109823,5.102208614349365,-115.85955810546875,5900029,3,2026-09-13 14:57:56,35.013996
89,20.0,26.0515,5.102208614349365,-115.85955810546875,5900029,3,2026-09-13 14:57:56,34.953606
89,50.0,23.403627,5.102208614349365,-115.85955810546875,5900029,3,2026-09-13 14:57:56,34.969524
89,100.0,19.373924,5.102208614349365,-115.85955810546875,5900029,3,2026-09-13 14:57:56,35.09071
89,150.0,16.275877,5.102208614349365,-115.85955810546875,5900029,3,2026-09-13 14:57:56,35.09607
89,200.0,13.639197,5.102208614349365,-115.85955810546875,5900029,3,2026-09-13 14:57:56,35.110237
89,300.0,9.936713,5.102208614349365,-115.85955810546875,5900029,3,2026-09-13 14:57:56,35.23335
89,400.0,7.145753,5.102208614349365,-115.85955810546875,5900029,3,2026-09-13 14:57:56,35.301605
89,500.0,5.3852825,5.102208614349365,-115.85955810546875,5900029,3,2026-09-13 14:57:56,35.35523
89,750.0,3.2384996,5.102208614349365,-115.85955810546875,5900029,3,2026-09-13 14:57:56,35.386177
89,1000.0,2.6508377,5.102208614349365,-115.85955810546875,5900029,3,2026-09-13 14:57:56,35.461384
89,1500.0,2.0066385,5.102208614349365,-115.85955810546875,5900029,3,2026-09-13 14:57:56,35.413857
89,2000.0,1.9762768,5.102208614349365,-115.85955810546875,5900029,3,2026-09-13 14:57:56,35.47455
