timestamp,latitude,longitude,sea_surface_temperature,sea_surface_height
2026-09-10 00:00:00,-80.0,-180.0,3.619822,-0.8530605
2026-09-10 00:00:00,-80.0,-178.0,4.0705643,-0.8351255
2026-09-10 00:00:00,-80.0,-176.0,4.1656146,-0.8370508
2026-09-10 00:00:00,-80.0,-174.0,3.885011,-0.8545805
2026-09-10 00:00:00,-80.0,-172.0,3.5624774,-0.8770262
2026-09-10 00:00:00,-80.0,-170.0,4.3315063,-0.81829816
2026-09-10 00:00:00,-80.0,-168.0,3.7049658,-0.809809
2026-09-10 00:00:00,-80.0,-166.0,3.549625,-0.8001165
2026-09-10 00:00:00,-80.0,-164.0,3.999388,-0.7789747
2026-09-10 00:00:00,-80.0,-162.0,3.422107,-0.7556317
2026-09-10 00:00:00,-80.0,-160.0,3.598552,-0.78170663
2026-09-10 00:00:00,-80.0,-158.0,3.931735,-0.7977753
2026-09-10 00:00:00,-80.0,-156.0,3.860399,-0.768367
2026-09-10 00:00:00,-80.0,-154.0,3.6030893,-0.747529
2026-09-10 00:00:00,-80.0,-152.0,3.5503273,-0.7122446
2026-09-10 00:00:00,-80.0,-150.0,3.9998837,-0.7046755
2026-09-10 00:00:00,-80.0,-148.0,3.895588,-0.6867497
2026-09-10 00:00:00,-80.0,-146.0,4.245599,-0.67657304
2026-09-10 00:00:00,-80.0,-144.0,3.8660893,-0.5859683
2026-09-10 00:00:00,-80.0,-142.0,3.7723322,-0.70034873
2026-09-10 00:00:00,-80.0,-140.0,3.8401535,-0.64220494
2026-09-10 00:00:00,-80.0,-138.0,3.7088375,-0.5853674
2026-09-10 00:00:00,-80.0,-136.0,3.9153996,-0.62659883
2026-09-10 00:00:00,-80.0,-134.0,3.1892834,-0.5928322
2026-09-10 00:00:00,-80.0,-132.0,4.1023054,-0.55216485
2026-09-10 00:00:00,-80.0,-130.0,3.5214725,-0.53373086
2026-09-10 00:00:00,-80.0,-128.0,3.4562492,-0.51108015
2026-09-10 00:00:00,-80.0,-126.0,3.8381896,-0.5511138
2026-09-10 00:00:00,-80.0,-124.0,3.795525,-0.5409835
2026-09-10 00:00:00,-80.0,-122.0,3.6437483,-0.46074128
2026-09-10 00:00:00,-80.0,-120.0,3.534726,-0.50919086
2026-09-10 00:00:00,-80.0,-118.0,3.688174,-0.48595747
2026-09-10 00:00:00,-80.0,-116.0,4.1031847,-0.5012469
2026-09-10 00:00:00,-80.0,-114.0,3.5747325,-0.42903227
2026-09-10 00:00:00,-80.0,-112.0,4.070153,-0.51251507
2026-09-10 00:00:00,-80.0,-110.0,3.9676263,-0.5034245
2026-09-10 00:00:00,-80.0,-108.0,4.0267115,-0.4730892
2026-09-10 00:00:00,-80.0,-106.0,3.6899114,-0.44826078
2026-09-10 00:00:00,-80.0,-104.0,3.7108166,-0.48876613
2026-09-10 00:00:00,-80.0,-102.0,3.8912985,-0.443352
2026-09-10 00:00:00,-80.0,-100.0,3.5943167,-0.44555673
2026-09-10 00:00:00,-80.0,-98.0,3.990382,-0.5077693
2026-09-10 00:00:00,-80.0,-96.0,3.686576,-0.4602556
2026-09-10 00:00:00,-80.0,-94.0,3.9938195,-0.4385004
2026-09-10 00:00:00,-80.0,-92.0,3.495679,-0.49333116
2026-09-10 00:00:00,-80.0,-90.0,4.0723596,-0.4676294
2026-09-10 00:00:00,-80.0,-88.0,3.9513612,-0.4565811
2026-09-10 00:00:00,-80.0,-86.0,3.707629,-0.5185563
2026-09-10 00:00:00,-80.0,-84.0,3.7506707,-0.45188662
2026-09-10 00:00:00,-80.0,-82.0,3.86133,-0.43938246
2026-09-10 00:00:00,-80.0,-80.0,3.8904274,-0.4555534
2026-09-10 00:00:00,-80.0,-78.0,4.026146,-0.49043357
2026-09-10 00:00:00,-80.0,-76.0,3.836978,-0.45955414
2026-09-10 00:00:00,-80.0,-74.0,4.1769648,-0.48705795
2026-09-10 00:00:00,-80.0,-72.0,3.6950908,-0.478498
2026-09-10 00:00:00,-80.0,-70.0,4.357597,-0.5061291
2026-09-10 00:00:00,-80.0,-68.0,3.7208056,-0.50507015
2026-09-10 00:00:00,-80.0,-66.0,3.48019,-0.5015477
2026-09-10 00:00:00,-80.0,-64.0,4.0752573,-0.5297773
2026-09-10 00:00:00,-80.0,-62.0,4.0713162,-0.4471289
2026-09-10 00:00:00,-80.0,-60.0,4.0550523,-0.42191094
2026-09-10 00:00:00,-80.0,-58.0,4.1136103,-0.4851288
2026-09-10 00:00:00,-80.0,-56.0,3.6460798,-0.439963
2026-09-10 00:00:00,-80.0,-54.0,3.722109,-0.42555928
2026-09-10 00:00:00,-80.0,-52.0,3.9393935,-0.4203557
2026-09-10 00:00:00,-80.0,-50.0,3.9077852,-0.39416927
2026-09-10 00:00:00,-80.0,-48.0,3.8203862,-0.41483247
2026-09-10 00:00:00,-80.0,-46.0,4.1199427,-0.3580771
2026-09-10 00:00:00,-80.0,-44.0,3.8314495,-0.31383878
2026-09-10 00:00:00,-80.0,-42.0,3.7256646,-0.33779386
2026-09-10 00:00:00,-80.0,-40.0,3.7385592,-0.30781636
2026-09-10 00:00:00,-80.0,-38.0,3.789382,-0.24961025
2026-09-10 00:00:00,-80.0,-36.0,4.084696,-0.25204498
2026-09-10 00:00:00,-80.0,-34.0,3.6329029,-0.25097463
2026-09-10 00:00:00,-80.0,-32.0,4.316447,-0.24903591
2026-09-10 00:00:00,-80.0,-30.0,3.8232777,-0.20952187
2026-09-10 00:00:00,-80.0,-28.0,3.8254921,-0.24797846
2026-09-10 00:00:00,-80.0,-26.0,4.5576324,-0.281167
2026-09-10 00:00:00,-80.0,-24.0,3.6329486,-0.18815921
2026-09-10 00:00:00,-80.0,-22.0,3.8057666,-0.2120542
2026-09-10 00:00:00,-80.0,-20.0,3.857228,-0.1632012
2026-09-10 00:00:00,-80.0,-18.0,3.8559253,-0.19675758
2026-09-10 00:00:00,-80.0,-16.0,3.4645345,-0.15861881
2026-09-10 00:00:00,-80.0,-14.0,3.8824048,-0.12882838
2026-09-10 00:00:00,-80.0,-12.0,3.5634634,-0.092696816
2026-09-10 00:00:00,-80.0,-10.0,3.433089,-0.12639803
2026-09-10 00:00:00,-80.0,-8.0,3.3203871,-0.08011389
2026-09-10 00:00:00,-80.0,-6.0,4.166969,-0.085105605
2026-09-10 00:00:00,-80.0,-4.0,3.9338253,-0.098472245
2026-09-10 00:00:00,-80.0,-2.0,3.8309817,-0.11187982
2026-09-10 00:00:00,-80.0,0.0,3.84384,-0.04095151
2026-09-10 00:00:00,-80.0,2.0,3.849926,-0.09707443
2026-09-10 00:00:00,-80.0,4.0,3.8792388,-0.10855961
2026-09-10 00:00:00,-80.0,6.0,4.112005,-0.115047425
2026-09-10 00:00:00,-80.0,8.0,3.8742416,-0.11149804
2026-09-10 00:00:00,-80.0,10.0,3.860114,-0.13673583
2026-09-10 00:00:00,-80.0,12.0,3.773657,-0.099069856
2026-09-10 00:00:00,-80.0,14.0,4.1189165,-0.09838666
2026-09-10 00:00:00,-80.0,16.0,3.5853586,-0.124669425
2026-09-10 00:00:00,-80.0,18.0,4.096405,-0.17760983
2026-09-10 00:00:00,-80.0,20.0,4.0920153,-0.14024004
2026-09-10 00:00:00,-80.0,22.0,4.0086927,-0.19303553
2026-09-10 00:00:00,-80.0,24.0,3.5511045,-0.24362582
2026-09-10 00:00:00,-80.0,26.0,3.9946144,-0.20925629
2026-09-10 00:00:00,-80.0,28.0,3.8297641,-0.22997321
2026-09-10 00:00:00,-80.0,30.0,3.8336651,-0.22326303
2026-09-10 00:00:00,-80.0,32.0,3.4975672,-0.2546954
2026-09-10 00:00:00,-80.0,34.0,3.7561367,-0.25037223
2026-09-10 00:00:00,-80.0,36.0,3.8395216,-0.27108136
2026-09-10 00:00:00,-80.0,38.0,3.8980162,-0.28302494
2026-09-10 00:00:00,-80.0,40.0,3.8072164,-0.32553148
2026-09-10 00:00:00,-80.0,42.0,3.8704677,-0.3773437
2026-09-10 00:00:00,-80.0,44.0,3.8068547,-0.2995057
2026-09-10 00:00:00,-80.0,46.0,3.768031,-0.36373833
2026-09-10 00:00:00,-80.0,48.0,3.916742,-0.40791044
2026-09-10 00:00:00,-80.0,50.0,4.0095468,-0.37473643
2026-09-10 00:00:00,-80.0,52.0,3.7368124,-0.3988299
2026-09-10 00:00:00,-80.0,54.0,3.4663825,-0.37849593
2026-09-10 00:00:00,-80.0,56.0,3.6788182,-0.397084
2026-09-10 00:00:00,-80.0,58.0,3.9656663,-0.3634799
2026-09-10 00:00:00,-80.0,60.0,4.091905,-0.47372445
2026-09-10 00:00:00,-80.0,62.0,3.4782052,-0.451341
2026-09-10 00:00:00,-80.0,64.0,4.040194,-0.47011632
2026-09-10 00:00:00,-80.0,66.0,3.8742654,-0.4701403
2026-09-10 00:00:00,-80.0,68.0,3.7902198,-0.4024586
2026-09-10 00:00:00,-80.0,70.0,3.7242455,-0.48632273
2026-09-10 00:00:00,-80.0,72.0,4.025727,-0.42640513
2026-09-10 00:00:00,-80.0,74.0,3.6037345,-0.5114761
2026-09-10 00:00:00,-80.0,76.0,3.8606763,-0.4588137
2026-09-10 00:00:00,-80.0,78.0,3.783661,-0.46433714
2026-09-10 00:00:00,-80.0,80.0,3.960482,-0.47028026
2026-09-10 00:00:00,-80.0,82.0,3.810632,-0.44436884
2026-09-10 00:00:00,-80.0,84.0,3.626869,-0.42721623
2026-09-10 00:00:00,-80.0,86.0,4.0542507,-0.45447806
2026-09-10 00:00:00,-80.0,88.0,4.079828,-0.4905799
2026-09-10 00:00:00,-80.0,90.0,3.8283339,-0.42660218
2026-09-10 00:00:00,-80.0,92.0,3.7640252,-0.42467093
2026-09-10 00:00:00,-80.0,94.0,3.8028922,-0.44511226
2026-09-10 00:00:00,-80.0,96.0,3.9954336,-0.50746644
2026-09-10 00:00:00,-80.0,98.0,4.209622,-0.45802116
2026-09-10 00:00:00,-80.0,100.0,3.8075948,-0.42735922
2026-09-10 00:00:00,-80.0,102.0,3.7886956,-0.45535177
2026-09-10 00:00:00,-80.0,104.0,3.7599924,-0.4926701
2026-09-10 00:00:00,-80.0,106.0,3.6928043,-0.49874598
2026-09-10 00:00:00,-80.0,108.0,3.7718184,-0.4888048
2026-09-10 00:00:00,-80.0,110.0,3.828734,-0.455467
2026-09-10 00:00:00,-80.0,112.0,3.3568323,-0.5106469
2026-09-10 00:00:00,-80.0,114.0,4.182381,-0.5493028
2026-09-10 00:00:00,-80.0,116.0,3.5617025,-0.53289044
2026-09-10 00:00:00,-80.0,118.0,3.8780522,-0.5596992
2026-09-10 00:00:00,-80.0,120.0,3.744227,-0.541105
2026-09-10 00:00:00,-80.0,122.0,3.491641,-0.5344888
2026-09-10 00:00:00,-80.0,124.0,4.0768046,-0.49380377
2026-09-10 00:00:00,-80.0,126.0,3.4988506,-0.5468672
2026-09-10 00:00:00,-80.0,128.0,3.8369415,-0.5468709
2026-09-10 00:00:00,-80.0,130.0,3.7656417,-0.5348612
2026-09-10 00:00:00,-80.0,132.0,3.5490544,-0.5335654
2026-09-10 00:00:00,-80.0,134.0,3.481617,-0.5710614
2026-09-10 00:00:00,-80.0,136.0,3.9092762,-0.60743386
2026-09-10 00:00:00,-80.0,138.0,3.8625462,-0.67393965
2026-09-10 00:00:00,-80.0,140.0,4.0687637,-0.5999758
2026-09-10 00:00:00,-80.0,142.0,3.5103772,-0.6592702
2026-09-10 00:00:00,-80.0,144.0,3.7308786,-0.7192191
2026-09-10 00:00:00,-80.0,146.0,3.4358644,-0.66289
2026-09-10 00:00:00,-80.0,148.0,3.685466,-0.71946263
2026-09-10 00:00:00,-80.0,150.0,3.5410159,-0.7000221
2026-09-10 00:00:00,-80.0,152.0,4.1310163,-0.7676508
2026-09-10 00:00:00,-80.0,154.0,3.9581058,-0.75766075
2026-09-10 00:00:00,-80.0,156.0,3.9841242,-0.718418
2026-09-10 00:00:00,-80.0,158.0,3.8322625,-0.77904737
2026-09-10 00:00:00,-80.0,160.0,4.038312,-0.81608576
2026-09-10 00:00:00,-80.0,162.0,3.8189228,-0.7915895
2026-09-10 00:00:00,-80.0,164.0,3.4814866,-0.82379854
2026-09-10 00:00:00,-80.0,166.0,3.796545,-0.84829223
2026-09-10 00:00:00,-80.0,168.0,4.206149,-0.8548658
2026-09-10 00:00:00,-80.0,170.0,4.1884804,-0.8417469
2026-09-10 00:00:00,-80.0,172.0,3.37572,-0.8316759
2026-09-10 00:00:00,-80.0,174.0,3.9242105,-0.90397143
2026-09-10 00:00:00,-80.0,176.0,4.177412,-0.8319882
2026-09-10 00:00:00,-80.0,178.0,3.628101,-0.7840395
2026-09-10 00:00:00,-80.0,-180.0,3.461588,-0.85080343
2026-09-10 00:00:00,-78.0,-180.0,4.8290796,-0.85376483
2026-09-10 00:00:00,-78.0,-178.0,4.9181724,-0.78275174
2026-09-10 00:00:00,-78.0,-176.0,4.4772267,-0.8455843
2026-09-10 00:00:00,-78.0,-174.0,4.4449697,-0.8809657
2026-09-10 00:00:00,-78.0,-172.0,4.599434,-0.8174043
2026-09-10 00:00:00,-78.0,-170.0,4.601791,-0.81437826
2026-09-10 00:00:00,-78.0,-168.0,4.832125,-0.8169165
2026-09-10 00:00:00,-78.0,-166.0,5.18878,-0.84826434
2026-09-10 00:00:00,-78.0,-164.0,4.6580234,-0.8428972
2026-09-10 00:00:00,-78.0,-162.0,4.798595,-0.7840682
2026-09-10 00:00:00,-78.0,-160.0,5.154231,-0.78428483
2026-09-10 00:00:00,-78.0,-158.0,4.837734,-0.7951471
2026-09-10 00:00:00,-78.0,-156.0,4.46082,-0.8097618
2026-09-10 00:00:00,-78.0,-154.0,4.3122773,-0.7382053
2026-09-10 00:00:00,-78.0,-152.0,4.8246646,-0.7379179
2026-09-10 00:00:00,-78.0,-150.0,4.7283745,-0.68173414
2026-09-10 00:00:00,-78.0,-148.0,4.704691,-0.7176997
2026-09-10 00:00:00,-78.0,-146.0,4.8803253,-0.7374267
2026-09-10 00:00:00,-78.0,-144.0,4.255013,-0.6549478
2026-09-10 00:00:00,-78.0,-142.0,4.6049285,-0.68103045
2026-09-10 00:00:00,-78.0,-140.0,4.8271966,-0.60848725
2026-09-10 00:00:00,-78.0,-138.0,4.661611,-0.58328974
2026-09-10 00:00:00,-78.0,-136.0,4.58363,-0.58692974
2026-09-10 00:00:00,-78.0,-134.0,4.479232,-0.5559821
2026-09-10 00:00:00,-78.0,-132.0,4.624748,-0.5820658
2026-09-10 00:00:00,-78.0,-130.0,4.7076883,-0.52682966
2026-09-10 00:00:00,-78.0,-128.0,4.994219,-0.5947343
2026-09-10 00:00:00,-78.0,-126.0,4.6782675,-0.53902435
2026-09-10 00:00:00,-78.0,-124.0,4.4273086,-0.5752941
2026-09-10 00:00:00,-78.0,-122.0,5.5813336,-0.5252115
2026-09-10 00:00:00,-78.0,-120.0,4.837282,-0.4939588
2026-09-10 00:00:00,-78.0,-118.0,4.414004,-0.57114357
2026-09-10 00:00:00,-78.0,-116.0,4.7461014,-0.47042713
2026-09-10 00:00:00,-78.0,-114.0,4.6079865,-0.44917244
2026-09-10 00:00:00,-78.0,-112.0,4.9864664,-0.4168728
2026-09-10 00:00:00,-78.0,-110.0,4.8769164,-0.48359814
2026-09-10 00:00:00,-78.0,-108.0,4.646047,-0.4686658
2026-09-10 00:00:00,-78.0,-106.0,4.578437,-0.5354842
2026-09-10 00:00:00,-78.0,-104.0,4.706087,-0.46102765
2026-09-10 00:00:00,-78.0,-102.0,4.7892704,-0.52721137
2026-09-10 00:00:00,-78.0,-100.0,4.8269067,-0.4665943
2026-09-10 00:00:00,-78.0,-98.0,4.814285,-0.43222493
2026-09-10 00:00:00,-78.0,-96.0,5.196961,-0.45447898
2026-09-10 00:00:00,-78.0,-94.0,4.6876526,-0.4519711
2026-09-10 00:00:00,-78.0,-92.0,4.5308595,-0.48168966
2026-09-10 00:00:00,-78.0,-90.0,4.7160177,-0.48698056
2026-09-10 00:00:00,-78.0,-88.0,4.085456,-0.5081813
2026-09-10 00:00:00,-78.0,-86.0,4.9713717,-0.4827552
2026-09-10 00:00:00,-78.0,-84.0,4.7645364,-0.5517971
2026-09-10 00:00:00,-78.0,-82.0,5.207313,-0.4429638
2026-09-10 00:00:00,-78.0,-80.0,4.9228296,-0.46870747
2026-09-10 00:00:00,-78.0,-78.0,4.924235,-0.4777812
2026-09-10 00:00:00,-78.0,-76.0,4.807537,-0.5200727
2026-09-10 00:00:00,-78.0,-74.0,5.213013,-0.4693078
2026-09-10 00:00:00,-78.0,-72.0,5.1287184,-0.4612201
2026-09-10 00:00:00,-78.0,-70.0,4.714977,-0.4605644
2026-09-10 00:00:00,-78.0,-68.0,4.924074,-0.5055935
2026-09-10 00:00:00,-78.0,-66.0,4.97738,-0.4638303
2026-09-10 00:00:00,-78.0,-64.0,4.6750574,-0.39275324
2026-09-10 00:00:00,-78.0,-62.0,4.9356675,-0.4367948
2026-09-10 00:00:00,-78.0,-60.0,4.8093653,-0.43259406
2026-09-10 00:00:00,-78.0,-58.0,4.9500217,-0.44923535
2026-09-10 00:00:00,-78.0,-56.0,4.8234024,-0.40801066
2026-09-10 00:00:00,-78.0,-54.0,4.547492,-0.42670566
2026-09-10 00:00:00,-78.0,-52.0,4.6186657,-0.3600504
2026-09-10 00:00:00,-78.0,-50.0,4.551522,-0.35959592
2026-09-10 00:00:00,-78.0,-48.0,5.053396,-0.37197715
2026-09-10 00:00:00,-78.0,-46.0,4.6323347,-0.3771211
2026-09-10 00:00:00,-78.0,-44.0,5.1172137,-0.35699144
2026-09-10 00:00:00,-78.0,-42.0,4.789522,-0.27111065
2026-09-10 00:00:00,-78.0,-40.0,4.997063,-0.26706892
2026-09-10 00:00:00,-78.0,-38.0,4.7235484,-0.3342857
2026-09-10 00:00:00,-78.0,-36.0,4.8945713,-0.3019588
2026-09-10 00:00:00,-78.0,-34.0,5.044154,-0.2563871
2026-09-10 00:00:00,-78.0,-32.0,5.1706166,-0.1932158
2026-09-10 00:00:00,-78.0,-30.0,4.5510144,-0.23073483
2026-09-10 00:00:00,-78.0,-28.0,4.400763,-0.22459067
2026-09-10 00:00:00,-78.0,-26.0,5.0584188,-0.22021255
2026-09-10 00:00:00,-78.0,-24.0,4.753416,-0.11185839
2026-09-10 00:00:00,-78.0,-22.0,4.6754346,-0.16795184
2026-09-10 00:00:00,-78.0,-20.0,4.880825,-0.16529918
2026-09-10 00:00:00,-78.0,-18.0,5.0485086,-0.14247505
2026-09-10 00:00:00,-78.0,-16.0,4.524508,-0.121825084
2026-09-10 00:00:00,-78.0,-14.0,5.088599,-0.10186892
2026-09-10 00:00:00,-78.0,-12.0,4.6266346,-0.0841574
2026-09-10 00:00:00,-78.0,-10.0,4.9672217,-0.02841893
2026-09-10 00:00:00,-78.0,-8.0,4.9973474,-0.10928826
2026-09-10 00:00:00,-78.0,-6.0,5.1719317,-0.0643991
2026-09-10 00:00:00,-78.0,-4.0,4.8145857,-0.09749736
2026-09-10 00:00:00,-78.0,-2.0,5.087871,-0.07728867
2026-09-10 00:00:00,-78.0,0.0,4.8600187,-0.09681724
2026-09-10 00:00:00,-78.0,2.0,4.489132,-0.09101914
2026-09-10 00:00:00,-78.0,4.0,4.9161205,-0.057396
2026-09-10 00:00:00,-78.0,6.0,4.769988,-0.07553407
2026-09-10 00:00:00,-78.0,8.0,4.517149,-0.084573254
2026-09-10 00:00:00,-78.0,10.0,4.8807173,-0.05636773
2026-09-10 00:00:00,-78.0,12.0,4.5060487,-0.09490273
2026-09-10 00:00:00,-78.0,14.0,4.7771673,-0.10725916
2026-09-10 00:00:00,-78.0,16.0,5.200899,-0.09185455
2026-09-10 00:00:00,-78.0,18.0,4.84619,-0.13729525
2026-09-10 00:00:00,-78.0,20.0,4.465754,-0.1371765
2026-09-10 00:00:00,-78.0,22.0,5.0349207,-0.14585762
2026-09-10 00:00:00,-78.0,24.0,4.595761,-0.17869987
2026-09-10 00:00:00,-78.0,26.0,4.4859595,-0.24149515
2026-09-10 00:00:00,-78.0,28.0,5.0298753,-0.19287871
2026-09-10 00:00:00,-78.0,30.0,4.949254,-0.21777397
2026-09-10 00:00:00,-78.0,32.0,4.773016,-0.25714585
2026-09-10 00:00:00,-78.0,34.0,4.127223,-0.27787712
2026-09-10 00:00:00,-78.0,36.0,4.2032304,-0.24048083
2026-09-10 00:00:00,-78.0,38.0,5.1555166,-0.3320976
2026-09-10 00:00:00,-78.0,40.0,4.310921,-0.27388766
2026-09-10 00:00:00,-78.0,42.0,4.757724,-0.3264317
2026-09-10 00:00:00,-78.0,44.0,4.6901536,-0.29604664
2026-09-10 00:00:00,-78.0,46.0,5.1423836,-0.34403178
2026-09-10 00:00:00,-78.0,48.0,4.462656,-0.35553423
2026-09-10 00:00:00,-78.0,50.0,5.238763,-0.34378055
2026-09-10 00:00:00,-78.0,52.0,4.8796654,-0.4184858
2026-09-10 00:00:00,-78.0,54.0,4.8996544,-0.43062237
2026-09-10 00:00:00,-78.0,56.0,4.6948037,-0.38930944
2026-09-10 00:00:00,-78.0,58.0,4.742537,-0.41511714
2026-09-10 00:00:00,-78.0,60.0,5.2737203,-0.41907895
2026-09-10 00:00:00,-78.0,62.0,4.966367,-0.48223284
2026-09-10 00:00:00,-78.0,64.0,4.5543413,-0.45639303
2026-09-10 00:00:00,-78.0,66.0,5.1299167,-0.4744678
2026-09-10 00:00:00,-78.0,68.0,5.0143824,-0.51774883
2026-09-10 00:00:00,-78.0,70.0,4.88556,-0.4804405
2026-09-10 00:00:00,-78.0,72.0,4.744109,-0.39682195
2026-09-10 00:00:00,-78.0,74.0,4.8098946,-0.46057087
2026-09-10 00:00:00,-78.0,76.0,4.569258,-0.44920892
2026-09-10 00:00:00,-78.0,78.0,5.304543,-0.5188434
2026-09-10 00:00:00,-78.0,80.0,5.243448,-0.49396577
2026-09-10 00:00:00,-78.0,82.0,4.742518,-0.50382566
2026-09-10 00:00:00,-78.0,84.0,5.2163477,-0.49902987
2026-09-10 00:00:00,-78.0,86.0,4.4554887,-0.44545016
2026-09-10 00:00:00,-78.0,88.0,4.803346,-0.4498082
2026-09-10 00:00:00,-78.0,90.0,4.4703517,-0.4512666
2026-09-10 00:00:00,-78.0,92.0,4.8549423,-0.45459938
2026-09-10 00:00:00,-78.0,94.0,4.8630033,-0.43500733
2026-09-10 00:00:00,-78.0,96.0,5.073677,-0.43412542
2026-09-10 00:00:00,-78.0,98.0,4.920248,-0.47547576
2026-09-10 00:00:00,-78.0,100.0,5.172601,-0.40919828
2026-09-10 00:00:00,-78.0,102.0,4.5711913,-0.514897
2026-09-10 00:00:00,-78.0,104.0,4.993623,-0.42802024
2026-09-10 00:00:00,-78.0,106.0,4.353016,-0.44075006
2026-09-10 00:00:00,-78.0,108.0,5.2208247,-0.50466126
2026-09-10 00:00:00,-78.0,110.0,4.8928356,-0.46999198
2026-09-10 00:00:00,-78.0,112.0,4.764431,-0.48096
2026-09-10 00:00:00,-78.0,114.0,5.060466,-0.5235286
2026-09-10 00:00:00,-78.0,116.0,4.576798,-0.45671448
2026-09-10 00:00:00,-78.0,118.0,5.067458,-0.49667802
2026-09-10 00:00:00,-78.0,120.0,4.6475883,-0.48483473
2026-09-10 00:00:00,-78.0,122.0,5.0149946,-0.4536313
2026-09-10 00:00:00,-78.0,124.0,4.6718426,-0.5507834
2026-09-10 00:00:00,-78.0,126.0,4.382321,-0.5320243
2026-09-10 00:00:00,-78.0,128.0,4.930315,-0.5210685
2026-09-10 00:00:00,-78.0,130.0,4.666542,-0.59894246
2026-09-10 00:00:00,-78.0,132.0,4.593579,-0.51163703
2026-09-10 00:00:00,-78.0,134.0,4.8844666,-0.5747893
2026-09-10 00:00:00,-78.0,136.0,4.961672,-0.57385015
2026-09-10 00:00:00,-78.0,138.0,4.770487,-0.62462234
2026-09-10 00:00:00,-78.0,140.0,4.8432755,-0.62134486
2026-09-10 00:00:00,-78.0,142.0,4.982456,-0.6311517
2026-09-10 00:00:00,-78.0,144.0,4.927434,-0.6382881
2026-09-10 00:00:00,-78.0,146.0,4.9873447,-0.6495707
2026-09-10 00:00:00,-78.0,148.0,5.383809,-0.6724905
2026-09-10 00:00:00,-78.0,150.0,4.896947,-0.6945702
2026-09-10 00:00:00,-78.0,152.0,4.678694,-0.7407639
2026-09-10 00:00:00,-78.0,154.0,5.1448765,-0.7598527
2026-09-10 00:00:00,-78.0,156.0,4.9583917,-0.7512501
2026-09-10 00:00:00,-78.0,158.0,4.8143463,-0.794051
2026-09-10 00:00:00,-78.0,160.0,4.7956905,-0.8305172
2026-09-10 00:00:00,-78.0,162.0,4.992321,-0.812686
2026-09-10 00:00:00,-78.0,164.0,4.822849,-0.8219174
2026-09-10 00:00:00,-78.0,166.0,4.856155,-0.77494967
2026-09-10 00:00:00,-78.0,168.0,4.6695,-0.8159267
2026-09-10 00:00:00,-78.0,170.0,4.8605766,-0.851825
2026-09-10 00:00:00,-78.0,172.0,5.004094,-0.84549147
2026-09-10 00:00:00,-78.0,174.0,4.992867,-0.81958526
2026-09-10 00:00:00,-78.0,176.0,4.911093,-0.821616
2026-09-10 00:00:00,-78.0,178.0,4.435938,-0.85335046
2026-09-10 00:00:00,-78.0,-180.0,4.809329,-0.8865903
2026-09-10 00:00:00,-76.0,-180.0,5.7074265,-0.8576007
2026-09-10 00:00:00,-76.0,-178.0,6.080346,-0.8676835
2026-09-10 00:00:00,-76.0,-176.0,5.659626,-0.83650684
2026-09-10 00:00:00,-76.0,-174.0,5.9769406,-0.8650414
2026-09-10 00:00:00,-76.0,-172.0,5.525009,-0.89019525
2026-09-10 00:00:00,-76.0,-170.0,5.8619437,-0.82658136
2026-09-10 00:00:00,-76.0,-168.0,5.9896736,-0.81250197
2026-09-10 00:00:00,-76.0,-166.0,5.928593,-0.8273393
2026-09-10 00:00:00,-76.0,-164.0,6.0871778,-0.8452122
2026-09-10 00:00:00,-76.0,-162.0,5.619456,-0.8365638
2026-09-10 00:00:00,-76.0,-160.0,5.6212335,-0.7433736
2026-09-10 00:00:00,-76.0,-158.0,5.724926,-0.7895962
2026-09-10 00:00:00,-76.0,-156.0,5.784918,-0.795997
2026-09-10 00:00:00,-76.0,-154.0,5.8845024,-0.70855314
2026-09-10 00:00:00,-76.0,-152.0,5.84035,-0.68028706
2026-09-10 00:00:00,-76.0,-150.0,5.8923264,-0.72116977
2026-09-10 00:00:00,-76.0,-148.0,6.153422,-0.6623747
2026-09-10 00:00:00,-76.0,-146.0,5.5912976,-0.6957994
2026-09-10 00:00:00,-76.0,-144.0,6.02824,-0.63774496
2026-09-10 00:00:00,-76.0,-142.0,5.710836,-0.6308574
2026-09-10 00:00:00,-76.0,-140.0,6.0715284,-0.57891643
2026-09-10 00:00:00,-76.0,-138.0,5.839816,-0.5851938
2026-09-10 00:00:00,-76.0,-136.0,5.9589667,-0.5725389
2026-09-10 00:00:00,-76.0,-134.0,5.7878118,-0.5658623
2026-09-10 00:00:00,-76.0,-132.0,5.5971737,-0.57677513
2026-09-10 00:00:00,-76.0,-130.0,5.567331,-0.5588396
2026-09-10 00:00:00,-76.0,-128.0,5.7686777,-0.56117904
2026-09-10 00:00:00,-76.0,-126.0,5.7097425,-0.54693425
2026-09-10 00:00:00,-76.0,-124.0,6.1281176,-0.5516991
2026-09-10 00:00:00,-76.0,-122.0,6.010803,-0.55625033
2026-09-10 00:00:00,-76.0,-120.0,5.43956,-0.44597867
2026-09-10 00:00:00,-76.0,-118.0,5.75304,-0.44697368
2026-09-10 00:00:00,-76.0,-116.0,5.8587675,-0.526649
2026-09-10 00:00:00,-76.0,-114.0,5.863245,-0.5510443
2026-09-10 00:00:00,-76.0,-112.0,5.3987617,-0.4440953
2026-09-10 00:00:00,-76.0,-110.0,5.444908,-0.49434778
2026-09-10 00:00:00,-76.0,-108.0,5.97627,-0.4070521
2026-09-10 00:00:00,-76.0,-106.0,5.8238482,-0.4426392
2026-09-10 00:00:00,-76.0,-104.0,6.0514936,-0.45593256
2026-09-10 00:00:00,-76.0,-102.0,5.847716,-0.4502411
2026-09-10 00:00:00,-76.0,-100.0,5.7466836,-0.4520267
2026-09-10 00:00:00,-76.0,-98.0,5.739444,-0.44425294
2026-09-10 00:00:00,-76.0,-96.0,5.6138115,-0.47025853
2026-09-10 00:00:00,-76.0,-94.0,6.0975924,-0.44161722
2026-09-10 00:00:00,-76.0,-92.0,6.1789126,-0.41114685
2026-09-10 00:00:00,-76.0,-90.0,5.6781263,-0.4767921
2026-09-10 00:00:00,-76.0,-88.0,5.2336693,-0.45966905
2026-09-10 00:00:00,-76.0,-86.0,5.5721316,-0.531171
2026-09-10 00:00:00,-76.0,-84.0,6.3832545,-0.4780128
2026-09-10 00:00:00,-76.0,-82.0,6.019853,-0.4466883
2026-09-10 00:00:00,-76.0,-80.0,5.8205686,-0.48334286
2026-09-10 00:00:00,-76.0,-78.0,5.595331,-0.52224785
2026-09-10 00:00:00,-76.0,-76.0,6.2941904,-0.48821944
2026-09-10 00:00:00,-76.0,-74.0,5.6480975,-0.53988224
2026-09-10 00:00:00,-76.0,-72.0,5.7010336,-0.47421405
2026-09-10 00:00:00,-76.0,-70.0,5.478114,-0.48309633
2026-09-10 00:00:00,-76.0,-68.0,6.078812,-0.46489567
2026-09-10 00:00:00,-76.0,-66.0,6.2601066,-0.43071133
2026-09-10 00:00:00,-76.0,-64.0,5.6916575,-0.44079304
2026-09-10 00:00:00,-76.0,-62.0,6.0842495,-0.49622852
2026-09-10 00:00:00,-76.0,-60.0,5.9621463,-0.41608092
2026-09-10 00:00:00,-76.0,-58.0,5.816855,-0.39593434
2026-09-10 00:00:00,-76.0,-56.0,5.798447,-0.3876546
2026-09-10 00:00:00,-76.0,-54.0,6.3648906,-0.4427563
2026-09-10 00:00:00,-76.0,-52.0,5.8654704,-0.41348705
2026-09-10 00:00:00,-76.0,-50.0,6.1589003,-0.44041434
2026-09-10 00:00:00,-76.0,-48.0,5.66337,-0.43730098
2026-09-10 00:00:00,-76.0,-46.0,5.647798,-0.38514096
2026-09-10 00:00:00,-76.0,-44.0,5.8171496,-0.34944937
2026-09-10 00:00:00,-76.0,-42.0,5.850824,-0.29393834
2026-09-10 00:00:00,-76.0,-40.0,5.640653,-0.3072287
2026-09-10 00:00:00,-76.0,-38.0,5.822116,-0.3087535
2026-09-10 00:00:00,-76.0,-36.0,5.9367614,-0.19966969
2026-09-10 00:00:00,-76.0,-34.0,5.9022107,-0.24631329
2026-09-10 00:00:00,-76.0,-32.0,5.9205604,-0.25697196
2026-09-10 00:00:00,-76.0,-30.0,5.650935,-0.22917625
2026-09-10 00:00:00,-76.0,-28.0,6.628699,-0.15600891
2026-09-10 00:00:00,-76.0,-26.0,5.663704,-0.23714001
2026-09-10 00:00:00,-76.0,-24.0,5.9446015,-0.14798002
2026-09-10 00:00:00,-76.0,-22.0,5.9085217,-0.17333998
2026-09-10 00:00:00,-76.0,-20.0,5.5659313,-0.16105902
2026-09-10 00:00:00,-76.0,-18.0,5.8226905,-0.17344156
2026-09-10 00:00:00,-76.0,-16.0,5.195205,-0.0827232
2026-09-10 00:00:00,-76.0,-14.0,5.8025694,-0.09340893
2026-09-10 00:00:00,-76.0,-12.0,5.9130774,-0.110219695
2026-09-10 00:00:00,-76.0,-10.0,6.099778,-0.014142531
2026-09-10 00:00:00,-76.0,-8.0,6.0746126,-0.0710186
2026-09-10 00:00:00,-76.0,-6.0,5.937309,-0.07165523
2026-09-10 00:00:00,-76.0,-4.0,5.4664583,-0.11216461
2026-09-10 00:00:00,-76.0,-2.0,5.749588,-0.042865373
2026-09-10 00:00:00,-76.0,0.0,5.519508,-0.022075761
2026-09-10 00:00:00,-76.0,2.0,6.1023536,-0.05896693
2026-09-10 00:00:00,-76.0,4.0,5.8887453,-0.097958975
2026-09-10 00:00:00,-76.0,6.0,5.5665507,-0.077127196
2026-09-10 00:00:00,-76.0,8.0,6.188378,-0.066377185
2026-09-10 00:00:00,-76.0,10.0,5.7507534,-0.015530168
2026-09-10 00:00:00,-76.0,12.0,5.4264684,-0.11345242
2026-09-10 00:00:00,-76.0,14.0,6.188177,-0.08578645
2026-09-10 00:00:00,-76.0,16.0,5.881782,-0.13897601
2026-09-10 00:00:00,-76.0,18.0,6.2040324,-0.13941075
2026-09-10 00:00:00,-76.0,20.0,5.2510633,-0.09433457
2026-09-10 00:00:00,-76.0,22.0,5.4154806,-0.10450763
2026-09-10 00:00:00,-76.0,24.0,5.419915,-0.17200184
2026-09-10 00:00:00,-76.0,26.0,5.6939864,-0.2226652
2026-09-10 00:00:00,-76.0,28.0,5.9170847,-0.21085933
2026-09-10 00:00:00,-76.0,30.0,5.4479823,-0.20187388
2026-09-10 00:00:00,-76.0,32.0,5.9274564,-0.24967118
2026-09-10 00:00:00,-76.0,34.0,5.8636723,-0.21895462
2026-09-10 00:00:00,-76.0,36.0,5.926391,-0.2504401
2026-09-10 00:00:00,-76.0,38.0,5.70887,-0.30258176
2026-09-10 00:00:00,-76.0,40.0,5.9881477,-0.36999232
2026-09-10 00:00:00,-76.0,42.0,5.6023345,-0.3392542
2026-09-10 00:00:00,-76.0,44.0,6.220921,-0.36259967
2026-09-10 00:00:00,-76.0,46.0,6.1030965,-0.3919073
2026-09-10 00:00:00,-76.0,48.0,5.5571527,-0.3297827
2026-09-10 00:00:00,-76.0,50.0,5.5486493,-0.41305146
2026-09-10 00:00:00,-76.0,52.0,5.8391013,-0.36252597
2026-09-10 00:00:00,-76.0,54.0,5.752869,-0.41343734
2026-09-10 00:00:00,-76.0,56.0,6.191438,-0.38184717
2026-09-10 00:00:00,-76.0,58.0,5.4824667,-0.4546632
2026-09-10 00:00:00,-76.0,60.0,5.754398,-0.4700118
2026-09-10 00:00:00,-76.0,62.0,6.110831,-0.41415936
2026-09-10 00:00:00,-76.0,64.0,5.8485155,-0.4791536
2026-09-10 00:00:00,-76.0,66.0,5.617349,-0.5096263
2026-09-10 00:00:00,-76.0,68.0,5.612307,-0.4586877
2026-09-10 00:00:00,-76.0,70.0,5.8945775,-0.4693711
2026-09-10 00:00:00,-76.0,72.0,5.83069,-0.4583671
2026-09-10 00:00:00,-76.0,74.0,5.7535343,-0.46109822
2026-09-10 00:00:00,-76.0,76.0,5.935464,-0.49653798
2026-09-10 00:00:00,-76.0,78.0,6.0870786,-0.5127973
2026-09-10 00:00:00,-76.0,80.0,5.4855213,-0.47143248
2026-09-10 00:00:00,-76.0,82.0,6.0895467,-0.48492184
2026-09-10 00:00:00,-76.0,84.0,5.780574,-0.506238
2026-09-10 00:00:00,-76.0,86.0,5.524066,-0.47162864
2026-09-10 00:00:00,-76.0,88.0,6.08492,-0.4486638
2026-09-10 00:00:00,-76.0,90.0,5.556292,-0.4563828
2026-09-10 00:00:00,-76.0,92.0,5.644185,-0.46981776
2026-09-10 00:00:00,-76.0,94.0,6.1587014,-0.45592532
2026-09-10 00:00:00,-76.0,96.0,5.708359,-0.46098357
2026-09-10 00:00:00,-76.0,98.0,6.1370397,-0.44144952
2026-09-10 00:00:00,-76.0,100.0,5.885218,-0.37257954
2026-09-10 00:00:00,-76.0,102.0,5.938893,-0.42862457
2026-09-10 00:00:00,-76.0,104.0,6.0183463,-0.4436398
2026-09-10 00:00:00,-76.0,106.0,5.5879254,-0.45127863
2026-09-10 00:00:00,-76.0,108.0,6.072868,-0.3670089
2026-09-10 00:00:00,-76.0,110.0,5.9676914,-0.43186694
2026-09-10 00:00:00,-76.0,112.0,5.905784,-0.4818423
2026-09-10 00:00:00,-76.0,114.0,6.3259077,-0.4940914
2026-09-10 00:00:00,-76.0,116.0,6.2668757,-0.4800549
2026-09-10 00:00:00,-76.0,118.0,6.3888283,-0.43460187
2026-09-10 00:00:00,-76.0,120.0,5.5524426,-0.4508666
2026-09-10 00:00:00,-76.0,122.0,5.4152207,-0.5259786
2026-09-10 00:00:00,-76.0,124.0,5.6514654,-0.53323203
2026-09-10 00:00:00,-76.0,126.0,6.1601977,-0.5081457
2026-09-10 00:00:00,-76.0,128.0,5.726715,-0.46220824
2026-09-10 00:00:00,-76.0,130.0,5.772548,-0.5745513
2026-09-10 00:00:00,-76.0,132.0,5.7696786,-0.61139274
2026-09-10 00:00:00,-76.0,134.0,5.6990275,-0.54902476
2026-09-10 00:00:00,-76.0,136.0,6.013499,-0.6138586
2026-09-10 00:00:00,-76.0,138.0,5.702315,-0.58801234
2026-09-10 00:00:00,-76.0,140.0,6.1046824,-0.6429724
2026-09-10 00:00:00,-76.0,142.0,6.012726,-0.6608348
2026-09-10 00:00:00,-76.0,144.0,5.8728747,-0.6420274
2026-09-10 00:00:00,-76.0,146.0,5.57262,-0.6757622
2026-09-10 00:00:00,-76.0,148.0,5.658989,-0.69274515
2026-09-10 00:00:00,-76.0,150.0,5.85328,-0.684435
2026-09-10 00:00:00,-76.0,152.0,6.4154167,-0.76314867
2026-09-10 00:00:00,-76.0,154.0,5.660955,-0.7477646
2026-09-10 00:00:00,-76.0,156.0,5.5823774,-0.76270866
2026-09-10 00:00:00,-76.0,158.0,5.8762693,-0.81394994
2026-09-10 00:00:00,-76.0,160.0,5.7611437,-0.7741987
2026-09-10 00:00:00,-76.0,162.0,5.9830074,-0.81927025
2026-09-10 00:00:00,-76.0,164.0,6.167164,-0.7883892
2026-09-10 00:00:00,-76.0,166.0,5.555981,-0.808345
2026-09-10 00:00:00,-76.0,168.0,5.949883,-0.84119904
2026-09-10 00:00:00,-76.0,170.0,6.0113792,-0.82985824
2026-09-10 00:00:00,-76.0,172.0,6.032389,-0.8548658
2026-09-10 00:00:00,-76.0,174.0,5.9007454,-0.850506
2026-09-10 00:00:00,-76.0,176.0,5.694057,-0.8270448
2026-09-10 00:00:00,-76.0,178.0,6.0000286,-0.82113886
2026-09-10 00:00:00,-76.0,-180.0,5.8313365,-0.91482943
2026-09-10 00:00:00,-74.0,-180.0,7.0240088,-0.86355317
2026-09-10 00:00:00,-74.0,-178.0,6.537423,-0.8695289
2026-09-10 00:00:00,-74.0,-176.0,6.801598,-0.879967
2026-09-10 00:00:00,-74.0,-174.0,6.4600534,-0.8851432
2026-09-10 00:00:00,-74.0,-172.0,6.5932636,-0.8240644
2026-09-10 00:00:00,-74.0,-170.0,7.3524985,-0.8416497
2026-09-10 00:00:00,-74.0,-168.0,7.2787175,-0.9022352
2026-09-10 00:00:00,-74.0,-166.0,6.9105167,-0.82885927
2026-09-10 00:00:00,-74.0,-164.0,6.5577703,-0.89709073
2026-09-10 00:00:00,-74.0,-162.0,6.69357,-0.82715255
2026-09-10 00:00:00,-74.0,-160.0,7.281594,-0.7982129
2026-09-10 00:00:00,-74.0,-158.0,7.234252,-0.7506127
2026-09-10 00:00:00,-74.0,-156.0,6.763296,-0.7679753
2026-09-10 00:00:00,-74.0,-154.0,7.0766115,-0.7100025
2026-09-10 00:00:00,-74.0,-152.0,6.8592467,-0.740459
2026-09-10 00:00:00,-74.0,-150.0,6.660079,-0.7016323
2026-09-10 00:00:00,-74.0,-148.0,6.9214196,-0.66671354
2026-09-10 00:00:00,-74.0,-146.0,7.1588044,-0.6520124
2026-09-10 00:00:00,-74.0,-144.0,7.010614,-0.6238459
2026-09-10 00:00:00,-74.0,-142.0,7.157529,-0.59254634
2026-09-10 00:00:00,-74.0,-140.0,6.9991465,-0.6313081
2026-09-10 00:00:00,-74.0,-138.0,6.8999443,-0.57047576
2026-09-10 00:00:00,-74.0,-136.0,7.207429,-0.6122767
2026-09-10 00:00:00,-74.0,-134.0,7.2786913,-0.55996144
2026-09-10 00:00:00,-74.0,-132.0,6.8280945,-0.5532059
2026-09-10 00:00:00,-74.0,-130.0,6.793026,-0.51489013
2026-09-10 00:00:00,-74.0,-128.0,6.575272,-0.536008
2026-09-10 00:00:00,-74.0,-126.0,6.621043,-0.5273402
2026-09-10 00:00:00,-74.0,-124.0,6.697722,-0.436707
2026-09-10 00:00:00,-74.0,-122.0,6.8555813,-0.5140398
2026-09-10 00:00:00,-74.0,-120.0,7.263888,-0.4752808
2026-09-10 00:00:00,-74.0,-118.0,6.922272,-0.47913364
2026-09-10 00:00:00,-74.0,-116.0,6.769808,-0.46196327
2026-09-10 00:00:00,-74.0,-114.0,6.8269825,-0.51014835
2026-09-10 00:00:00,-74.0,-112.0,6.23761,-0.42280492
2026-09-10 00:00:00,-74.0,-110.0,6.9285426,-0.47177777
2026-09-10 00:00:00,-74.0,-108.0,6.530327,-0.4422299
2026-09-10 00:00:00,-74.0,-106.0,6.3318915,-0.42495015
2026-09-10 00:00:00,-74.0,-104.0,6.7584968,-0.46156046
2026-09-10 00:00:00,-74.0,-102.0,7.1252704,-0.41632253
2026-09-10 00:00:00,-74.0,-100.0,6.811969,-0.4515359
2026-09-10 00:00:00,-74.0,-98.0,6.913014,-0.49344283
2026-09-10 00:00:00,-74.0,-96.0,7.0098495,-0.4090306
2026-09-10 00:00:00,-74.0,-94.0,6.73687,-0.5031067
2026-09-10 00:00:00,-74.0,-92.0,7.1390986,-0.4362662
2026-09-10 00:00:00,-74.0,-90.0,6.637253,-0.44223163
2026-09-10 00:00:00,-74.0,-88.0,7.149723,-0.46840695
2026-09-10 00:00:00,-74.0,-86.0,6.5542264,-0.49962
2026-09-10 00:00:00,-74.0,-84.0,6.897785,-0.51764405
2026-09-10 00:00:00,-74.0,-82.0,6.8609843,-0.48496538
2026-09-10 00:00:00,-74.0,-80.0,6.8081374,-0.45076063
2026-09-10 00:00:00,-74.0,-78.0,6.9655123,-0.50694406
2026-09-10 00:00:00,-74.0,-76.0,6.665323,-0.43699375
2026-09-10 00:00:00,-74.0,-74.0,7.2366533,-0.49395308
2026-09-10 00:00:00,-74.0,-72.0,6.511588,-0.5182954
2026-09-10 00:00:00,-74.0,-70.0,7.458053,-0.46916038
2026-09-10 00:00:00,-74.0,-68.0,6.6178203,-0.5109028
2026-09-10 00:00:00,-74.0,-66.0,6.8573656,-0.46409768
2026-09-10 00:00:00,-74.0,-64.0,6.4648337,-0.45785958
2026-09-10 00:00:00,-74.0,-62.0,6.853839,-0.49852136
2026-09-10 00:00:00,-74.0,-60.0,6.7441745,-0.47322974
2026-09-10 00:00:00,-74.0,-58.0,6.979081,-0.4478498
2026-09-10 00:00:00,-74.0,-56.0,6.748149,-0.45885047
2026-09-10 00:00:00,-74.0,-54.0,6.8642716,-0.40785456
2026-09-10 00:00:00,-74.0,-52.0,6.735809,-0.41343468
2026-09-10 00:00:00,-74.0,-50.0,6.8271914,-0.41264856
2026-09-10 00:00:00,-74.0,-48.0,6.914229,-0.37373495
2026-09-10 00:00:00,-74.0,-46.0,7.042918,-0.37526852
2026-09-10 00:00:00,-74.0,-44.0,6.8272004,-0.3292576
2026-09-10 00:00:00,-74.0,-42.0,6.880257,-0.35112694
2026-09-10 00:00:00,-74.0,-40.0,6.7184086,-0.32546595
2026-09-10 00:00:00,-74.0,-38.0,6.8264093,-0.29517725
2026-09-10 00:00:00,-74.0,-36.0,6.3958673,-0.2769293
2026-09-10 00:00:00,-74.0,-34.0,6.7352324,-0.29375717
2026-09-10 00:00:00,-74.0,-32.0,6.750963,-0.24254559
2026-09-10 00:00:00,-74.0,-30.0,6.5051064,-0.22744218
2026-09-10 00:00:00,-74.0,-28.0,6.693931,-0.22569083
2026-09-10 00:00:00,-74.0,-26.0,6.881687,-0.18912454
2026-09-10 00:00:00,-74.0,-24.0,6.694856,-0.20470212
2026-09-10 00:00:00,-74.0,-22.0,6.812688,-0.18151025
2026-09-10 00:00:00,-74.0,-20.0,6.6363864,-0.14653409
2026-09-10 00:00:00,-74.0,-18.0,6.6125665,-0.06023936
2026-09-10 00:00:00,-74.0,-16.0,6.8797755,-0.08730572
2026-09-10 00:00:00,-74.0,-14.0,7.017983,-0.10062128
2026-09-10 00:00:00,-74.0,-12.0,6.4517617,-0.038000844
2026-09-10 00:00:00,-74.0,-10.0,7.182081,-0.06757609
2026-09-10 00:00:00,-74.0,-8.0,6.881923,-0.09279806
2026-09-10 00:00:00,-74.0,-6.0,6.8910856,-0.09904237
2026-09-10 00:00:00,-74.0,-4.0,6.5715046,-0.060375784
2026-09-10 00:00:00,-74.0,-2.0,6.6819215,-0.053643826
2026-09-10 00:00:00,-74.0,0.0,6.7034726,-0.06721184
2026-09-10 00:00:00,-74.0,2.0,6.4365363,-0.079326496
2026-09-10 00:00:00,-74.0,4.0,6.611781,-0.006745734
2026-09-10 00:00:00,-74.0,6.0,6.9471383,-0.05149908
2026-09-10 00:00:00,-74.0,8.0,6.874322,-0.0032740966
2026-09-10 00:00:00,-74.0,10.0,7.0321746,-0.098509565
2026-09-10 00:00:00,-74.0,12.0,6.730129,-0.093303435
2026-09-10 00:00:00,-74.0,14.0,6.142507,-0.14447214
2026-09-10 00:00:00,-74.0,16.0,6.8617373,-0.064870596
2026-09-10 00:00:00,-74.0,18.0,6.516194,-0.0981462
2026-09-10 00:00:00,-74.0,20.0,6.850468,-0.19915524
2026-09-10 00:00:00,-74.0,22.0,6.5356545,-0.16979581
2026-09-10 00:00:00,-74.0,24.0,6.704661,-0.18277574
2026-09-10 00:00:00,-74.0,26.0,7.400089,-0.15478507
2026-09-10 00:00:00,-74.0,28.0,6.752191,-0.16784607
2026-09-10 00:00:00,-74.0,30.0,6.80564,-0.19995509
2026-09-10 00:00:00,-74.0,32.0,6.9626064,-0.19591123
2026-09-10 00:00:00,-74.0,34.0,6.9360495,-0.277703
2026-09-10 00:00:00,-74.0,36.0,6.43488,-0.20862456
2026-09-10 00:00:00,-74.0,38.0,7.308431,-0.25339022
2026-09-10 00:00:00,-74.0,40.0,7.01807,-0.29885745
2026-09-10 00:00:00,-74.0,42.0,6.7478113,-0.3397364
2026-09-10 00:00:00,-74.0,44.0,6.7630124,-0.35798803
2026-09-10 00:00:00,-74.0,46.0,7.301418,-0.3805832
2026-09-10 00:00:00,-74.0,48.0,6.484926,-0.3637931
2026-09-10 00:00:00,-74.0,50.0,5.940149,-0.43522125
2026-09-10 00:00:00,-74.0,52.0,6.53226,-0.40209255
2026-09-10 00:00:00,-74.0,54.0,6.846666,-0.40025374
2026-09-10 00:00:00,-74.0,56.0,6.4711714,-0.42502627
2026-09-10 00:00:00,-74.0,58.0,7.412122,-0.45897228
2026-09-10 00:00:00,-74.0,60.0,6.988234,-0.44455805
2026-09-10 00:00:00,-74.0,62.0,6.607058,-0.45644853
2026-09-10 00:00:00,-74.0,64.0,6.8011107,-0.4679077
2026-09-10 00:00:00,-74.0,66.0,6.874134,-0.49611825
2026-09-10 00:00:00,-74.0,68.0,7.0849347,-0.4792397
2026-09-10 00:00:00,-74.0,70.0,6.6566105,-0.53405845
2026-09-10 00:00:00,-74.0,72.0,7.0156655,-0.4881765
2026-09-10 00:00:00,-74.0,74.0,6.8394117,-0.49223498
2026-09-10 00:00:00,-74.0,76.0,6.70205,-0.50201875
2026-09-10 00:00:00,-74.0,78.0,6.711363,-0.4515127
2026-09-10 00:00:00,-74.0,80.0,6.517307,-0.44638935
2026-09-10 00:00:00,-74.0,82.0,6.9539204,-0.46632457
2026-09-10 00:00:00,-74.0,84.0,6.3235765,-0.46953338
2026-09-10 00:00:00,-74.0,86.0,6.8988214,-0.5168119
2026-09-10 00:00:00,-74.0,88.0,6.8241343,-0.47977313
2026-09-10 00:00:00,-74.0,90.0,7.0004244,-0.41160622
2026-09-10 00:00:00,-74.0,92.0,6.642114,-0.5243165
2026-09-10 00:00:00,-74.0,94.0,6.9557123,-0.4258469
2026-09-10 00:00:00,-74.0,96.0,6.9774003,-0.42214066
2026-09-10 00:00:00,-74.0,98.0,6.6618543,-0.43160278
2026-09-10 00:00:00,-74.0,100.0,6.791403,-0.4036546
2026-09-10 00:00:00,-74.0,102.0,6.561458,-0.4397736
2026-09-10 00:00:00,-74.0,104.0,6.9701147,-0.46579507
2026-09-10 00:00:00,-74.0,106.0,6.958823,-0.47154558
2026-09-10 00:00:00,-74.0,108.0,6.965545,-0.39398962
2026-09-10 00:00:00,-74.0,110.0,6.7067547,-0.46700662
2026-09-10 00:00:00,-74.0,112.0,6.786536,-0.4245722
2026-09-10 00:00:00,-74.0,114.0,6.9548397,-0.4010389
2026-09-10 00:00:00,-74.0,116.0,7.0206156,-0.51729715
2026-09-10 00:00:00,-74.0,118.0,6.801393,-0.41144753
2026-09-10 00:00:00,-74.0,120.0,6.431347,-0.45909196
2026-09-10 00:00:00,-74.0,122.0,6.4625144,-0.50321615
2026-09-10 00:00:00,-74.0,124.0,6.579251,-0.5595283
2026-09-10 00:00:00,-74.0,126.0,6.770827,-0.43829027
2026-09-10 00:00:00,-74.0,128.0,6.3767667,-0.5375595
2026-09-10 00:00:00,-74.0,130.0,7.167474,-0.53869957
2026-09-10 00:00:00,-74.0,132.0,6.3883805,-0.51206386
2026-09-10 00:00:00,-74.0,134.0,6.6073494,-0.53309923
2026-09-10 00:00:00,-74.0,136.0,7.109264,-0.5564905
2026-09-10 00:00:00,-74.0,138.0,6.4589353,-0.5760458
2026-09-10 00:00:00,-74.0,140.0,7.322107,-0.5985805
2026-09-10 00:00:00,-74.0,142.0,6.3132133,-0.6320657
2026-09-10 00:00:00,-74.0,144.0,6.448733,-0.6586817
2026-09-10 00:00:00,-74.0,146.0,7.1530876,-0.6714127
2026-09-10 00:00:00,-74.0,148.0,7.033141,-0.6794166
2026-09-10 00:00:00,-74.0,150.0,7.0831866,-0.698791
2026-09-10 00:00:00,-74.0,152.0,7.0112815,-0.691177
2026-09-10 00:00:00,-74.0,154.0,6.6550484,-0.7157593
2026-09-10 00:00:00,-74.0,156.0,7.0100446,-0.76256824
2026-09-10 00:00:00,-74.0,158.0,6.7377,-0.8315202
2026-09-10 00:00:00,-74.0,160.0,6.904412,-0.77289724
2026-09-10 00:00:00,-74.0,162.0,6.788497,-0.83008236
2026-09-10 00:00:00,-74.0,164.0,7.272126,-0.85641134
2026-09-10 00:00:00,-74.0,166.0,6.7846894,-0.85581905
2026-09-10 00:00:00,-74.0,168.0,7.0167813,-0.8302731
2026-09-10 00:00:00,-74.0,170.0,6.72078,-0.8670257
2026-09-10 00:00:00,-74.0,172.0,6.7661896,-0.86617327
2026-09-10 00:00:00,-74.0,174.0,6.865133,-0.8439835
2026-09-10 00:00:00,-74.0,176.0,6.6370864,-0.87156004
2026-09-10 00:00:00,-74.0,178.0,7.1721187,-0.8680221
2026-09-10 00:00:00,-74.0,-180.0,6.745159,-0.8859395
2026-09-10 00:00:00,-72.0,-180.0,7.7202563,-0.93456537
2026-09-10 00:00:00,-72.0,-178.0,7.8675256,-0.8795761
2026-09-10 00:00:00,-72.0,-176.0,8.032155,-0.8831823
2026-09-10 00:00:00,-72.0,-174.0,7.712719,-0.85898143
2026-09-10 00:00:00,-72.0,-172.0,7.619229,-0.92353755
2026-09-10 00:00:00,-72.0,-170.0,8.082915,-0.8569571
2026-09-10 00:00:00,-72.0,-168.0,7.62745,-0.87513065
2026-09-10 00:00:00,-72.0,-166.0,7.6122613,-0.8852995
2026-09-10 00:00:00,-72.0,-164.0,7.741405,-0.77616537
2026-09-10 00:00:00,-72.0,-162.0,7.3466167,-0.7963234
2026-09-10 00:00:00,-72.0,-160.0,8.037164,-0.7632435
2026-09-10 00:00:00,-72.0,-158.0,7.956817,-0.6987294
2026-09-10 00:00:00,-72.0,-156.0,7.662383,-0.76243013
2026-09-10 00:00:00,-72.0,-154.0,7.466932,-0.7436226
2026-09-10 00:00:00,-72.0,-152.0,7.9561396,-0.6900847
2026-09-10 00:00:00,-72.0,-150.0,7.4933715,-0.73257804
2026-09-10 00:00:00,-72.0,-148.0,7.720365,-0.6642485
2026-09-10 00:00:00,-72.0,-146.0,7.2861567,-0.6513489
2026-09-10 00:00:00,-72.0,-144.0,7.467882,-0.5912527
2026-09-10 00:00:00,-72.0,-142.0,7.7784824,-0.61878306
2026-09-10 00:00:00,-72.0,-140.0,7.6563926,-0.5966262
2026-09-10 00:00:00,-72.0,-138.0,7.9366474,-0.50166273
2026-09-10 00:00:00,-72.0,-136.0,7.6385784,-0.58652943
2026-09-10 00:00:00,-72.0,-134.0,7.5755806,-0.5617071
2026-09-10 00:00:00,-72.0,-132.0,7.8130527,-0.58757544
2026-09-10 00:00:00,-72.0,-130.0,7.7126865,-0.54972565
2026-09-10 00:00:00,-72.0,-128.0,7.5223794,-0.5299924
2026-09-10 00:00:00,-72.0,-126.0,7.9514613,-0.5102166
2026-09-10 00:00:00,-72.0,-124.0,8.0310135,-0.4576267
2026-09-10 00:00:00,-72.0,-122.0,7.5224752,-0.49557114
2026-09-10 00:00:00,-72.0,-120.0,8.014429,-0.44723284
2026-09-10 00:00:00,-72.0,-118.0,7.644587,-0.4524441
2026-09-10 00:00:00,-72.0,-116.0,7.5517035,-0.40223378
2026-09-10 00:00:00,-72.0,-114.0,7.8332925,-0.42152148
2026-09-10 00:00:00,-72.0,-112.0,7.781853,-0.40884978
2026-09-10 00:00:00,-72.0,-110.0,7.6913295,-0.40640727
2026-09-10 00:00:00,-72.0,-108.0,7.7255363,-0.42823368
2026-09-10 00:00:00,-72.0,-106.0,7.5130963,-0.43293065
2026-09-10 00:00:00,-72.0,-104.0,8.082777,-0.39678356
2026-09-10 00:00:00,-72.0,-102.0,7.876686,-0.41082475
2026-09-10 00:00:00,-72.0,-100.0,7.6130905,-0.4362237
2026-09-10 00:00:00,-72.0,-98.0,7.242918,-0.39176592
2026-09-10 00:00:00,-72.0,-96.0,7.6720033,-0.4624264
2026-09-10 00:00:00,-72.0,-94.0,7.6237273,-0.42615074
2026-09-10 00:00:00,-72.0,-92.0,7.516826,-0.45217898
2026-09-10 00:00:00,-72.0,-90.0,7.9158936,-0.47113517
2026-09-10 00:00:00,-72.0,-88.0,7.5546565,-0.44277555
2026-09-10 00:00:00,-72.0,-86.0,7.7031016,-0.4506933
2026-09-10 00:00:00,-72.0,-84.0,8.031698,-0.4426908
2026-09-10 00:00:00,-72.0,-82.0,7.5430655,-0.45899454
2026-09-10 00:00:00,-72.0,-80.0,8.0676,-0.51374817
2026-09-10 00:00:00,-72.0,-78.0,7.249238,-0.52795094
2026-09-10 00:00:00,-72.0,-76.0,7.8354454,-0.50259805
2026-09-10 00:00:00,-72.0,-74.0,7.9332514,-0.50821143
2026-09-10 00:00:00,-72.0,-72.0,7.915611,-0.5191133
2026-09-10 00:00:00,-72.0,-70.0,7.4696608,-0.51765573
2026-09-10 00:00:00,-72.0,-68.0,7.6558614,-0.4365093
2026-09-10 00:00:00,-72.0,-66.0,7.7969704,-0.4522163
2026-09-10 00:00:00,-72.0,-64.0,7.829311,-0.44379458
2026-09-10 00:00:00,-72.0,-62.0,7.6863103,-0.46685678
2026-09-10 00:00:00,-72.0,-60.0,7.383702,-0.45828816
2026-09-10 00:00:00,-72.0,-58.0,8.059397,-0.37912515
2026-09-10 00:00:00,-72.0,-56.0,7.8553033,-0.43525827
2026-09-10 00:00:00,-72.0,-54.0,7.669082,-0.39388517
2026-09-10 00:00:00,-72.0,-52.0,7.258517,-0.37715784
2026-09-10 00:00:00,-72.0,-50.0,7.710958,-0.3909315
2026-09-10 00:00:00,-72.0,-48.0,8.144908,-0.37962657
2026-09-10 00:00:00,-72.0,-46.0,7.8720407,-0.3954014
2026-09-10 00:00:00,-72.0,-44.0,6.9479856,-0.36858758
2026-09-10 00:00:00,-72.0,-42.0,8.417845,-0.28511664
2026-09-10 00:00:00,-72.0,-40.0,7.793036,-0.34213787
2026-09-10 00:00:00,-72.0,-38.0,7.992186,-0.30835953
2026-09-10 00:00:00,-72.0,-36.0,7.781797,-0.25432375
2026-09-10 00:00:00,-72.0,-34.0,7.4897714,-0.21707952
2026-09-10 00:00:00,-72.0,-32.0,7.7794714,-0.25491533
2026-09-10 00:00:00,-72.0,-30.0,7.3158007,-0.1968645
2026-09-10 00:00:00,-72.0,-28.0,7.84322,-0.16560483
2026-09-10 00:00:00,-72.0,-26.0,7.8104033,-0.20909135
2026-09-10 00:00:00,-72.0,-24.0,7.5647583,-0.10818696
2026-09-10 00:00:00,-72.0,-22.0,8.578155,-0.16286872
2026-09-10 00:00:00,-72.0,-20.0,7.8383274,-0.107284844
2026-09-10 00:00:00,-72.0,-18.0,7.576742,-0.09863211
2026-09-10 00:00:00,-72.0,-16.0,8.169845,-0.0922605
2026-09-10 00:00:00,-72.0,-14.0,8.190298,-0.08735343
2026-09-10 00:00:00,-72.0,-12.0,7.4276047,-0.03241717
2026-09-10 00:00:00,-72.0,-10.0,7.873967,-0.049564674
2026-09-10 00:00:00,-72.0,-8.0,7.5997124,-0.034667045
2026-09-10 00:00:00,-72.0,-6.0,7.5415063,-0.07294502
2026-09-10 00:00:00,-72.0,-4.0,7.5922756,-0.016989894
2026-09-10 00:00:00,-72.0,-2.0,8.03104,-0.025880262
2026-09-10 00:00:00,-72.0,0.0,7.873203,-0.0016906395
2026-09-10 00:00:00,-72.0,2.0,7.913501,-0.016577335
2026-09-10 00:00:00,-72.0,4.0,7.8220406,-0.032959763
2026-09-10 00:00:00,-72.0,6.0,7.8227196,-0.058776
2026-09-10 00:00:00,-72.0,8.0,7.798081,-0.0230018
2026-09-10 00:00:00,-72.0,10.0,7.7125897,-0.042870436
2026-09-10 00:00:00,-72.0,12.0,7.4395814,-0.07670932
2026-09-10 00:00:00,-72.0,14.0,7.9564376,-0.023318283
2026-09-10 00:00:00,-72.0,16.0,7.741191,-0.03778533
2026-09-10 00:00:00,-72.0,18.0,7.997192,-0.08244509
2026-09-10 00:00:00,-72.0,20.0,7.6087604,-0.13940275
2026-09-10 00:00:00,-72.0,22.0,7.7054915,-0.08983097
2026-09-10 00:00:00,-72.0,24.0,7.5278597,-0.15560305
2026-09-10 00:00:00,-72.0,26.0,8.204617,-0.112619266
2026-09-10 00:00:00,-72.0,28.0,8.002582,-0.1796649
2026-09-10 00:00:00,-72.0,30.0,7.923017,-0.25467545
2026-09-10 00:00:00,-72.0,32.0,7.8437786,-0.22409327
2026-09-10 00:00:00,-72.0,34.0,7.6477394,-0.2963583
2026-09-10 00:00:00,-72.0,36.0,7.7905607,-0.28082404
2026-09-10 00:00:00,-72.0,38.0,7.480247,-0.27499837
2026-09-10 00:00:00,-72.0,40.0,7.7548056,-0.3499441
2026-09-10 00:00:00,-72.0,42.0,7.4126654,-0.3352907
2026-09-10 00:00:00,-72.0,44.0,7.683088,-0.40542436
2026-09-10 00:00:00,-72.0,46.0,7.81877,-0.38952735
2026-09-10 00:00:00,-72.0,48.0,7.741408,-0.3471036
2026-09-10 00:00:00,-72.0,50.0,7.720647,-0.37856263
2026-09-10 00:00:00,-72.0,52.0,7.04982,-0.42080507
2026-09-10 00:00:00,-72.0,54.0,7.908023,-0.3794623
2026-09-10 00:00:00,-72.0,56.0,7.0067363,-0.4662363
2026-09-10 00:00:00,-72.0,58.0,7.3002048,-0.4433341
2026-09-10 00:00:00,-72.0,60.0,8.077032,-0.47080952
2026-09-10 00:00:00,-72.0,62.0,8.083801,-0.46230227
2026-09-10 00:00:00,-72.0,64.0,8.375813,-0.51074296
2026-09-10 00:00:00,-72.0,66.0,7.968685,-0.52946687
2026-09-10 00:00:00,-72.0,68.0,7.7232714,-0.5009415
2026-09-10 00:00:00,-72.0,70.0,7.9182897,-0.4814304
2026-09-10 00:00:00,-72.0,72.0,7.540633,-0.47688594
2026-09-10 00:00:00,-72.0,74.0,7.4432435,-0.50793093
2026-09-10 00:00:00,-72.0,76.0,7.409717,-0.45158052
2026-09-10 00:00:00,-72.0,78.0,7.884952,-0.49757928
2026-09-10 00:00:00,-72.0,80.0,7.5011506,-0.44845498
2026-09-10 00:00:00,-72.0,82.0,7.462876,-0.48454994
2026-09-10 00:00:00,-72.0,84.0,8.237356,-0.4761992
2026-09-10 00:00:00,-72.0,86.0,7.45642,-0.48463762
2026-09-10 00:00:00,-72.0,88.0,7.8254404,-0.40722793
2026-09-10 00:00:00,-72.0,90.0,7.036658,-0.4823607
2026-09-10 00:00:00,-72.0,92.0,7.7060995,-0.4602323
2026-09-10 00:00:00,-72.0,94.0,7.6489267,-0.47258836
2026-09-10 00:00:00,-72.0,96.0,7.3862944,-0.4757996
2026-09-10 00:00:00,-72.0,98.0,8.2213955,-0.41294572
2026-09-10 00:00:00,-72.0,100.0,7.773901,-0.4504769
2026-09-10 00:00:00,-72.0,102.0,7.788412,-0.4156411
2026-09-10 00:00:00,-72.0,104.0,8.099969,-0.4597025
2026-09-10 00:00:00,-72.0,106.0,7.725037,-0.39329526
2026-09-10 00:00:00,-72.0,108.0,7.2830844,-0.46448866
2026-09-10 00:00:00,-72.0,110.0,7.4400043,-0.43500343
2026-09-10 00:00:00,-72.0,112.0,7.7776313,-0.442907
2026-09-10 00:00:00,-72.0,114.0,7.884831,-0.4965724
2026-09-10 00:00:00,-72.0,116.0,7.7818365,-0.42761764
2026-09-10 00:00:00,-72.0,118.0,7.791302,-0.4329594
2026-09-10 00:00:00,-72.0,120.0,7.769771,-0.45839068
2026-09-10 00:00:00,-72.0,122.0,7.661775,-0.4956836
2026-09-10 00:00:00,-72.0,124.0,7.8988805,-0.4750314
2026-09-10 00:00:00,-72.0,126.0,8.117521,-0.5246651
2026-09-10 00:00:00,-72.0,128.0,7.5619054,-0.50261784
2026-09-10 00:00:00,-72.0,130.0,7.1201625,-0.5510397
2026-09-10 00:00:00,-72.0,132.0,8.162647,-0.5213388
2026-09-10 00:00:00,-72.0,134.0,7.5337768,-0.5640174
2026-09-10 00:00:00,-72.0,136.0,7.93647,-0.57837486
2026-09-10 00:00:00,-72.0,138.0,8.070271,-0.6268918
2026-09-10 00:00:00,-72.0,140.0,7.653694,-0.5905655
2026-09-10 00:00:00,-72.0,142.0,7.670071,-0.6240798
2026-09-10 00:00:00,-72.0,144.0,7.423969,-0.6450071
2026-09-10 00:00:00,-72.0,146.0,7.2285604,-0.67472184
2026-09-10 00:00:00,-72.0,148.0,7.767071,-0.67163396
2026-09-10 00:00:00,-72.0,150.0,7.800349,-0.74544215
2026-09-10 00:00:00,-72.0,152.0,7.510286,-0.73653674
2026-09-10 00:00:00,-72.0,154.0,7.8298893,-0.78844917
2026-09-10 00:00:00,-72.0,156.0,8.170385,-0.7301891
2026-09-10 00:00:00,-72.0,158.0,7.7379394,-0.7759179
2026-09-10 00:00:00,-72.0,160.0,7.533631,-0.76736593
2026-09-10 00:00:00,-72.0,162.0,8.024544,-0.8242886
2026-09-10 00:00:00,-72.0,164.0,7.6035223,-0.7504006
2026-09-10 00:00:00,-72.0,166.0,7.6823564,-0.7895177
2026-09-10 00:00:00,-72.0,168.0,7.548777,-0.86203814
2026-09-10 00:00:00,-72.0,170.0,7.962044,-0.9034343
2026-09-10 00:00:00,-72.0,172.0,8.051201,-0.8503593
2026-09-10 00:00:00,-72.0,174.0,8.158717,-0.8657666
2026-09-10 00:00:00,-72.0,176.0,7.8637495,-0.86222774
2026-09-10 00:00:00,-72.0,178.0,7.4949384,-0.8373621
2026-09-10 00:00:00,-72.0,-180.0,8.352421,-0.8572665
2026-09-10 00:00:00,-70.0,-180.0,8.594908,-0.8741052
2026-09-10 00:00:00,-70.0,-178.0,9.304837,-0.86010355
2026-09-10 00:00:00,-70.0,-176.0,8.567783,-0.88315326
2026-09-10 00:00:00,-70.0,-174.0,8.821128,-0.86664915
2026-09-10 00:00:00,-70.0,-172.0,8.462027,-0.89693266
2026-09-10 00:00:00,-70.0,-170.0,8.859226,-0.8798239
2026-09-10 00:00:00,-70.0,-168.0,8.604248,-0.83268446
2026-09-10 00:00:00,-70.0,-166.0,9.197987,-0.86842096
2026-09-10 00:00:00,-70.0,-164.0,8.667573,-0.78872114
2026-09-10 00:00:00,-70.0,-162.0,8.761471,-0.81934625
2026-09-10 00:00:00,-70.0,-160.0,8.680379,-0.81246144
2026-09-10 00:00:00,-70.0,-158.0,8.822629,-0.79505414
2026-09-10 00:00:00,-70.0,-156.0,9.02031,-0.7311672
2026-09-10 00:00:00,-70.0,-154.0,8.97328,-0.7030914
2026-09-10 00:00:00,-70.0,-152.0,8.847942,-0.72941214
2026-09-10 00:00:00,-70.0,-150.0,8.835336,-0.6913767
2026-09-10 00:00:00,-70.0,-148.0,8.674722,-0.6792618
2026-09-10 00:00:00,-70.0,-146.0,8.377558,-0.6410205
2026-09-10 00:00:00,-70.0,-144.0,8.931961,-0.648761
2026-09-10 00:00:00,-70.0,-142.0,8.980146,-0.6351559
2026-09-10 00:00:00,-70.0,-140.0,9.074112,-0.6035368
2026-09-10 00:00:00,-70.0,-138.0,8.545214,-0.56571746
2026-09-10 00:00:00,-70.0,-136.0,9.251951,-0.57600975
2026-09-10 00:00:00,-70.0,-134.0,8.556218,-0.5741139
2026-09-10 00:00:00,-70.0,-132.0,8.400283,-0.5485076
2026-09-10 00:00:00,-70.0,-130.0,8.771841,-0.45367664
2026-09-10 00:00:00,-70.0,-128.0,8.690193,-0.52236974
2026-09-10 00:00:00,-70.0,-126.0,8.948271,-0.44424656
2026-09-10 00:00:00,-70.0,-124.0,8.760575,-0.4812603
2026-09-10 00:00:00,-70.0,-122.0,8.688921,-0.5317522
2026-09-10 00:00:00,-70.0,-120.0,9.084765,-0.43549678
2026-09-10 00:00:00,-70.0,-118.0,8.71742,-0.40831858
2026-09-10 00:00:00,-70.0,-116.0,8.707702,-0.43365648
2026-09-10 00:00:00,-70.0,-114.0,9.044239,-0.3844673
2026-09-10 00:00:00,-70.0,-112.0,8.805639,-0.37540618
2026-09-10 00:00:00,-70.0,-110.0,8.744298,-0.43584222
2026-09-10 00:00:00,-70.0,-108.0,8.8578005,-0.4239083
2026-09-10 00:00:00,-70.0,-106.0,8.881825,-0.44183674
2026-09-10 00:00:00,-70.0,-104.0,8.933945,-0.4304418
2026-09-10 00:00:00,-70.0,-102.0,8.571968,-0.45314246
2026-09-10 00:00:00,-70.0,-100.0,8.90667,-0.41019857
2026-09-10 00:00:00,-70.0,-98.0,8.506218,-0.42577004
2026-09-10 00:00:00,-70.0,-96.0,9.009672,-0.45024496
2026-09-10 00:00:00,-70.0,-94.0,9.110305,-0.4467891
2026-09-10 00:00:00,-70.0,-92.0,8.522828,-0.40692875
2026-09-10 00:00:00,-70.0,-90.0,8.584857,-0.41824496
2026-09-10 00:00:00,-70.0,-88.0,8.800478,-0.45722082
2026-09-10 00:00:00,-70.0,-86.0,8.694207,-0.33376718
2026-09-10 00:00:00,-70.0,-84.0,8.747595,-0.4951495
2026-09-10 00:00:00,-70.0,-82.0,8.950422,-0.47621176
2026-09-10 00:00:00,-70.0,-80.0,9.015192,-0.47714087
2026-09-10 00:00:00,-70.0,-78.0,8.343288,-0.52245045
2026-09-10 00:00:00,-70.0,-76.0,8.710395,-0.5126411
2026-09-10 00:00:00,-70.0,-74.0,8.170494,-0.53485996
2026-09-10 00:00:00,-70.0,-72.0,8.540191,-0.5091545
2026-09-10 00:00:00,-70.0,-70.0,9.026636,-0.4684324
2026-09-10 00:00:00,-70.0,-68.0,8.399338,-0.52361244
2026-09-10 00:00:00,-70.0,-66.0,8.824958,-0.4156737
2026-09-10 00:00:00,-70.0,-64.0,8.716042,-0.4630061
2026-09-10 00:00:00,-70.0,-62.0,8.679151,-0.42400795
2026-09-10 00:00:00,-70.0,-60.0,8.676298,-0.48379377
2026-09-10 00:00:00,-70.0,-58.0,8.7847805,-0.47239932
2026-09-10 00:00:00,-70.0,-56.0,8.700541,-0.48061854
2026-09-10 00:00:00,-70.0,-54.0,8.721288,-0.4300372
2026-09-10 00:00:00,-70.0,-52.0,8.391317,-0.47878984
2026-09-10 00:00:00,-70.0,-50.0,8.910854,-0.40629748
2026-09-10 00:00:00,-70.0,-48.0,8.578452,-0.34789857
2026-09-10 00:00:00,-70.0,-46.0,8.352382,-0.35288578
2026-09-10 00:00:00,-70.0,-44.0,8.421857,-0.3271185
2026-09-10 00:00:00,-70.0,-42.0,8.562526,-0.3409194
2026-09-10 00:00:00,-70.0,-40.0,8.988243,-0.28823858
2026-09-10 00:00:00,-70.0,-38.0,8.991202,-0.25435624
2026-09-10 00:00:00,-70.0,-36.0,8.899357,-0.28289807
2026-09-10 00:00:00,-70.0,-34.0,8.350514,-0.21245559
2026-09-10 00:00:00,-70.0,-32.0,8.730581,-0.25426987
2026-09-10 00:00:00,-70.0,-30.0,8.922213,-0.20954251
2026-09-10 00:00:00,-70.0,-28.0,8.900761,-0.13809009
2026-09-10 00:00:00,-70.0,-26.0,8.49578,-0.21251032
2026-09-10 00:00:00,-70.0,-24.0,8.564069,-0.19766189
2026-09-10 00:00:00,-70.0,-22.0,8.960635,-0.18626858
2026-09-10 00:00:00,-70.0,-20.0,8.22229,-0.10907645
2026-09-10 00:00:00,-70.0,-18.0,9.057729,-0.09124098
2026-09-10 00:00:00,-70.0,-16.0,8.663497,-0.10811361
2026-09-10 00:00:00,-70.0,-14.0,8.5568075,-0.056668166
2026-09-10 00:00:00,-70.0,-12.0,8.700635,-0.024602557
2026-09-10 00:00:00,-70.0,-10.0,8.630923,-0.07405614
2026-09-10 00:00:00,-70.0,-8.0,8.466995,-0.011627315
2026-09-10 00:00:00,-70.0,-6.0,8.730937,-0.06763653
2026-09-10 00:00:00,-70.0,-4.0,8.789587,-0.034022212
2026-09-10 00:00:00,-70.0,-2.0,8.392489,-0.05059572
2026-09-10 00:00:00,-70.0,0.0,8.649152,-0.06578936
2026-09-10 00:00:00,-70.0,2.0,8.689794,-0.019507097
2026-09-10 00:00:00,-70.0,4.0,8.970735,-0.057996985
2026-09-10 00:00:00,-70.0,6.0,8.445319,-0.06149997
2026-09-10 00:00:00,-70.0,8.0,8.520133,-0.03450925
2026-09-10 00:00:00,-70.0,10.0,8.601319,-0.042476695
2026-09-10 00:00:00,-70.0,12.0,9.101794,-0.11209408
2026-09-10 00:00:00,-70.0,14.0,8.433772,-0.00982744
2026-09-10 00:00:00,-70.0,16.0,9.039803,-0.110737674
2026-09-10 00:00:00,-70.0,18.0,8.382786,-0.089441754
2026-09-10 00:00:00,-70.0,20.0,8.896638,-0.17322701
2026-09-10 00:00:00,-70.0,22.0,8.746089,-0.13320063
2026-09-10 00:00:00,-70.0,24.0,8.609969,-0.12622714
2026-09-10 00:00:00,-70.0,26.0,8.594163,-0.121479236
2026-09-10 00:00:00,-70.0,28.0,8.649119,-0.19402148
2026-09-10 00:00:00,-70.0,30.0,8.643256,-0.19910711
2026-09-10 00:00:00,-70.0,32.0,8.754049,-0.21255732
2026-09-10 00:00:00,-70.0,34.0,8.649832,-0.25977576
2026-09-10 00:00:00,-70.0,36.0,8.87845,-0.28763992
2026-09-10 00:00:00,-70.0,38.0,9.160495,-0.29207996
2026-09-10 00:00:00,-70.0,40.0,8.764815,-0.2837481
2026-09-10 00:00:00,-70.0,42.0,8.750163,-0.2916592
2026-09-10 00:00:00,-70.0,44.0,8.583039,-0.2940997
2026-09-10 00:00:00,-70.0,46.0,8.7823925,-0.37701684
2026-09-10 00:00:00,-70.0,48.0,8.921217,-0.34273517
2026-09-10 00:00:00,-70.0,50.0,8.569763,-0.3758544
2026-09-10 00:00:00,-70.0,52.0,8.508458,-0.44741917
2026-09-10 00:00:00,-70.0,54.0,9.245465,-0.4440292
2026-09-10 00:00:00,-70.0,56.0,8.748774,-0.46880198
2026-09-10 00:00:00,-70.0,58.0,8.272126,-0.43771565
2026-09-10 00:00:00,-70.0,60.0,8.392553,-0.4754599
2026-09-10 00:00:00,-70.0,62.0,8.832897,-0.4488186
2026-09-10 00:00:00,-70.0,64.0,8.968175,-0.47299442
2026-09-10 00:00:00,-70.0,66.0,8.457745,-0.47358927
2026-09-10 00:00:00,-70.0,68.0,8.691568,-0.53068364
2026-09-10 00:00:00,-70.0,70.0,8.328135,-0.4777348
2026-09-10 00:00:00,-70.0,72.0,8.780622,-0.53222406
2026-09-10 00:00:00,-70.0,74.0,8.705913,-0.4623144
2026-09-10 00:00:00,-70.0,76.0,8.351381,-0.4568354
2026-09-10 00:00:00,-70.0,78.0,8.748939,-0.4517161
2026-09-10 00:00:00,-70.0,80.0,8.777039,-0.44194648
2026-09-10 00:00:00,-70.0,82.0,8.6764145,-0.42276967
2026-09-10 00:00:00,-70.0,84.0,8.345952,-0.45743012
2026-09-10 00:00:00,-70.0,86.0,8.251401,-0.509392
2026-09-10 00:00:00,-70.0,88.0,8.658261,-0.47151086
2026-09-10 00:00:00,-70.0,90.0,8.545182,-0.45099685
2026-09-10 00:00:00,-70.0,92.0,8.68379,-0.43920496
2026-09-10 00:00:00,-70.0,94.0,8.697864,-0.47730988
2026-09-10 00:00:00,-70.0,96.0,8.672047,-0.45191044
2026-09-10 00:00:00,-70.0,98.0,9.07257,-0.38602486
2026-09-10 00:00:00,-70.0,100.0,8.944633,-0.4183556
2026-09-10 00:00:00,-70.0,102.0,8.805786,-0.43686044
2026-09-10 00:00:00,-70.0,104.0,8.940937,-0.43369398
2026-09-10 00:00:00,-70.0,106.0,8.506502,-0.40913814
2026-09-10 00:00:00,-70.0,108.0,8.955497,-0.38781288
2026-09-10 00:00:00,-70.0,110.0,8.715482,-0.39085597
2026-09-10 00:00:00,-70.0,112.0,8.66748,-0.44624692
2026-09-10 00:00:00,-70.0,114.0,8.805495,-0.43089205
2026-09-10 00:00:00,-70.0,116.0,8.911252,-0.4315429
2026-09-10 00:00:00,-70.0,118.0,8.42303,-0.48594627
2026-09-10 00:00:00,-70.0,120.0,9.195047,-0.4353699
2026-09-10 00:00:00,-70.0,122.0,8.871269,-0.40916935
2026-09-10 00:00:00,-70.0,124.0,8.347087,-0.45337602
2026-09-10 00:00:00,-70.0,126.0,8.664153,-0.4854012
2026-09-10 00:00:00,-70.0,128.0,8.670631,-0.47734356
2026-09-10 00:00:00,-70.0,130.0,8.563477,-0.53595054
2026-09-10 00:00:00,-70.0,132.0,8.336606,-0.55836993
2026-09-10 00:00:00,-70.0,134.0,8.845242,-0.50066334
2026-09-10 00:00:00,-70.0,136.0,8.624094,-0.5405359
2026-09-10 00:00:00,-70.0,138.0,8.627488,-0.55046725
2026-09-10 00:00:00,-70.0,140.0,8.053528,-0.61053634
2026-09-10 00:00:00,-70.0,142.0,8.528891,-0.6250162
2026-09-10 00:00:00,-70.0,144.0,8.096153,-0.67223316
2026-09-10 00:00:00,-70.0,146.0,9.530101,-0.68480587
2026-09-10 00:00:00,-70.0,148.0,8.51321,-0.64537156
2026-09-10 00:00:00,-70.0,150.0,8.582015,-0.69404215
2026-09-10 00:00:00,-70.0,152.0,8.3761425,-0.64946824
2026-09-10 00:00:00,-70.0,154.0,8.635597,-0.6698736
2026-09-10 00:00:00,-70.0,156.0,8.953812,-0.7466324
2026-09-10 00:00:00,-70.0,158.0,8.8208275,-0.77092946
2026-09-10 00:00:00,-70.0,160.0,8.805672,-0.78319013
2026-09-10 00:00:00,-70.0,162.0,8.492036,-0.78240114
2026-09-10 00:00:00,-70.0,164.0,8.907942,-0.878254
2026-09-10 00:00:00,-70.0,166.0,9.242287,-0.8491262
2026-09-10 00:00:00,-70.0,168.0,9.217825,-0.8446327
2026-09-10 00:00:00,-70.0,170.0,8.448443,-0.89787
2026-09-10 00:00:00,-70.0,172.0,8.854687,-0.839889
2026-09-10 00:00:00,-70.0,174.0,8.861002,-0.89102244
2026-09-10 00:00:00,-70.0,176.0,9.104044,-0.86581755
2026-09-10 00:00:00,-70.0,178.0,8.6943035,-0.9275111
2026-09-10 00:00:00,-70.0,-180.0,9.044004,-0.88531464
2026-09-10 00:00:00,-68.0,-180.0,9.483433,-0.89140517
2026-09-10 00:00:00,-68.0,-178.0,9.944475,-0.83158153
2026-09-10 00:00:00,-68.0,-176.0,9.872141,-0.9072322
2026-09-10 00:00:00,-68.0,-174.0,9.625735,-0.9081148
2026-09-10 00:00:00,-68.0,-172.0,9.81521,-0.89221007
2026-09-10 00:00:00,-68.0,-170.0,9.664241,-0.8476966
2026-09-10 00:00:00,-68.0,-168.0,9.670662,-0.86461854
2026-09-10 00:00:00,-68.0,-166.0,9.697141,-0.8251357
2026-09-10 00:00:00,-68.0,-164.0,9.828173,-0.8147938
2026-09-10 00:00:00,-68.0,-162.0,9.593518,-0.84574705
2026-09-10 00:00:00,-68.0,-160.0,9.790327,-0.8149442
2026-09-10 00:00:00,-68.0,-158.0,9.697036,-0.78234506
2026-09-10 00:00:00,-68.0,-156.0,9.482703,-0.7395589
2026-09-10 00:00:00,-68.0,-154.0,9.925546,-0.685989
2026-09-10 00:00:00,-68.0,-152.0,9.572166,-0.73482436
2026-09-10 00:00:00,-68.0,-150.0,9.897883,-0.65032965
2026-09-10 00:00:00,-68.0,-148.0,9.715782,-0.7114054
2026-09-10 00:00:00,-68.0,-146.0,9.759952,-0.6160334
2026-09-10 00:00:00,-68.0,-144.0,9.842641,-0.6628638
2026-09-10 00:00:00,-68.0,-142.0,9.673577,-0.6341155
2026-09-10 00:00:00,-68.0,-140.0,9.96003,-0.6007872
2026-09-10 00:00:00,-68.0,-138.0,9.509927,-0.50986797
2026-09-10 00:00:00,-68.0,-136.0,9.410385,-0.5514166
2026-09-10 00:00:00,-68.0,-134.0,9.571383,-0.53362143
2026-09-10 00:00:00,-68.0,-132.0,9.710213,-0.5177027
2026-09-10 00:00:00,-68.0,-130.0,9.850653,-0.50479895
2026-09-10 00:00:00,-68.0,-128.0,9.857568,-0.4701692
2026-09-10 00:00:00,-68.0,-126.0,9.907464,-0.46340036
2026-09-10 00:00:00,-68.0,-124.0,9.5978775,-0.45100278
2026-09-10 00:00:00,-68.0,-122.0,10.11292,-0.46547267
2026-09-10 00:00:00,-68.0,-120.0,9.620977,-0.40852553
2026-09-10 00:00:00,-68.0,-118.0,9.892517,-0.3787014
2026-09-10 00:00:00,-68.0,-116.0,9.6678505,-0.43512654
2026-09-10 00:00:00,-68.0,-114.0,8.738777,-0.44276282
2026-09-10 00:00:00,-68.0,-112.0,9.321418,-0.37469512
2026-09-10 00:00:00,-68.0,-110.0,10.010154,-0.39093688
2026-09-10 00:00:00,-68.0,-108.0,9.72847,-0.40697625
2026-09-10 00:00:00,-68.0,-106.0,9.734161,-0.45482954
2026-09-10 00:00:00,-68.0,-104.0,9.973928,-0.33115613
2026-09-10 00:00:00,-68.0,-102.0,9.615569,-0.43951744
2026-09-10 00:00:00,-68.0,-100.0,9.712636,-0.3820115
2026-09-10 00:00:00,-68.0,-98.0,9.818315,-0.39153126
2026-09-10 00:00:00,-68.0,-96.0,9.685005,-0.35884082
2026-09-10 00:00:00,-68.0,-94.0,9.789156,-0.46671528
2026-09-10 00:00:00,-68.0,-92.0,9.485737,-0.4279597
2026-09-10 00:00:00,-68.0,-90.0,10.31372,-0.44453818
2026-09-10 00:00:00,-68.0,-88.0,9.268515,-0.45674178
2026-09-10 00:00:00,-68.0,-86.0,9.667447,-0.44560236
2026-09-10 00:00:00,-68.0,-84.0,9.524734,-0.46404922
2026-09-10 00:00:00,-68.0,-82.0,9.314285,-0.50339484
2026-09-10 00:00:00,-68.0,-80.0,10.075303,-0.48268598
2026-09-10 00:00:00,-68.0,-78.0,9.792515,-0.5105138
2026-09-10 00:00:00,-68.0,-76.0,9.371553,-0.4419879
2026-09-10 00:00:00,-68.0,-74.0,9.677856,-0.44459626
2026-09-10 00:00:00,-68.0,-72.0,9.412751,-0.4671212
2026-09-10 00:00:00,-68.0,-70.0,9.649353,-0.5034298
2026-09-10 00:00:00,-68.0,-68.0,9.53294,-0.50033176
2026-09-10 00:00:00,-68.0,-66.0,10.229195,-0.49321842
2026-09-10 00:00:00,-68.0,-64.0,9.508908,-0.46105066
2026-09-10 00:00:00,-68.0,-62.0,9.602474,-0.45636776
2026-09-10 00:00:00,-68.0,-60.0,9.95851,-0.510875
2026-09-10 00:00:00,-68.0,-58.0,9.810143,-0.4598662
2026-09-10 00:00:00,-68.0,-56.0,9.310901,-0.4317324
2026-09-10 00:00:00,-68.0,-54.0,9.787035,-0.4475435
2026-09-10 00:00:00,-68.0,-52.0,9.557776,-0.36756012
2026-09-10 00:00:00,-68.0,-50.0,9.483921,-0.36048383
2026-09-10 00:00:00,-68.0,-48.0,9.320992,-0.4071036
2026-09-10 00:00:00,-68.0,-46.0,9.754788,-0.38955218
2026-09-10 00:00:00,-68.0,-44.0,9.1195135,-0.33593857
2026-09-10 00:00:00,-68.0,-42.0,9.804296,-0.28981298
2026-09-10 00:00:00,-68.0,-40.0,10.025276,-0.28024387
2026-09-10 00:00:00,-68.0,-38.0,9.416408,-0.26111966
2026-09-10 00:00:00,-68.0,-36.0,9.475694,-0.33668932
2026-09-10 00:00:00,-68.0,-34.0,10.162679,-0.23058605
2026-09-10 00:00:00,-68.0,-32.0,9.651093,-0.27759925
2026-09-10 00:00:00,-68.0,-30.0,9.78424,-0.1917329
2026-09-10 00:00:00,-68.0,-28.0,9.987321,-0.17910956
2026-09-10 00:00:00,-68.0,-26.0,10.003178,-0.19022126
2026-09-10 00:00:00,-68.0,-24.0,9.60605,-0.11102598
2026-09-10 00:00:00,-68.0,-22.0,9.601672,-0.14123218
2026-09-10 00:00:00,-68.0,-20.0,9.588338,-0.1305747
2026-09-10 00:00:00,-68.0,-18.0,9.593605,-0.08246162
2026-09-10 00:00:00,-68.0,-16.0,9.58086,-0.071255125
2026-09-10 00:00:00,-68.0,-14.0,9.80694,-0.071999475
2026-09-10 00:00:00,-68.0,-12.0,9.48913,-0.035430893
2026-09-10 00:00:00,-68.0,-10.0,9.464767,-0.00273407
2026-09-10 00:00:00,-68.0,-8.0,9.524979,0.008163299
2026-09-10 00:00:00,-68.0,-6.0,9.513894,-0.044045035
2026-09-10 00:00:00,-68.0,-4.0,10.302252,-0.032794658
2026-09-10 00:00:00,-68.0,-2.0,9.254471,-0.009683865
2026-09-10 00:00:00,-68.0,0.0,9.89777,-0.017343463
2026-09-10 00:00:00,-68.0,2.0,9.321897,-0.01149264
2026-09-10 00:00:00,-68.0,4.0,9.694485,-0.0058524944
2026-09-10 00:00:00,-68.0,6.0,9.295211,0.042811558
2026-09-10 00:00:00,-68.0,8.0,9.480705,-0.04703497
2026-09-10 00:00:00,-68.0,10.0,9.565618,-0.0742309
2026-09-10 00:00:00,-68.0,12.0,9.701158,0.014181587
2026-09-10 00:00:00,-68.0,14.0,9.593889,-0.064912505
2026-09-10 00:00:00,-68.0,16.0,9.715715,-0.08013954
2026-09-10 00:00:00,-68.0,18.0,9.910573,-0.12538666
2026-09-10 00:00:00,-68.0,20.0,9.6065445,-0.092945285
2026-09-10 00:00:00,-68.0,22.0,9.803074,-0.098942704
2026-09-10 00:00:00,-68.0,24.0,9.298655,-0.09285294
2026-09-10 00:00:00,-68.0,26.0,9.918709,-0.20694724
2026-09-10 00:00:00,-68.0,28.0,9.818009,-0.23139036
2026-09-10 00:00:00,-68.0,30.0,10.086701,-0.24649607
2026-09-10 00:00:00,-68.0,32.0,9.884357,-0.16318715
2026-09-10 00:00:00,-68.0,34.0,9.556261,-0.2747211
2026-09-10 00:00:00,-68.0,36.0,9.8571615,-0.31718755
2026-09-10 00:00:00,-68.0,38.0,9.37245,-0.303915
2026-09-10 00:00:00,-68.0,40.0,9.247711,-0.31695747
2026-09-10 00:00:00,-68.0,42.0,9.691249,-0.3353218
2026-09-10 00:00:00,-68.0,44.0,9.887232,-0.34899879
2026-09-10 00:00:00,-68.0,46.0,9.902879,-0.3323573
2026-09-10 00:00:00,-68.0,48.0,9.563846,-0.36767745
2026-09-10 00:00:00,-68.0,50.0,9.919566,-0.39650822
2026-09-10 00:00:00,-68.0,52.0,9.729997,-0.42740875
2026-09-10 00:00:00,-68.0,54.0,9.639477,-0.49392045
2026-09-10 00:00:00,-68.0,56.0,9.428693,-0.39665222
2026-09-10 00:00:00,-68.0,58.0,10.103135,-0.41165915
2026-09-10 00:00:00,-68.0,60.0,9.392819,-0.43104377
2026-09-10 00:00:00,-68.0,62.0,9.38616,-0.46460786
2026-09-10 00:00:00,-68.0,64.0,9.555085,-0.5263478
2026-09-10 00:00:00,-68.0,66.0,9.726342,-0.4732257
2026-09-10 00:00:00,-68.0,68.0,9.404695,-0.44769078
2026-09-10 00:00:00,-68.0,70.0,9.65484,-0.4906332
2026-09-10 00:00:00,-68.0,72.0,9.650704,-0.47217605
2026-09-10 00:00:00,-68.0,74.0,9.309369,-0.43023372
2026-09-10 00:00:00,-68.0,76.0,9.887833,-0.45555076
2026-09-10 00:00:00,-68.0,78.0,9.273884,-0.48520234
2026-09-10 00:00:00,-68.0,80.0,9.791218,-0.50593174
2026-09-10 00:00:00,-68.0,82.0,9.392672,-0.51259124
2026-09-10 00:00:00,-68.0,84.0,10.172874,-0.42568696
2026-09-10 00:00:00,-68.0,86.0,9.791611,-0.4144562
2026-09-10 00:00:00,-68.0,88.0,10.130725,-0.38993236
2026-09-10 00:00:00,-68.0,90.0,9.98258,-0.52623385
2026-09-10 00:00:00,-68.0,92.0,9.1726055,-0.44736823
2026-09-10 00:00:00,-68.0,94.0,9.320561,-0.41805524
2026-09-10 00:00:00,-68.0,96.0,9.627953,-0.43558472
2026-09-10 00:00:00,-68.0,98.0,9.4718275,-0.44086117
2026-09-10 00:00:00,-68.0,100.0,10.121339,-0.38202703
2026-09-10 00:00:00,-68.0,102.0,9.597791,-0.42892197
2026-09-10 00:00:00,-68.0,104.0,9.811205,-0.43271515
2026-09-10 00:00:00,-68.0,106.0,9.516463,-0.37659532
2026-09-10 00:00:00,-68.0,108.0,9.881822,-0.38139567
2026-09-10 00:00:00,-68.0,110.0,9.534433,-0.3937745
2026-09-10 00:00:00,-68.0,112.0,9.860861,-0.42877308
2026-09-10 00:00:00,-68.0,114.0,9.471677,-0.4036452
2026-09-10 00:00:00,-68.0,116.0,10.28908,-0.4143191
2026-09-10 00:00:00,-68.0,118.0,9.901422,-0.37262505
2026-09-10 00:00:00,-68.0,120.0,9.836473,-0.40374747
2026-09-10 00:00:00,-68.0,122.0,9.833162,-0.44144014
2026-09-10 00:00:00,-68.0,124.0,9.630463,-0.39862138
2026-09-10 00:00:00,-68.0,126.0,9.442235,-0.4902318
2026-09-10 00:00:00,-68.0,128.0,9.390259,-0.46641603
2026-09-10 00:00:00,-68.0,130.0,9.698398,-0.4808865
2026-09-10 00:00:00,-68.0,132.0,9.378308,-0.5131972
2026-09-10 00:00:00,-68.0,134.0,10.008454,-0.5346548
2026-09-10 00:00:00,-68.0,136.0,9.729788,-0.5661396
2026-09-10 00:00:00,-68.0,138.0,10.085538,-0.5685476
2026-09-10 00:00:00,-68.0,140.0,9.611773,-0.572924
2026-09-10 00:00:00,-68.0,142.0,9.69394,-0.5511698
2026-09-10 00:00:00,-68.0,144.0,9.661422,-0.6263757
2026-09-10 00:00:00,-68.0,146.0,9.887832,-0.6535846
2026-09-10 00:00:00,-68.0,148.0,9.648748,-0.64901966
2026-09-10 00:00:00,-68.0,150.0,9.376914,-0.73245525
2026-09-10 00:00:00,-68.0,152.0,9.945331,-0.6809236
2026-09-10 00:00:00,-68.0,154.0,9.470766,-0.7154187
2026-09-10 00:00:00,-68.0,156.0,9.442889,-0.7863852
2026-09-10 00:00:00,-68.0,158.0,9.394094,-0.7368116
2026-09-10 00:00:00,-68.0,160.0,9.900462,-0.78898895
2026-09-10 00:00:00,-68.0,162.0,9.324535,-0.8216839
2026-09-10 00:00:00,-68.0,164.0,9.854876,-0.80717605
2026-09-10 00:00:00,-68.0,166.0,10.13609,-0.8445363
2026-09-10 00:00:00,-68.0,168.0,9.679155,-0.89065534
2026-09-10 00:00:00,-68.0,170.0,9.490022,-0.83776444
2026-09-10 00:00:00,-68.0,172.0,9.921475,-0.8358839
2026-09-10 00:00:00,-68.0,174.0,9.701597,-0.9363305
2026-09-10 00:00:00,-68.0,176.0,9.395139,-0.8954985
2026-09-10 00:00:00,-68.0,178.0,9.669265,-0.93834865
2026-09-10 00:00:00,-68.0,-180.0,9.581851,-0.8397171
2026-09-10 00:00:00,-66.0,-180.0,10.156804,-0.88108456
2026-09-10 00:00:00,-66.0,-178.0,10.457372,-0.863757
2026-09-10 00:00:00,-66.0,-176.0,10.999244,-0.86889267
2026-09-10 00:00:00,-66.0,-174.0,10.892712,-0.8326128
2026-09-10 00:00:00,-66.0,-172.0,10.70641,-0.83570987
2026-09-10 00:00:00,-66.0,-170.0,10.768024,-0.8421045
2026-09-10 00:00:00,-66.0,-168.0,10.670398,-0.8027651
2026-09-10 00:00:00,-66.0,-166.0,10.640269,-0.8780354
2026-09-10 00:00:00,-66.0,-164.0,10.246894,-0.8267733
2026-09-10 00:00:00,-66.0,-162.0,10.610208,-0.79372764
2026-09-10 00:00:00,-66.0,-160.0,10.311023,-0.7280085
2026-09-10 00:00:00,-66.0,-158.0,10.702598,-0.80310136
2026-09-10 00:00:00,-66.0,-156.0,10.291535,-0.72484297
2026-09-10 00:00:00,-66.0,-154.0,10.830825,-0.76625
2026-09-10 00:00:00,-66.0,-152.0,10.22132,-0.70475215
2026-09-10 00:00:00,-66.0,-150.0,10.536137,-0.6947687
2026-09-10 00:00:00,-66.0,-148.0,10.651714,-0.6275788
2026-09-10 00:00:00,-66.0,-146.0,10.180333,-0.5905372
2026-09-10 00:00:00,-66.0,-144.0,10.424812,-0.5964283
2026-09-10 00:00:00,-66.0,-142.0,10.672531,-0.6476243
2026-09-10 00:00:00,-66.0,-140.0,10.671328,-0.5715478
2026-09-10 00:00:00,-66.0,-138.0,10.456864,-0.5680777
2026-09-10 00:00:00,-66.0,-136.0,10.342559,-0.5678038
2026-09-10 00:00:00,-66.0,-134.0,10.284825,-0.5262024
2026-09-10 00:00:00,-66.0,-132.0,10.646694,-0.5260064
2026-09-10 00:00:00,-66.0,-130.0,10.468046,-0.50455934
2026-09-10 00:00:00,-66.0,-128.0,11.198075,-0.49363393
2026-09-10 00:00:00,-66.0,-126.0,11.176202,-0.5302628
2026-09-10 00:00:00,-66.0,-124.0,10.530169,-0.4596258
2026-09-10 00:00:00,-66.0,-122.0,10.482349,-0.3805957
2026-09-10 00:00:00,-66.0,-120.0,10.680623,-0.4106897
2026-09-10 00:00:00,-66.0,-118.0,10.78718,-0.44609034
2026-09-10 00:00:00,-66.0,-116.0,10.960061,-0.39516762
2026-09-10 00:00:00,-66.0,-114.0,10.101102,-0.40392488
2026-09-10 00:00:00,-66.0,-112.0,10.893555,-0.39319998
2026-09-10 00:00:00,-66.0,-110.0,10.579179,-0.38704658
2026-09-10 00:00:00,-66.0,-108.0,10.442273,-0.37575164
2026-09-10 00:00:00,-66.0,-106.0,10.402969,-0.42440334
2026-09-10 00:00:00,-66.0,-104.0,10.248733,-0.42151374
2026-09-10 00:00:00,-66.0,-102.0,10.857287,-0.36515376
2026-09-10 00:00:00,-66.0,-100.0,10.270356,-0.40224037
2026-09-10 00:00:00,-66.0,-98.0,10.610475,-0.4629308
2026-09-10 00:00:00,-66.0,-96.0,10.855539,-0.41644096
2026-09-10 00:00:00,-66.0,-94.0,10.505307,-0.38337615
2026-09-10 00:00:00,-66.0,-92.0,10.49115,-0.4499347
2026-09-10 00:00:00,-66.0,-90.0,10.523643,-0.44451293
2026-09-10 00:00:00,-66.0,-88.0,11.029582,-0.406549
2026-09-10 00:00:00,-66.0,-86.0,10.33233,-0.48826814
2026-09-10 00:00:00,-66.0,-84.0,10.640545,-0.49226117
2026-09-10 00:00:00,-66.0,-82.0,10.956271,-0.43804082
2026-09-10 00:00:00,-66.0,-80.0,10.691011,-0.48009405
2026-09-10 00:00:00,-66.0,-78.0,10.007008,-0.47714168
2026-09-10 00:00:00,-66.0,-76.0,10.528957,-0.4563067
2026-09-10 00:00:00,-66.0,-74.0,10.556714,-0.4436608
2026-09-10 00:00:00,-66.0,-72.0,11.131913,-0.48681182
2026-09-10 00:00:00,-66.0,-70.0,10.607583,-0.4465209
2026-09-10 00:00:00,-66.0,-68.0,10.393591,-0.47216597
2026-09-10 00:00:00,-66.0,-66.0,10.529661,-0.46804047
2026-09-10 00:00:00,-66.0,-64.0,10.734033,-0.42290437
2026-09-10 00:00:00,-66.0,-62.0,10.495238,-0.50537443
2026-09-10 00:00:00,-66.0,-60.0,10.717796,-0.47909632
2026-09-10 00:00:00,-66.0,-58.0,10.261319,-0.46309096
2026-09-10 00:00:00,-66.0,-56.0,10.545471,-0.43419382
2026-09-10 00:00:00,-66.0,-54.0,10.434164,-0.412762
2026-09-10 00:00:00,-66.0,-52.0,10.5053005,-0.41236448
2026-09-10 00:00:00,-66.0,-50.0,10.80195,-0.37727922
2026-09-10 00:00:00,-66.0,-48.0,10.494209,-0.37138522
2026-09-10 00:00:00,-66.0,-46.0,10.436978,-0.3675148
2026-09-10 00:00:00,-66.0,-44.0,10.9892435,-0.32166758
2026-09-10 00:00:00,-66.0,-42.0,10.695094,-0.31691784
2026-09-10 00:00:00,-66.0,-40.0,10.663031,-0.32729343
2026-09-10 00:00:00,-66.0,-38.0,10.248915,-0.263084
2026-09-10 00:00:00,-66.0,-36.0,10.568857,-0.23106864
2026-09-10 00:00:00,-66.0,-34.0,10.498677,-0.2957777
2026-09-10 00:00:00,-66.0,-32.0,10.616844,-0.2655509
2026-09-10 00:00:00,-66.0,-30.0,10.5626955,-0.21656701
2026-09-10 00:00:00,-66.0,-28.0,10.466811,-0.1817548
2026-09-10 00:00:00,-66.0,-26.0,10.223846,-0.15902546
2026-09-10 00:00:00,-66.0,-24.0,10.489709,-0.15528594
2026-09-10 00:00:00,-66.0,-22.0,10.204213,-0.084930025
2026-09-10 00:00:00,-66.0,-20.0,10.90138,-0.093724765
2026-09-10 00:00:00,-66.0,-18.0,10.421694,-0.06336282
2026-09-10 00:00:00,-66.0,-16.0,10.754572,-0.07721155
2026-09-10 00:00:00,-66.0,-14.0,10.428526,-0.12543479
2026-09-10 00:00:00,-66.0,-12.0,10.580936,-0.021912185
2026-09-10 00:00:00,-66.0,-10.0,9.966217,-0.055960856
2026-09-10 00:00:00,-66.0,-8.0,10.247203,0.01133314
2026-09-10 00:00:00,-66.0,-6.0,10.519221,-0.022399202
2026-09-10 00:00:00,-66.0,-4.0,10.653586,-0.06505638
2026-09-10 00:00:00,-66.0,-2.0,10.700472,-0.02204337
2026-09-10 00:00:00,-66.0,0.0,10.986494,0.039667167
2026-09-10 00:00:00,-66.0,2.0,10.736836,0.01210435
2026-09-10 00:00:00,-66.0,4.0,10.138645,-0.04478505
2026-09-10 00:00:00,-66.0,6.0,10.290507,-0.0055040857
2026-09-10 00:00:00,-66.0,8.0,10.82468,-0.007785617
2026-09-10 00:00:00,-66.0,10.0,10.51467,-0.03923153
2026-09-10 00:00:00,-66.0,12.0,10.908241,-0.02501043
2026-09-10 00:00:00,-66.0,14.0,10.466399,-0.048737638
2026-09-10 00:00:00,-66.0,16.0,10.388441,-0.09158287
2026-09-10 00:00:00,-66.0,18.0,10.476659,-0.13112894
2026-09-10 00:00:00,-66.0,20.0,10.344308,-0.08931502
2026-09-10 00:00:00,-66.0,22.0,10.548521,-0.10217881
2026-09-10 00:00:00,-66.0,24.0,11.0735035,-0.17621836
2026-09-10 00:00:00,-66.0,26.0,10.148741,-0.18033648
2026-09-10 00:00:00,-66.0,28.0,10.922232,-0.24365115
2026-09-10 00:00:00,-66.0,30.0,10.394445,-0.19727184
2026-09-10 00:00:00,-66.0,32.0,10.351675,-0.21572788
2026-09-10 00:00:00,-66.0,34.0,10.339117,-0.22948207
2026-09-10 00:00:00,-66.0,36.0,10.4285965,-0.23116924
2026-09-10 00:00:00,-66.0,38.0,10.651413,-0.3152163
2026-09-10 00:00:00,-66.0,40.0,10.406591,-0.28780425
2026-09-10 00:00:00,-66.0,42.0,10.660943,-0.29071963
2026-09-10 00:00:00,-66.0,44.0,10.343575,-0.34326115
2026-09-10 00:00:00,-66.0,46.0,10.858493,-0.35932502
2026-09-10 00:00:00,-66.0,48.0,10.684746,-0.36674455
2026-09-10 00:00:00,-66.0,50.0,10.343318,-0.42220685
2026-09-10 00:00:00,-66.0,52.0,10.247882,-0.37858498
2026-09-10 00:00:00,-66.0,54.0,10.71499,-0.42425853
2026-09-10 00:00:00,-66.0,56.0,11.111856,-0.3838021
2026-09-10 00:00:00,-66.0,58.0,9.984507,-0.45751607
2026-09-10 00:00:00,-66.0,60.0,10.765232,-0.4543582
2026-09-10 00:00:00,-66.0,62.0,10.436266,-0.46708253
2026-09-10 00:00:00,-66.0,64.0,10.624807,-0.49035558
2026-09-10 00:00:00,-66.0,66.0,10.493882,-0.49355337
2026-09-10 00:00:00,-66.0,68.0,10.154473,-0.45438123
2026-09-10 00:00:00,-66.0,70.0,10.651359,-0.42715693
2026-09-10 00:00:00,-66.0,72.0,10.889067,-0.49110427
2026-09-10 00:00:00,-66.0,74.0,10.590898,-0.4674469
2026-09-10 00:00:00,-66.0,76.0,10.757148,-0.40235436
2026-09-10 00:00:00,-66.0,78.0,10.458423,-0.44537988
2026-09-10 00:00:00,-66.0,80.0,10.135336,-0.52953315
2026-09-10 00:00:00,-66.0,82.0,10.358055,-0.4894636
2026-09-10 00:00:00,-66.0,84.0,10.775179,-0.5103439
2026-09-10 00:00:00,-66.0,86.0,10.816765,-0.40782508
2026-09-10 00:00:00,-66.0,88.0,11.1073475,-0.49041128
2026-09-10 00:00:00,-66.0,90.0,10.359318,-0.4435537
2026-09-10 00:00:00,-66.0,92.0,10.458899,-0.45546067
2026-09-10 00:00:00,-66.0,94.0,10.381769,-0.40565115
2026-09-10 00:00:00,-66.0,96.0,10.814805,-0.40276432
2026-09-10 00:00:00,-66.0,98.0,10.127519,-0.43001074
2026-09-10 00:00:00,-66.0,100.0,10.564471,-0.39013907
2026-09-10 00:00:00,-66.0,102.0,10.795928,-0.3945861
2026-09-10 00:00:00,-66.0,104.0,10.527461,-0.46122864
2026-09-10 00:00:00,-66.0,106.0,10.783074,-0.41617015
2026-09-10 00:00:00,-66.0,108.0,10.818541,-0.40309367
2026-09-10 00:00:00,-66.0,110.0,10.915442,-0.38360402
2026-09-10 00:00:00,-66.0,112.0,10.697844,-0.4480476
2026-09-10 00:00:00,-66.0,114.0,10.636302,-0.3790333
2026-09-10 00:00:00,-66.0,116.0,10.5176325,-0.42502913
2026-09-10 00:00:00,-66.0,118.0,10.479281,-0.44449914
2026-09-10 00:00:00,-66.0,120.0,10.542552,-0.4809621
2026-09-10 00:00:00,-66.0,122.0,10.396314,-0.45294172
2026-09-10 00:00:00,-66.0,124.0,10.499362,-0.45611987
2026-09-10 00:00:00,-66.0,126.0,10.38147,-0.50807047
2026-09-10 00:00:00,-66.0,128.0,10.686083,-0.46184954
2026-09-10 00:00:00,-66.0,130.0,10.527079,-0.44695702
2026-09-10 00:00:00,-66.0,132.0,10.8888645,-0.5168629
2026-09-10 00:00:00,-66.0,134.0,10.735132,-0.50859535
2026-09-10 00:00:00,-66.0,136.0,10.666684,-0.5124691
2026-09-10 00:00:00,-66.0,138.0,10.851504,-0.55659
2026-09-10 00:00:00,-66.0,140.0,10.361147,-0.5443955
2026-09-10 00:00:00,-66.0,142.0,10.10097,-0.6268327
2026-09-10 00:00:00,-66.0,144.0,10.728816,-0.63544863
2026-09-10 00:00:00,-66.0,146.0,10.520257,-0.627851
2026-09-10 00:00:00,-66.0,148.0,10.609286,-0.6831018
2026-09-10 00:00:00,-66.0,150.0,10.873774,-0.63103545
2026-09-10 00:00:00,-66.0,152.0,10.5296135,-0.6149389
2026-09-10 00:00:00,-66.0,154.0,10.656554,-0.7240719
2026-09-10 00:00:00,-66.0,156.0,10.488143,-0.74722993
2026-09-10 00:00:00,-66.0,158.0,10.628993,-0.7866177
2026-09-10 00:00:00,-66.0,160.0,10.170647,-0.7705489
2026-09-10 00:00:00,-66.0,162.0,10.354941,-0.80358833
2026-09-10 00:00:00,-66.0,164.0,10.407917,-0.7996266
2026-09-10 00:00:00,-66.0,166.0,10.4462805,-0.79813766
2026-09-10 00:00:00,-66.0,168.0,11.261173,-0.8248834
2026-09-10 00:00:00,-66.0,170.0,10.684629,-0.880665
2026-09-10 00:00:00,-66.0,172.0,11.195146,-0.877782
2026-09-10 00:00:00,-66.0,174.0,10.64434,-0.8528198
2026-09-10 00:00:00,-66.0,176.0,10.1490965,-0.8976881
2026-09-10 00:00:00,-66.0,178.0,10.649157,-0.819402
2026-09-10 00:00:00,-66.0,-180.0,10.456925,-0.8637045
2026-09-10 00:00:00,-64.0,-180.0,12.157821,-0.8775507
2026-09-10 00:00:00,-64.0,-178.0,11.336319,-0.89569634
2026-09-10 00:00:00,-64.0,-176.0,11.51804,-0.82156616
2026-09-10 00:00:00,-64.0,-174.0,11.7661915,-0.8354895
2026-09-10 00:00:00,-64.0,-172.0,11.694707,-0.8109527
2026-09-10 00:00:00,-64.0,-170.0,10.96733,-0.8179823
2026-09-10 00:00:00,-64.0,-168.0,11.617732,-0.7996118
2026-09-10 00:00:00,-64.0,-166.0,11.612864,-0.85542566
2026-09-10 00:00:00,-64.0,-164.0,11.417028,-0.80679184
2026-09-10 00:00:00,-64.0,-162.0,11.141467,-0.82886773
2026-09-10 00:00:00,-64.0,-160.0,11.790668,-0.7453362
2026-09-10 00:00:00,-64.0,-158.0,11.166535,-0.7222475
2026-09-10 00:00:00,-64.0,-156.0,11.635848,-0.7149676
2026-09-10 00:00:00,-64.0,-154.0,11.770831,-0.68517303
2026-09-10 00:00:00,-64.0,-152.0,11.373882,-0.68582344
2026-09-10 00:00:00,-64.0,-150.0,11.184048,-0.63612187
2026-09-10 00:00:00,-64.0,-148.0,11.215874,-0.6009412
2026-09-10 00:00:00,-64.0,-146.0,11.324112,-0.61667603
2026-09-10 00:00:00,-64.0,-144.0,11.095289,-0.5700393
2026-09-10 00:00:00,-64.0,-142.0,11.474542,-0.5579724
2026-09-10 00:00:00,-64.0,-140.0,11.727447,-0.56417006
2026-09-10 00:00:00,-64.0,-138.0,11.316995,-0.52440697
2026-09-10 00:00:00,-64.0,-136.0,11.6132345,-0.57633096
2026-09-10 00:00:00,-64.0,-134.0,11.297834,-0.5703987
2026-09-10 00:00:00,-64.0,-132.0,11.426329,-0.4627329
2026-09-10 00:00:00,-64.0,-130.0,11.423834,-0.524872
2026-09-10 00:00:00,-64.0,-128.0,12.009069,-0.50486887
2026-09-10 00:00:00,-64.0,-126.0,11.954101,-0.402227
2026-09-10 00:00:00,-64.0,-124.0,11.6580515,-0.41899994
2026-09-10 00:00:00,-64.0,-122.0,10.885832,-0.41384572
2026-09-10 00:00:00,-64.0,-120.0,11.3474045,-0.40448123
2026-09-10 00:00:00,-64.0,-118.0,11.472246,-0.4101702
2026-09-10 00:00:00,-64.0,-116.0,11.675216,-0.42465264
2026-09-10 00:00:00,-64.0,-114.0,10.857626,-0.3706377
2026-09-10 00:00:00,-64.0,-112.0,11.471032,-0.3988604
2026-09-10 00:00:00,-64.0,-110.0,11.092343,-0.38395607
2026-09-10 00:00:00,-64.0,-108.0,11.651097,-0.39192772
2026-09-10 00:00:00,-64.0,-106.0,11.62812,-0.39305136
2026-09-10 00:00:00,-64.0,-104.0,11.618084,-0.36333755
2026-09-10 00:00:00,-64.0,-102.0,11.7702,-0.44557095
2026-09-10 00:00:00,-64.0,-100.0,11.440736,-0.40758777
2026-09-10 00:00:00,-64.0,-98.0,11.331274,-0.42292136
2026-09-10 00:00:00,-64.0,-96.0,11.289337,-0.38566786
2026-09-10 00:00:00,-64.0,-94.0,11.7059355,-0.47403023
2026-09-10 00:00:00,-64.0,-92.0,11.23909,-0.38972783
2026-09-10 00:00:00,-64.0,-90.0,11.71205,-0.37011942
2026-09-10 00:00:00,-64.0,-88.0,11.241366,-0.412248
2026-09-10 00:00:00,-64.0,-86.0,11.672759,-0.44340923
2026-09-10 00:00:00,-64.0,-84.0,11.185105,-0.4096503
2026-09-10 00:00:00,-64.0,-82.0,11.631198,-0.4427909
2026-09-10 00:00:00,-64.0,-80.0,11.731445,-0.4528083
2026-09-10 00:00:00,-64.0,-78.0,11.321848,-0.49787453
2026-09-10 00:00:00,-64.0,-76.0,11.422632,-0.526556
2026-09-10 00:00:00,-64.0,-74.0,11.406113,-0.43439892
2026-09-10 00:00:00,-64.0,-72.0,11.247355,-0.49193776
2026-09-10 00:00:00,-64.0,-70.0,11.343486,-0.46901184
2026-09-10 00:00:00,-64.0,-68.0,11.580037,-0.46952105
2026-09-10 00:00:00,-64.0,-66.0,11.655636,-0.43806484
2026-09-10 00:00:00,-64.0,-64.0,11.050449,-0.48813438
2026-09-10 00:00:00,-64.0,-62.0,11.999255,-0.45376623
2026-09-10 00:00:00,-64.0,-60.0,11.415481,-0.44054002
2026-09-10 00:00:00,-64.0,-58.0,11.301288,-0.43848506
2026-09-10 00:00:00,-64.0,-56.0,11.689109,-0.39413804
2026-09-10 00:00:00,-64.0,-54.0,11.8254795,-0.42409503
2026-09-10 00:00:00,-64.0,-52.0,11.037834,-0.35262358
2026-09-10 00:00:00,-64.0,-50.0,11.289654,-0.39622298
2026-09-10 00:00:00,-64.0,-48.0,11.690468,-0.42850974
2026-09-10 00:00:00,-64.0,-46.0,11.984402,-0.3468864
2026-09-10 00:00:00,-64.0,-44.0,11.655298,-0.3451233
2026-09-10 00:00:00,-64.0,-42.0,11.662939,-0.30115288
2026-09-10 00:00:00,-64.0,-40.0,11.938253,-0.25723615
2026-09-10 00:00:00,-64.0,-38.0,11.787201,-0.23673679
2026-09-10 00:00:00,-64.0,-36.0,11.362204,-0.2554834
2026-09-10 00:00:00,-64.0,-34.0,11.574342,-0.24144976
2026-09-10 00:00:00,-64.0,-32.0,11.718258,-0.16217306
2026-09-10 00:00:00,-64.0,-30.0,11.930137,-0.14730915
2026-09-10 00:00:00,-64.0,-28.0,11.356322,-0.15080366
2026-09-10 00:00:00,-64.0,-26.0,11.53566,-0.15600319
2026-09-10 00:00:00,-64.0,-24.0,11.711994,-0.09171875
2026-09-10 00:00:00,-64.0,-22.0,11.03505,-0.12749845
2026-09-10 00:00:00,-64.0,-20.0,10.985505,-0.13703781
2026-09-10 00:00:00,-64.0,-18.0,11.745214,-0.060367238
2026-09-10 00:00:00,-64.0,-16.0,11.212882,-0.060468744
2026-09-10 00:00:00,-64.0,-14.0,11.229673,-0.0070477678
2026-09-10 00:00:00,-64.0,-12.0,11.314075,-0.08843586
2026-09-10 00:00:00,-64.0,-10.0,11.826457,-0.03492074
2026-09-10 00:00:00,-64.0,-8.0,11.37626,-0.08334523
2026-09-10 00:00:00,-64.0,-6.0,11.455041,0.0011943976
2026-09-10 00:00:00,-64.0,-4.0,11.769744,-0.030928148
2026-09-10 00:00:00,-64.0,-2.0,11.677924,-0.009972957
2026-09-10 00:00:00,-64.0,0.0,11.748871,0.04389773
2026-09-10 00:00:00,-64.0,2.0,11.80435,0.0066277473
2026-09-10 00:00:00,-64.0,4.0,11.738028,0.037260897
2026-09-10 00:00:00,-64.0,6.0,11.698932,-0.03831272
2026-09-10 00:00:00,-64.0,8.0,12.2813015,0.0020076744
2026-09-10 00:00:00,-64.0,10.0,11.46675,-0.07215291
2026-09-10 00:00:00,-64.0,12.0,11.007767,-0.048122745
2026-09-10 00:00:00,-64.0,14.0,11.560849,-0.052918836
2026-09-10 00:00:00,-64.0,16.0,11.984237,-0.06658134
2026-09-10 00:00:00,-64.0,18.0,11.603134,-0.11601714
2026-09-10 00:00:00,-64.0,20.0,11.97683,-0.091509186
2026-09-10 00:00:00,-64.0,22.0,11.800978,-0.08205752
2026-09-10 00:00:00,-64.0,24.0,10.891477,-0.12281654
2026-09-10 00:00:00,-64.0,26.0,11.269019,-0.12250194
2026-09-10 00:00:00,-64.0,28.0,11.384489,-0.13185525
2026-09-10 00:00:00,-64.0,30.0,11.304991,-0.14900087
2026-09-10 00:00:00,-64.0,32.0,11.314608,-0.17672601
2026-09-10 00:00:00,-64.0,34.0,11.660537,-0.21716344
2026-09-10 00:00:00,-64.0,36.0,11.630701,-0.33801782
2026-09-10 00:00:00,-64.0,38.0,11.532709,-0.25913328
2026-09-10 00:00:00,-64.0,40.0,11.669828,-0.29163203
2026-09-10 00:00:00,-64.0,42.0,11.757201,-0.2605843
2026-09-10 00:00:00,-64.0,44.0,11.452422,-0.33238667
2026-09-10 00:00:00,-64.0,46.0,11.397302,-0.38161755
2026-09-10 00:00:00,-64.0,48.0,11.989425,-0.30955148
2026-09-10 00:00:00,-64.0,50.0,11.589196,-0.3851102
2026-09-10 00:00:00,-64.0,52.0,11.798693,-0.38637832
2026-09-10 00:00:00,-64.0,54.0,11.603673,-0.3602148
2026-09-10 00:00:00,-64.0,56.0,11.550314,-0.48261428
2026-09-10 00:00:00,-64.0,58.0,11.881082,-0.3985591
2026-09-10 00:00:00,-64.0,60.0,11.812032,-0.48258254
2026-09-10 00:00:00,-64.0,62.0,11.610962,-0.4301357
2026-09-10 00:00:00,-64.0,64.0,11.656527,-0.41126275
2026-09-10 00:00:00,-64.0,66.0,11.458955,-0.39605656
2026-09-10 00:00:00,-64.0,68.0,11.464061,-0.44852343
2026-09-10 00:00:00,-64.0,70.0,11.013394,-0.40951362
2026-09-10 00:00:00,-64.0,72.0,11.354006,-0.49023196
2026-09-10 00:00:00,-64.0,74.0,11.74703,-0.4475319
2026-09-10 00:00:00,-64.0,76.0,11.44858,-0.44580692
2026-09-10 00:00:00,-64.0,78.0,11.378338,-0.51094955
2026-09-10 00:00:00,-64.0,80.0,11.482115,-0.4330633
2026-09-10 00:00:00,-64.0,82.0,11.145461,-0.45593825
2026-09-10 00:00:00,-64.0,84.0,11.269266,-0.46071932
2026-09-10 00:00:00,-64.0,86.0,11.525906,-0.46593237
2026-09-10 00:00:00,-64.0,88.0,11.963506,-0.40520307
2026-09-10 00:00:00,-64.0,90.0,11.603394,-0.41550866
2026-09-10 00:00:00,-64.0,92.0,11.446812,-0.39783
2026-09-10 00:00:00,-64.0,94.0,11.349915,-0.42756876
2026-09-10 00:00:00,-64.0,96.0,10.952955,-0.42112723
2026-09-10 00:00:00,-64.0,98.0,11.125501,-0.39862117
2026-09-10 00:00:00,-64.0,100.0,11.428421,-0.40026155
2026-09-10 00:00:00,-64.0,102.0,11.551208,-0.39012617
2026-09-10 00:00:00,-64.0,104.0,11.378197,-0.3852755
2026-09-10 00:00:00,-64.0,106.0,11.465542,-0.40932268
2026-09-10 00:00:00,-64.0,108.0,11.138212,-0.37261122
2026-09-10 00:00:00,-64.0,110.0,11.987558,-0.4020009
2026-09-10 00:00:00,-64.0,112.0,11.362721,-0.43458548
2026-09-10 00:00:00,-64.0,114.0,11.383908,-0.43572956
2026-09-10 00:00:00,-64.0,116.0,11.481382,-0.39316475
2026-09-10 00:00:00,-64.0,118.0,11.139193,-0.42451394
2026-09-10 00:00:00,-64.0,120.0,11.522902,-0.4472884
2026-09-10 00:00:00,-64.0,122.0,11.846355,-0.35972965
2026-09-10 00:00:00,-64.0,124.0,12.004543,-0.44994438
2026-09-10 00:00:00,-64.0,126.0,11.45936,-0.49021333
2026-09-10 00:00:00,-64.0,128.0,11.821953,-0.50267595
2026-09-10 00:00:00,-64.0,130.0,11.2002535,-0.4434403
2026-09-10 00:00:00,-64.0,132.0,11.79729,-0.5446844
2026-09-10 00:00:00,-64.0,134.0,11.583971,-0.52917993
2026-09-10 00:00:00,-64.0,136.0,11.639818,-0.57603616
2026-09-10 00:00:00,-64.0,138.0,11.652981,-0.57287556
2026-09-10 00:00:00,-64.0,140.0,11.280932,-0.6176211
2026-09-10 00:00:00,-64.0,142.0,11.288768,-0.54402757
2026-09-10 00:00:00,-64.0,144.0,11.237057,-0.5885506
2026-09-10 00:00:00,-64.0,146.0,11.314781,-0.63302255
2026-09-10 00:00:00,-64.0,148.0,11.570811,-0.67814124
2026-09-10 00:00:00,-64.0,150.0,11.6070385,-0.66319215
2026-09-10 00:00:00,-64.0,152.0,11.103563,-0.7019942
2026-09-10 00:00:00,-64.0,154.0,11.971186,-0.6739228
2026-09-10 00:00:00,-64.0,156.0,11.48701,-0.7299085
2026-09-10 00:00:00,-64.0,158.0,11.23267,-0.7201246
2026-09-10 00:00:00,-64.0,160.0,11.263363,-0.81393015
2026-09-10 00:00:00,-64.0,162.0,10.975117,-0.75487274
2026-09-10 00:00:00,-64.0,164.0,11.552979,-0.7575867
2026-09-10 00:00:00,-64.0,166.0,11.643927,-0.7992583
2026-09-10 00:00:00,-64.0,168.0,11.608326,-0.7982323
2026-09-10 00:00:00,-64.0,170.0,11.391339,-0.7867273
2026-09-10 00:00:00,-64.0,172.0,11.851586,-0.81578654
2026-09-10 00:00:00,-64.0,174.0,11.657735,-0.84602076
2026-09-10 00:00:00,-64.0,176.0,11.660965,-0.8845961
2026-09-10 00:00:00,-64.0,178.0,10.988781,-0.8438015
2026-09-10 00:00:00,-64.0,-180.0,11.59228,-0.83309114
2026-09-10 00:00:00,-62.0,-180.0,12.133973,-0.8639252
2026-09-10 00:00:00,-62.0,-178.0,12.268285,-0.9048441
2026-09-10 00:00:00,-62.0,-176.0,12.135452,-0.8860583
2026-09-10 00:00:00,-62.0,-174.0,12.512185,-0.84495574
2026-09-10 00:00:00,-62.0,-172.0,12.016773,-0.79985225
2026-09-10 00:00:00,-62.0,-170.0,11.911402,-0.7988831
2026-09-10 00:00:00,-62.0,-168.0,12.587441,-0.83713925
2026-09-10 00:00:00,-62.0,-166.0,12.327687,-0.8496676
2026-09-10 00:00:00,-62.0,-164.0,12.162366,-0.79132384
2026-09-10 00:00:00,-62.0,-162.0,12.934932,-0.77723813
2026-09-10 00:00:00,-62.0,-160.0,12.477438,-0.7621484
2026-09-10 00:00:00,-62.0,-158.0,12.413498,-0.7207287
2026-09-10 00:00:00,-62.0,-156.0,12.864947,-0.6809413
2026-09-10 00:00:00,-62.0,-154.0,12.822259,-0.71334136
2026-09-10 00:00:00,-62.0,-152.0,12.773129,-0.7209913
2026-09-10 00:00:00,-62.0,-150.0,12.318452,-0.63759273
2026-09-10 00:00:00,-62.0,-148.0,12.626946,-0.64253247
2026-09-10 00:00:00,-62.0,-146.0,12.416337,-0.597533
2026-09-10 00:00:00,-62.0,-144.0,12.4528,-0.63111484
2026-09-10 00:00:00,-62.0,-142.0,12.463537,-0.577118
2026-09-10 00:00:00,-62.0,-140.0,12.44129,-0.64156586
2026-09-10 00:00:00,-62.0,-138.0,12.405891,-0.6060912
2026-09-10 00:00:00,-62.0,-136.0,12.537824,-0.5539817
2026-09-10 00:00:00,-62.0,-134.0,12.421238,-0.47845548
2026-09-10 00:00:00,-62.0,-132.0,12.6957,-0.48570204
2026-09-10 00:00:00,-62.0,-130.0,12.269101,-0.46663314
2026-09-10 00:00:00,-62.0,-128.0,12.552999,-0.5061998
2026-09-10 00:00:00,-62.0,-126.0,12.496662,-0.45510867
2026-09-10 00:00:00,-62.0,-124.0,12.884402,-0.3733565
2026-09-10 00:00:00,-62.0,-122.0,12.590079,-0.42256477
2026-09-10 00:00:00,-62.0,-120.0,12.505698,-0.4329315
2026-09-10 00:00:00,-62.0,-118.0,12.27959,-0.43101573
2026-09-10 00:00:00,-62.0,-116.0,12.313955,-0.41646358
2026-09-10 00:00:00,-62.0,-114.0,12.15624,-0.42978132
2026-09-10 00:00:00,-62.0,-112.0,12.5036125,-0.37841207
2026-09-10 00:00:00,-62.0,-110.0,12.283988,-0.37163118
2026-09-10 00:00:00,-62.0,-108.0,12.149189,-0.36456314
2026-09-10 00:00:00,-62.0,-106.0,12.628822,-0.36756244
2026-09-10 00:00:00,-62.0,-104.0,12.739706,-0.4118766
2026-09-10 00:00:00,-62.0,-102.0,12.571306,-0.36037946
2026-09-10 00:00:00,-62.0,-100.0,12.243489,-0.37323278
2026-09-10 00:00:00,-62.0,-98.0,12.698332,-0.4116401
2026-09-10 00:00:00,-62.0,-96.0,12.350593,-0.39473706
2026-09-10 00:00:00,-62.0,-94.0,12.334589,-0.42026803
2026-09-10 00:00:00,-62.0,-92.0,12.464271,-0.45807996
2026-09-10 00:00:00,-62.0,-90.0,12.221828,-0.42137876
2026-09-10 00:00:00,-62.0,-88.0,12.428947,-0.44380853
2026-09-10 00:00:00,-62.0,-86.0,12.138523,-0.48974583
2026-09-10 00:00:00,-62.0,-84.0,12.293777,-0.43076605
2026-09-10 00:00:00,-62.0,-82.0,12.362221,-0.4549571
2026-09-10 00:00:00,-62.0,-80.0,12.103342,-0.39891592
2026-09-10 00:00:00,-62.0,-78.0,12.051719,-0.44341758
2026-09-10 00:00:00,-62.0,-76.0,12.236003,-0.44873533
2026-09-10 00:00:00,-62.0,-74.0,12.564807,-0.42825958
2026-09-10 00:00:00,-62.0,-72.0,12.402447,-0.533645
2026-09-10 00:00:00,-62.0,-70.0,12.462068,-0.4945126
2026-09-10 00:00:00,-62.0,-68.0,12.319744,-0.42494595
2026-09-10 00:00:00,-62.0,-66.0,12.331712,-0.47207454
2026-09-10 00:00:00,-62.0,-64.0,12.261542,-0.44471514
2026-09-10 00:00:00,-62.0,-62.0,11.841162,-0.4661031
2026-09-10 00:00:00,-62.0,-60.0,12.176484,-0.3742015
2026-09-10 00:00:00,-62.0,-58.0,12.248911,-0.43772507
2026-09-10 00:00:00,-62.0,-56.0,12.423239,-0.42005512
2026-09-10 00:00:00,-62.0,-54.0,12.523872,-0.37967476
2026-09-10 00:00:00,-62.0,-52.0,12.574103,-0.4191938
2026-09-10 00:00:00,-62.0,-50.0,12.62691,-0.40322256
2026-09-10 00:00:00,-62.0,-48.0,12.7302475,-0.35012525
2026-09-10 00:00:00,-62.0,-46.0,12.187786,-0.34423816
2026-09-10 00:00:00,-62.0,-44.0,12.301656,-0.33021617
2026-09-10 00:00:00,-62.0,-42.0,12.457978,-0.30356634
2026-09-10 00:00:00,-62.0,-40.0,12.050863,-0.293297
2026-09-10 00:00:00,-62.0,-38.0,12.342681,-0.21415809
2026-09-10 00:00:00,-62.0,-36.0,12.308317,-0.27441102
2026-09-10 00:00:00,-62.0,-34.0,12.381963,-0.17500031
2026-09-10 00:00:00,-62.0,-32.0,12.311339,-0.16176333
2026-09-10 00:00:00,-62.0,-30.0,12.425071,-0.1748098
2026-09-10 00:00:00,-62.0,-28.0,12.162829,-0.15762162
2026-09-10 00:00:00,-62.0,-26.0,12.303392,-0.116651006
2026-09-10 00:00:00,-62.0,-24.0,12.707637,-0.09030203
2026-09-10 00:00:00,-62.0,-22.0,12.449432,-0.10990625
2026-09-10 00:00:00,-62.0,-20.0,11.90008,-0.085995205
2026-09-10 00:00:00,-62.0,-18.0,12.2417,-0.08930151
2026-09-10 00:00:00,-62.0,-16.0,12.331431,0.01031731
2026-09-10 00:00:00,-62.0,-14.0,12.449783,-0.008787255
2026-09-10 00:00:00,-62.0,-12.0,12.39177,-0.06310607
2026-09-10 00:00:00,-62.0,-10.0,12.699923,0.014210515
2026-09-10 00:00:00,-62.0,-8.0,12.89312,-0.023665106
2026-09-10 00:00:00,-62.0,-6.0,12.22955,0.046466336
2026-09-10 00:00:00,-62.0,-4.0,11.824277,-0.033109147
2026-09-10 00:00:00,-62.0,-2.0,12.366668,0.029308153
2026-09-10 00:00:00,-62.0,0.0,12.438771,0.007895318
2026-09-10 00:00:00,-62.0,2.0,12.222036,-0.018499989
2026-09-10 00:00:00,-62.0,4.0,12.144892,-0.02695876
2026-09-10 00:00:00,-62.0,6.0,12.505686,-0.076428816
2026-09-10 00:00:00,-62.0,8.0,12.452519,0.029801948
2026-09-10 00:00:00,-62.0,10.0,12.187757,-0.04871786
2026-09-10 00:00:00,-62.0,12.0,12.441004,-0.027859535
2026-09-10 00:00:00,-62.0,14.0,11.91541,-0.08437366
2026-09-10 00:00:00,-62.0,16.0,12.444007,-0.027955562
2026-09-10 00:00:00,-62.0,18.0,12.409001,-0.07768902
2026-09-10 00:00:00,-62.0,20.0,12.883652,-0.14654061
2026-09-10 00:00:00,-62.0,22.0,12.053594,-0.12760541
2026-09-10 00:00:00,-62.0,24.0,12.196813,-0.097317025
2026-09-10 00:00:00,-62.0,26.0,12.12393,-0.10977685
2026-09-10 00:00:00,-62.0,28.0,12.793605,-0.18759902
2026-09-10 00:00:00,-62.0,30.0,12.359998,-0.17028444
2026-09-10 00:00:00,-62.0,32.0,12.2247095,-0.21335465
2026-09-10 00:00:00,-62.0,34.0,12.587269,-0.25503895
2026-09-10 00:00:00,-62.0,36.0,11.81994,-0.21270937
2026-09-10 00:00:00,-62.0,38.0,12.40043,-0.25126407
2026-09-10 00:00:00,-62.0,40.0,11.8747835,-0.27356684
2026-09-10 00:00:00,-62.0,42.0,12.539097,-0.36499226
2026-09-10 00:00:00,-62.0,44.0,12.87061,-0.3624419
2026-09-10 00:00:00,-62.0,46.0,12.6881485,-0.32686657
2026-09-10 00:00:00,-62.0,48.0,12.143131,-0.35866815
2026-09-10 00:00:00,-62.0,50.0,12.3524275,-0.3572433
2026-09-10 00:00:00,-62.0,52.0,12.473947,-0.40770462
2026-09-10 00:00:00,-62.0,54.0,12.451909,-0.35864362
2026-09-10 00:00:00,-62.0,56.0,12.6485195,-0.41102794
2026-09-10 00:00:00,-62.0,58.0,12.500364,-0.39518592
2026-09-10 00:00:00,-62.0,60.0,12.650478,-0.3931025
2026-09-10 00:00:00,-62.0,62.0,12.332177,-0.4527268
2026-09-10 00:00:00,-62.0,64.0,12.290308,-0.44857928
2026-09-10 00:00:00,-62.0,66.0,12.421022,-0.45747846
2026-09-10 00:00:00,-62.0,68.0,12.617468,-0.4359743
2026-09-10 00:00:00,-62.0,70.0,12.097678,-0.42833158
2026-09-10 00:00:00,-62.0,72.0,12.671096,-0.50056297
2026-09-10 00:00:00,-62.0,74.0,11.891099,-0.4431354
2026-09-10 00:00:00,-62.0,76.0,12.451531,-0.41298887
2026-09-10 00:00:00,-62.0,78.0,12.492393,-0.46978346
2026-09-10 00:00:00,-62.0,80.0,12.486703,-0.4621625
2026-09-10 00:00:00,-62.0,82.0,12.535259,-0.42651626
2026-09-10 00:00:00,-62.0,84.0,12.292654,-0.43790656
2026-09-10 00:00:00,-62.0,86.0,12.631647,-0.40562266
2026-09-10 00:00:00,-62.0,88.0,12.442841,-0.41874036
2026-09-10 00:00:00,-62.0,90.0,12.254917,-0.38783795
2026-09-10 00:00:00,-62.0,92.0,12.344418,-0.42072773
2026-09-10 00:00:00,-62.0,94.0,12.435466,-0.46166152
2026-09-10 00:00:00,-62.0,96.0,12.605328,-0.36429858
2026-09-10 00:00:00,-62.0,98.0,12.596632,-0.37625027
2026-09-10 00:00:00,-62.0,100.0,12.504184,-0.36819988
2026-09-10 00:00:00,-62.0,102.0,12.502281,-0.40740892
2026-09-10 00:00:00,-62.0,104.0,12.366333,-0.4086578
2026-09-10 00:00:00,-62.0,106.0,12.619051,-0.3884574
2026-09-10 00:00:00,-62.0,108.0,12.261696,-0.43148148
2026-09-10 00:00:00,-62.0,110.0,12.113106,-0.41236898
2026-09-10 00:00:00,-62.0,112.0,12.609935,-0.39747098
2026-09-10 00:00:00,-62.0,114.0,12.762867,-0.31627935
2026-09-10 00:00:00,-62.0,116.0,12.608228,-0.43098614
2026-09-10 00:00:00,-62.0,118.0,12.758062,-0.396006
2026-09-10 00:00:00,-62.0,120.0,12.403603,-0.40345666
2026-09-10 00:00:00,-62.0,122.0,12.129156,-0.438283
2026-09-10 00:00:00,-62.0,124.0,12.360061,-0.4184177
2026-09-10 00:00:00,-62.0,126.0,12.739221,-0.463952
2026-09-10 00:00:00,-62.0,128.0,12.367789,-0.47812155
2026-09-10 00:00:00,-62.0,130.0,12.369699,-0.47528827
2026-09-10 00:00:00,-62.0,132.0,12.162246,-0.49914938
2026-09-10 00:00:00,-62.0,134.0,12.098777,-0.56247425
2026-09-10 00:00:00,-62.0,136.0,12.498239,-0.5680169
2026-09-10 00:00:00,-62.0,138.0,12.7827015,-0.5134758
2026-09-10 00:00:00,-62.0,140.0,12.436515,-0.5218517
2026-09-10 00:00:00,-62.0,142.0,12.090026,-0.54182804
2026-09-10 00:00:00,-62.0,144.0,12.479612,-0.64911187
2026-09-10 00:00:00,-62.0,146.0,12.238153,-0.65097797
2026-09-10 00:00:00,-62.0,148.0,12.441441,-0.64673877
2026-09-10 00:00:00,-62.0,150.0,12.74546,-0.69383293
2026-09-10 00:00:00,-62.0,152.0,12.313706,-0.714477
2026-09-10 00:00:00,-62.0,154.0,12.351729,-0.71383876
2026-09-10 00:00:00,-62.0,156.0,12.4658,-0.739222
2026-09-10 00:00:00,-62.0,158.0,12.109152,-0.74360895
2026-09-10 00:00:00,-62.0,160.0,12.195607,-0.79547143
2026-09-10 00:00:00,-62.0,162.0,12.62586,-0.79880244
2026-09-10 00:00:00,-62.0,164.0,12.7349,-0.7997423
2026-09-10 00:00:00,-62.0,166.0,12.34077,-0.83196
2026-09-10 00:00:00,-62.0,168.0,12.084031,-0.8409658
2026-09-10 00:00:00,-62.0,170.0,12.337927,-0.8350786
2026-09-10 00:00:00,-62.0,172.0,12.535876,-0.83232075
2026-09-10 00:00:00,-62.0,174.0,12.212089,-0.7860589
2026-09-10 00:00:00,-62.0,176.0,12.844521,-0.8297673
2026-09-10 00:00:00,-62.0,178.0,12.204223,-0.8729082
2026-09-10 00:00:00,-62.0,-180.0,12.613376,-0.8394626
2026-09-10 00:00:00,-60.0,-180.0,13.100098,-0.8797129
2026-09-10 00:00:00,-60.0,-178.0,13.835119,-0.8404876
2026-09-10 00:00:00,-60.0,-176.0,12.931418,-0.81025004
2026-09-10 00:00:00,-60.0,-174.0,13.072094,-0.8093701
2026-09-10 00:00:00,-60.0,-172.0,13.420359,-0.8514801
2026-09-10 00:00:00,-60.0,-170.0,13.293263,-0.7888249
2026-09-10 00:00:00,-60.0,-168.0,12.800948,-0.793779
2026-09-10 00:00:00,-60.0,-166.0,12.849323,-0.76216215
2026-09-10 00:00:00,-60.0,-164.0,13.3784685,-0.7877179
2026-09-10 00:00:00,-60.0,-162.0,13.272263,-0.82233584
2026-09-10 00:00:00,-60.0,-160.0,13.234237,-0.7608329
2026-09-10 00:00:00,-60.0,-158.0,12.94764,-0.7379422
2026-09-10 00:00:00,-60.0,-156.0,13.267528,-0.6967856
2026-09-10 00:00:00,-60.0,-154.0,12.926833,-0.6722406
2026-09-10 00:00:00,-60.0,-152.0,12.911897,-0.69236946
2026-09-10 00:00:00,-60.0,-150.0,13.074443,-0.6911296
2026-09-10 00:00:00,-60.0,-148.0,13.31906,-0.67744684
2026-09-10 00:00:00,-60.0,-146.0,13.667362,-0.6095206
2026-09-10 00:00:00,-60.0,-144.0,12.882333,-0.62388074
2026-09-10 00:00:00,-60.0,-142.0,13.326849,-0.6148507
2026-09-10 00:00:00,-60.0,-140.0,13.146546,-0.5195803
2026-09-10 00:00:00,-60.0,-138.0,13.003159,-0.56296176
2026-09-10 00:00:00,-60.0,-136.0,13.270362,-0.49546868
2026-09-10 00:00:00,-60.0,-134.0,13.263696,-0.51676
2026-09-10 00:00:00,-60.0,-132.0,13.600326,-0.4631617
2026-09-10 00:00:00,-60.0,-130.0,13.474436,-0.4783764
2026-09-10 00:00:00,-60.0,-128.0,13.275293,-0.4409221
2026-09-10 00:00:00,-60.0,-126.0,13.07408,-0.46980754
2026-09-10 00:00:00,-60.0,-124.0,13.489919,-0.43565783
2026-09-10 00:00:00,-60.0,-122.0,13.485933,-0.41605085
2026-09-10 00:00:00,-60.0,-120.0,13.256461,-0.44143566
2026-09-10 00:00:00,-60.0,-118.0,12.752142,-0.40515617
2026-09-10 00:00:00,-60.0,-116.0,13.608232,-0.413982
2026-09-10 00:00:00,-60.0,-114.0,13.127076,-0.39553508
2026-09-10 00:00:00,-60.0,-112.0,13.3397255,-0.41501874
2026-09-10 00:00:00,-60.0,-110.0,13.421362,-0.41398573
2026-09-10 00:00:00,-60.0,-108.0,13.332612,-0.43614542
2026-09-10 00:00:00,-60.0,-106.0,13.393611,-0.41547996
2026-09-10 00:00:00,-60.0,-104.0,13.245389,-0.43269634
2026-09-10 00:00:00,-60.0,-102.0,13.39888,-0.4525092
2026-09-10 00:00:00,-60.0,-100.0,13.066215,-0.37869015
2026-09-10 00:00:00,-60.0,-98.0,13.674081,-0.3383237
2026-09-10 00:00:00,-60.0,-96.0,13.4641075,-0.3966319
2026-09-10 00:00:00,-60.0,-94.0,13.368163,-0.41818368
2026-09-10 00:00:00,-60.0,-92.0,12.840999,-0.3816783
2026-09-10 00:00:00,-60.0,-90.0,13.11937,-0.42879155
2026-09-10 00:00:00,-60.0,-88.0,13.161463,-0.4596679
2026-09-10 00:00:00,-60.0,-86.0,13.364323,-0.43709373
2026-09-10 00:00:00,-60.0,-84.0,13.586068,-0.43790653
2026-09-10 00:00:00,-60.0,-82.0,13.48649,-0.45803547
2026-09-10 00:00:00,-60.0,-80.0,13.103054,-0.4576382
2026-09-10 00:00:00,-60.0,-78.0,13.264002,-0.44356093
2026-09-10 00:00:00,-60.0,-76.0,12.861981,-0.4698356
2026-09-10 00:00:00,-60.0,-74.0,13.458326,-0.4043556
2026-09-10 00:00:00,-60.0,-72.0,13.632995,-0.49099
2026-09-10 00:00:00,-60.0,-70.0,13.372578,-0.39152595
2026-09-10 00:00:00,-60.0,-68.0,13.561032,-0.474468
2026-09-10 00:00:00,-60.0,-66.0,13.453398,-0.38697317
2026-09-10 00:00:00,-60.0,-64.0,12.946803,-0.40733704
2026-09-10 00:00:00,-60.0,-62.0,12.938965,-0.3878132
2026-09-10 00:00:00,-60.0,-60.0,13.472339,-0.4327913
2026-09-10 00:00:00,-60.0,-58.0,13.463694,-0.3536332
2026-09-10 00:00:00,-60.0,-56.0,13.928134,-0.3783455
2026-09-10 00:00:00,-60.0,-54.0,13.124317,-0.35721016
2026-09-10 00:00:00,-60.0,-52.0,13.445072,-0.34222913
2026-09-10 00:00:00,-60.0,-50.0,13.317538,-0.3201169
2026-09-10 00:00:00,-60.0,-48.0,13.622797,-0.29704148
2026-09-10 00:00:00,-60.0,-46.0,13.295154,-0.31377834
2026-09-10 00:00:00,-60.0,-44.0,13.096547,-0.3113426
2026-09-10 00:00:00,-60.0,-42.0,13.4760065,-0.30012587
2026-09-10 00:00:00,-60.0,-40.0,13.614251,-0.23265055
2026-09-10 00:00:00,-60.0,-38.0,13.494942,-0.18552399
2026-09-10 00:00:00,-60.0,-36.0,13.272685,-0.2305776
2026-09-10 00:00:00,-60.0,-34.0,13.238424,-0.23267123
2026-09-10 00:00:00,-60.0,-32.0,13.273048,-0.18761356
2026-09-10 00:00:00,-60.0,-30.0,13.180164,-0.15998793
2026-09-10 00:00:00,-60.0,-28.0,13.149799,-0.21115173
2026-09-10 00:00:00,-60.0,-26.0,13.408246,-0.13301638
2026-09-10 00:00:00,-60.0,-24.0,13.710444,-0.12247995
2026-09-10 00:00:00,-60.0,-22.0,13.524706,-0.15443845
2026-09-10 00:00:00,-60.0,-20.0,13.334501,-0.113493614
2026-09-10 00:00:00,-60.0,-18.0,13.4466915,-0.026931254
2026-09-10 00:00:00,-60.0,-16.0,13.221509,-0.058792755
2026-09-10 00:00:00,-60.0,-14.0,13.645317,-0.033335842
2026-09-10 00:00:00,-60.0,-12.0,13.422232,-0.044605453
2026-09-10 00:00:00,-60.0,-10.0,12.84554,-0.034563113
2026-09-10 00:00:00,-60.0,-8.0,13.045144,-0.040142633
2026-09-10 00:00:00,-60.0,-6.0,13.298847,-0.029460002
2026-09-10 00:00:00,-60.0,-4.0,13.0770235,0.031616066
2026-09-10 00:00:00,-60.0,-2.0,13.340168,-0.0005167541
2026-09-10 00:00:00,-60.0,0.0,13.0624485,-0.0022671274
2026-09-10 00:00:00,-60.0,2.0,13.045224,-0.026987242
2026-09-10 00:00:00,-60.0,4.0,13.321238,0.057669103
2026-09-10 00:00:00,-60.0,6.0,13.653287,0.0076997406
2026-09-10 00:00:00,-60.0,8.0,13.41874,-0.023915097
2026-09-10 00:00:00,-60.0,10.0,13.327501,-0.056028392
2026-09-10 00:00:00,-60.0,12.0,13.41723,-0.061077457
2026-09-10 00:00:00,-60.0,14.0,13.404548,-0.0025138028
2026-09-10 00:00:00,-60.0,16.0,13.101088,-0.092606336
2026-09-10 00:00:00,-60.0,18.0,13.674971,-0.06989171
2026-09-10 00:00:00,-60.0,20.0,13.093411,-0.103393205
2026-09-10 00:00:00,-60.0,22.0,12.902774,-0.1561859
2026-09-10 00:00:00,-60.0,24.0,13.460563,-0.093362145
2026-09-10 00:00:00,-60.0,26.0,13.372945,-0.12064089
2026-09-10 00:00:00,-60.0,28.0,13.755316,-0.13425647
2026-09-10 00:00:00,-60.0,30.0,12.967859,-0.13320294
2026-09-10 00:00:00,-60.0,32.0,12.735713,-0.23476258
2026-09-10 00:00:00,-60.0,34.0,13.094148,-0.15568303
2026-09-10 00:00:00,-60.0,36.0,13.075634,-0.20669578
2026-09-10 00:00:00,-60.0,38.0,13.108688,-0.2120005
2026-09-10 00:00:00,-60.0,40.0,13.436596,-0.28603473
2026-09-10 00:00:00,-60.0,42.0,13.210252,-0.27830285
2026-09-10 00:00:00,-60.0,44.0,13.64167,-0.3071102
2026-09-10 00:00:00,-60.0,46.0,13.359648,-0.3249479
2026-09-10 00:00:00,-60.0,48.0,13.408345,-0.32278556
2026-09-10 00:00:00,-60.0,50.0,13.271529,-0.37008882
2026-09-10 00:00:00,-60.0,52.0,13.479873,-0.36150485
2026-09-10 00:00:00,-60.0,54.0,12.727488,-0.3947845
2026-09-10 00:00:00,-60.0,56.0,13.282144,-0.37002158
2026-09-10 00:00:00,-60.0,58.0,13.211946,-0.35228297
2026-09-10 00:00:00,-60.0,60.0,13.304955,-0.373843
2026-09-10 00:00:00,-60.0,62.0,13.494195,-0.4049184
2026-09-10 00:00:00,-60.0,64.0,13.659942,-0.4315546
2026-09-10 00:00:00,-60.0,66.0,13.2028675,-0.43717745
2026-09-10 00:00:00,-60.0,68.0,13.153446,-0.41995782
2026-09-10 00:00:00,-60.0,70.0,13.362526,-0.43758604
2026-09-10 00:00:00,-60.0,72.0,13.676178,-0.48555472
2026-09-10 00:00:00,-60.0,74.0,13.410181,-0.42745638
2026-09-10 00:00:00,-60.0,76.0,13.248181,-0.437386
2026-09-10 00:00:00,-60.0,78.0,13.566215,-0.42417353
2026-09-10 00:00:00,-60.0,80.0,13.128446,-0.41529512
2026-09-10 00:00:00,-60.0,82.0,13.196402,-0.4346595
2026-09-10 00:00:00,-60.0,84.0,13.526649,-0.41381162
2026-09-10 00:00:00,-60.0,86.0,12.939365,-0.4521428
2026-09-10 00:00:00,-60.0,88.0,12.606878,-0.4078719
2026-09-10 00:00:00,-60.0,90.0,13.207105,-0.41116202
2026-09-10 00:00:00,-60.0,92.0,13.052389,-0.37535444
2026-09-10 00:00:00,-60.0,94.0,13.3006525,-0.4231957
2026-09-10 00:00:00,-60.0,96.0,13.652438,-0.40232965
2026-09-10 00:00:00,-60.0,98.0,13.136189,-0.3577602
2026-09-10 00:00:00,-60.0,100.0,13.147999,-0.4030727
2026-09-10 00:00:00,-60.0,102.0,13.09913,-0.35944504
2026-09-10 00:00:00,-60.0,104.0,13.527749,-0.40068585
2026-09-10 00:00:00,-60.0,106.0,12.881119,-0.3866337
2026-09-10 00:00:00,-60.0,108.0,13.469269,-0.36443773
2026-09-10 00:00:00,-60.0,110.0,13.202243,-0.41754955
2026-09-10 00:00:00,-60.0,112.0,13.648698,-0.42674598
2026-09-10 00:00:00,-60.0,114.0,13.017329,-0.43517745
2026-09-10 00:00:00,-60.0,116.0,13.259916,-0.3722019
2026-09-10 00:00:00,-60.0,118.0,13.451763,-0.44176778
2026-09-10 00:00:00,-60.0,120.0,13.39141,-0.39633968
2026-09-10 00:00:00,-60.0,122.0,13.128445,-0.44815922
2026-09-10 00:00:00,-60.0,124.0,13.294867,-0.46383893
2026-09-10 00:00:00,-60.0,126.0,13.00316,-0.4703313
2026-09-10 00:00:00,-60.0,128.0,13.748291,-0.4721404
2026-09-10 00:00:00,-60.0,130.0,13.455639,-0.48302785
2026-09-10 00:00:00,-60.0,132.0,13.408609,-0.5073503
2026-09-10 00:00:00,-60.0,134.0,13.296241,-0.55111265
2026-09-10 00:00:00,-60.0,136.0,12.514644,-0.50823414
2026-09-10 00:00:00,-60.0,138.0,13.489343,-0.60273165
2026-09-10 00:00:00,-60.0,140.0,13.356852,-0.5220003
2026-09-10 00:00:00,-60.0,142.0,13.677687,-0.6041388
2026-09-10 00:00:00,-60.0,144.0,13.362407,-0.5943854
2026-09-10 00:00:00,-60.0,146.0,13.336383,-0.6222761
2026-09-10 00:00:00,-60.0,148.0,13.413629,-0.6411838
2026-09-10 00:00:00,-60.0,150.0,13.139665,-0.6175429
2026-09-10 00:00:00,-60.0,152.0,13.834743,-0.7030009
2026-09-10 00:00:00,-60.0,154.0,13.119022,-0.6875165
2026-09-10 00:00:00,-60.0,156.0,13.294184,-0.6892005
2026-09-10 00:00:00,-60.0,158.0,13.881175,-0.7184329
2026-09-10 00:00:00,-60.0,160.0,13.352182,-0.7886338
2026-09-10 00:00:00,-60.0,162.0,13.021926,-0.7622907
2026-09-10 00:00:00,-60.0,164.0,12.992949,-0.7422891
2026-09-10 00:00:00,-60.0,166.0,13.162507,-0.7424357
2026-09-10 00:00:00,-60.0,168.0,13.209504,-0.73475003
2026-09-10 00:00:00,-60.0,170.0,13.052343,-0.77630067
2026-09-10 00:00:00,-60.0,172.0,13.186927,-0.78909475
2026-09-10 00:00:00,-60.0,174.0,13.30115,-0.83546036
2026-09-10 00:00:00,-60.0,176.0,13.397252,-0.8400096
2026-09-10 00:00:00,-60.0,178.0,13.224787,-0.80342853
2026-09-10 00:00:00,-60.0,-180.0,13.589424,-0.81106424
2026-09-10 00:00:00,-58.0,-180.0,14.226694,-0.78548104
2026-09-10 00:00:00,-58.0,-178.0,13.972763,-0.8512949
2026-09-10 00:00:00,-58.0,-176.0,14.411644,-0.7764728
2026-09-10 00:00:00,-58.0,-174.0,14.315833,-0.7544049
2026-09-10 00:00:00,-58.0,-172.0,14.204549,-0.8044997
2026-09-10 00:00:00,-58.0,-170.0,14.017275,-0.75095415
2026-09-10 00:00:00,-58.0,-168.0,14.198791,-0.72698736
2026-09-10 00:00:00,-58.0,-166.0,14.367992,-0.75589293
2026-09-10 00:00:00,-58.0,-164.0,13.830465,-0.74774367
2026-09-10 00:00:00,-58.0,-162.0,13.758637,-0.68495536
2026-09-10 00:00:00,-58.0,-160.0,13.799383,-0.76956344
2026-09-10 00:00:00,-58.0,-158.0,13.926837,-0.7119607
2026-09-10 00:00:00,-58.0,-156.0,13.904908,-0.712284
2026-09-10 00:00:00,-58.0,-154.0,14.339229,-0.6910656
2026-09-10 00:00:00,-58.0,-152.0,14.418027,-0.6556539
2026-09-10 00:00:00,-58.0,-150.0,14.097385,-0.6398143
2026-09-10 00:00:00,-58.0,-148.0,14.235651,-0.6530716
2026-09-10 00:00:00,-58.0,-146.0,13.90415,-0.6082574
2026-09-10 00:00:00,-58.0,-144.0,13.91515,-0.5929103
2026-09-10 00:00:00,-58.0,-142.0,14.223477,-0.61375725
2026-09-10 00:00:00,-58.0,-140.0,13.892748,-0.570792
2026-09-10 00:00:00,-58.0,-138.0,13.981628,-0.55182076
2026-09-10 00:00:00,-58.0,-136.0,14.188651,-0.52226764
2026-09-10 00:00:00,-58.0,-134.0,13.898438,-0.4404807
2026-09-10 00:00:00,-58.0,-132.0,14.097902,-0.48458207
2026-09-10 00:00:00,-58.0,-130.0,13.983313,-0.4959312
2026-09-10 00:00:00,-58.0,-128.0,14.468118,-0.48782337
2026-09-10 00:00:00,-58.0,-126.0,13.639914,-0.48524863
2026-09-10 00:00:00,-58.0,-124.0,14.108795,-0.41599175
2026-09-10 00:00:00,-58.0,-122.0,14.030161,-0.4299987
2026-09-10 00:00:00,-58.0,-120.0,14.598223,-0.4340238
2026-09-10 00:00:00,-58.0,-118.0,14.130005,-0.44463393
2026-09-10 00:00:00,-58.0,-116.0,14.204443,-0.44991875
2026-09-10 00:00:00,-58.0,-114.0,14.409905,-0.40171993
2026-09-10 00:00:00,-58.0,-112.0,14.131442,-0.444463
2026-09-10 00:00:00,-58.0,-110.0,14.142979,-0.36622232
2026-09-10 00:00:00,-58.0,-108.0,14.197942,-0.4391945
2026-09-10 00:00:00,-58.0,-106.0,14.246781,-0.4461441
2026-09-10 00:00:00,-58.0,-104.0,13.723119,-0.35663354
2026-09-10 00:00:00,-58.0,-102.0,14.381755,-0.4105419
2026-09-10 00:00:00,-58.0,-100.0,14.303882,-0.37528738
2026-09-10 00:00:00,-58.0,-98.0,14.149876,-0.4333109
2026-09-10 00:00:00,-58.0,-96.0,13.949675,-0.39132467
2026-09-10 00:00:00,-58.0,-94.0,14.072069,-0.36432546
2026-09-10 00:00:00,-58.0,-92.0,14.127138,-0.37179065
2026-09-10 00:00:00,-58.0,-90.0,14.275554,-0.46391803
2026-09-10 00:00:00,-58.0,-88.0,14.129243,-0.39226437
2026-09-10 00:00:00,-58.0,-86.0,13.922377,-0.35006496
2026-09-10 00:00:00,-58.0,-84.0,13.991697,-0.43704486
2026-09-10 00:00:00,-58.0,-82.0,14.144227,-0.38824782
2026-09-10 00:00:00,-58.0,-80.0,14.034335,-0.44853184
2026-09-10 00:00:00,-58.0,-78.0,14.49404,-0.36953637
2026-09-10 00:00:00,-58.0,-76.0,14.365792,-0.42352423
2026-09-10 00:00:00,-58.0,-74.0,14.058116,-0.43401176
2026-09-10 00:00:00,-58.0,-72.0,14.233529,-0.42029062
2026-09-10 00:00:00,-58.0,-70.0,13.999967,-0.44556087
2026-09-10 00:00:00,-58.0,-68.0,13.7951145,-0.44664282
2026-09-10 00:00:00,-58.0,-66.0,14.187115,-0.41363257
2026-09-10 00:00:00,-58.0,-64.0,13.825537,-0.37015015
2026-09-10 00:00:00,-58.0,-62.0,14.037124,-0.35757446
2026-09-10 00:00:00,-58.0,-60.0,13.999747,-0.35568246
2026-09-10 00:00:00,-58.0,-58.0,14.353749,-0.35450357
2026-09-10 00:00:00,-58.0,-56.0,13.941389,-0.31241366
2026-09-10 00:00:00,-58.0,-54.0,14.5982685,-0.2866502
2026-09-10 00:00:00,-58.0,-52.0,14.323888,-0.30585137
2026-09-10 00:00:00,-58.0,-50.0,14.38956,-0.27414992
2026-09-10 00:00:00,-58.0,-48.0,14.2157,-0.3317925
2026-09-10 00:00:00,-58.0,-46.0,14.169552,-0.30234468
2026-09-10 00:00:00,-58.0,-44.0,14.455648,-0.35347146
2026-09-10 00:00:00,-58.0,-42.0,14.284575,-0.21056853
2026-09-10 00:00:00,-58.0,-40.0,14.376561,-0.27246782
2026-09-10 00:00:00,-58.0,-38.0,14.035006,-0.25485125
2026-09-10 00:00:00,-58.0,-36.0,14.485805,-0.21728589
2026-09-10 00:00:00,-58.0,-34.0,14.542922,-0.17167033
2026-09-10 00:00:00,-58.0,-32.0,14.538205,-0.23955192
2026-09-10 00:00:00,-58.0,-30.0,14.288159,-0.19429787
2026-09-10 00:00:00,-58.0,-28.0,13.967183,-0.18741672
2026-09-10 00:00:00,-58.0,-26.0,14.38832,-0.13144818
2026-09-10 00:00:00,-58.0,-24.0,14.184881,-0.18547733
2026-09-10 00:00:00,-58.0,-22.0,14.248732,-0.08807651
2026-09-10 00:00:00,-58.0,-20.0,14.1612215,-0.111116394
2026-09-10 00:00:00,-58.0,-18.0,14.171287,-0.05041257
2026-09-10 00:00:00,-58.0,-16.0,14.121648,-0.008192878
2026-09-10 00:00:00,-58.0,-14.0,13.990954,-0.029877264
2026-09-10 00:00:00,-58.0,-12.0,14.159513,-0.07270712
2026-09-10 00:00:00,-58.0,-10.0,14.535597,0.019914348
2026-09-10 00:00:00,-58.0,-8.0,14.277888,0.018962031
2026-09-10 00:00:00,-58.0,-6.0,14.487511,-0.0068247137
2026-09-10 00:00:00,-58.0,-4.0,14.063825,-0.026604854
2026-09-10 00:00:00,-58.0,-2.0,14.333024,-0.035791893
2026-09-10 00:00:00,-58.0,0.0,14.016057,-0.009866327
2026-09-10 00:00:00,-58.0,2.0,14.305933,-0.012667304
2026-09-10 00:00:00,-58.0,4.0,13.957342,0.002627494
2026-09-10 00:00:00,-58.0,6.0,14.233637,0.021237379
2026-09-10 00:00:00,-58.0,8.0,13.410197,-0.11086112
2026-09-10 00:00:00,-58.0,10.0,14.108022,-0.038953178
2026-09-10 00:00:00,-58.0,12.0,14.042355,-0.030855509
2026-09-10 00:00:00,-58.0,14.0,14.172562,-0.06444212
2026-09-10 00:00:00,-58.0,16.0,14.026385,-0.08516012
2026-09-10 00:00:00,-58.0,18.0,14.376492,-0.109108865
2026-09-10 00:00:00,-58.0,20.0,13.602119,-0.054170426
2026-09-10 00:00:00,-58.0,22.0,14.28741,-0.11359171
2026-09-10 00:00:00,-58.0,24.0,14.067561,-0.10566444
2026-09-10 00:00:00,-58.0,26.0,13.928234,-0.10628334
2026-09-10 00:00:00,-58.0,28.0,13.882363,-0.107394636
2026-09-10 00:00:00,-58.0,30.0,13.752512,-0.16686167
2026-09-10 00:00:00,-58.0,32.0,13.494256,-0.16197203
2026-09-10 00:00:00,-58.0,34.0,14.2948475,-0.14732538
2026-09-10 00:00:00,-58.0,36.0,14.133277,-0.2444766
2026-09-10 00:00:00,-58.0,38.0,14.344278,-0.2018951
2026-09-10 00:00:00,-58.0,40.0,14.371,-0.25493556
2026-09-10 00:00:00,-58.0,42.0,13.984892,-0.2882527
2026-09-10 00:00:00,-58.0,44.0,14.047679,-0.25864178
2026-09-10 00:00:00,-58.0,46.0,14.072895,-0.2646857
2026-09-10 00:00:00,-58.0,48.0,13.639053,-0.2631417
2026-09-10 00:00:00,-58.0,50.0,14.262437,-0.30736327
2026-09-10 00:00:00,-58.0,52.0,13.556043,-0.28009522
2026-09-10 00:00:00,-58.0,54.0,13.722698,-0.34815338
2026-09-10 00:00:00,-58.0,56.0,13.838058,-0.39266187
2026-09-10 00:00:00,-58.0,58.0,14.076774,-0.38004893
2026-09-10 00:00:00,-58.0,60.0,13.765823,-0.41825897
2026-09-10 00:00:00,-58.0,62.0,14.157934,-0.4265765
2026-09-10 00:00:00,-58.0,64.0,14.371206,-0.38026392
2026-09-10 00:00:00,-58.0,66.0,13.93186,-0.41949433
2026-09-10 00:00:00,-58.0,68.0,14.105984,-0.39494586
2026-09-10 00:00:00,-58.0,70.0,13.926475,-0.38677135
2026-09-10 00:00:00,-58.0,72.0,14.263652,-0.42558098
2026-09-10 00:00:00,-58.0,74.0,14.314284,-0.52640516
2026-09-10 00:00:00,-58.0,76.0,14.5228405,-0.37301135
2026-09-10 00:00:00,-58.0,78.0,14.138699,-0.43069094
2026-09-10 00:00:00,-58.0,80.0,13.662229,-0.422113
2026-09-10 00:00:00,-58.0,82.0,13.930419,-0.37706256
2026-09-10 00:00:00,-58.0,84.0,13.833862,-0.4135916
2026-09-10 00:00:00,-58.0,86.0,14.190372,-0.42931783
2026-09-10 00:00:00,-58.0,88.0,14.151542,-0.40543622
2026-09-10 00:00:00,-58.0,90.0,14.572815,-0.45879754
2026-09-10 00:00:00,-58.0,92.0,14.241296,-0.47018746
2026-09-10 00:00:00,-58.0,94.0,13.888935,-0.3491397
2026-09-10 00:00:00,-58.0,96.0,14.362194,-0.3648455
2026-09-10 00:00:00,-58.0,98.0,14.075531,-0.37297764
2026-09-10 00:00:00,-58.0,100.0,13.883783,-0.3952865
2026-09-10 00:00:00,-58.0,102.0,14.199097,-0.39912298
2026-09-10 00:00:00,-58.0,104.0,13.759208,-0.3782694
2026-09-10 00:00:00,-58.0,106.0,14.414794,-0.3919716
2026-09-10 00:00:00,-58.0,108.0,13.455562,-0.38627806
2026-09-10 00:00:00,-58.0,110.0,14.369404,-0.38282412
2026-09-10 00:00:00,-58.0,112.0,14.076215,-0.40753856
2026-09-10 00:00:00,-58.0,114.0,14.142257,-0.45121297
2026-09-10 00:00:00,-58.0,116.0,14.265165,-0.35141
2026-09-10 00:00:00,-58.0,118.0,14.000484,-0.43111253
2026-09-10 00:00:00,-58.0,120.0,14.162239,-0.42028403
2026-09-10 00:00:00,-58.0,122.0,14.065231,-0.4161742
2026-09-10 00:00:00,-58.0,124.0,13.848259,-0.44702706
2026-09-10 00:00:00,-58.0,126.0,14.087596,-0.4356263
2026-09-10 00:00:00,-58.0,128.0,14.225141,-0.49493745
2026-09-10 00:00:00,-58.0,130.0,14.252743,-0.4684548
2026-09-10 00:00:00,-58.0,132.0,14.365791,-0.55416876
2026-09-10 00:00:00,-58.0,134.0,14.096081,-0.50796115
2026-09-10 00:00:00,-58.0,136.0,14.27419,-0.5543402
2026-09-10 00:00:00,-58.0,138.0,14.070877,-0.56406915
2026-09-10 00:00:00,-58.0,140.0,14.360451,-0.5369498
2026-09-10 00:00:00,-58.0,142.0,14.311007,-0.60063475
2026-09-10 00:00:00,-58.0,144.0,13.969146,-0.6065892
2026-09-10 00:00:00,-58.0,146.0,13.939857,-0.65424997
2026-09-10 00:00:00,-58.0,148.0,14.293499,-0.59811556
2026-09-10 00:00:00,-58.0,150.0,14.28133,-0.66381216
2026-09-10 00:00:00,-58.0,152.0,14.158644,-0.67264706
2026-09-10 00:00:00,-58.0,154.0,14.340219,-0.7114544
2026-09-10 00:00:00,-58.0,156.0,14.011376,-0.69206965
2026-09-10 00:00:00,-58.0,158.0,13.950507,-0.7690028
2026-09-10 00:00:00,-58.0,160.0,14.030251,-0.76623774
2026-09-10 00:00:00,-58.0,162.0,14.378728,-0.7385557
2026-09-10 00:00:00,-58.0,164.0,13.842476,-0.7416292
2026-09-10 00:00:00,-58.0,166.0,13.891055,-0.7752352
2026-09-10 00:00:00,-58.0,168.0,13.733247,-0.71236515
2026-09-10 00:00:00,-58.0,170.0,13.568411,-0.8202946
2026-09-10 00:00:00,-58.0,172.0,14.295658,-0.7451234
2026-09-10 00:00:00,-58.0,174.0,14.358595,-0.8022912
2026-09-10 00:00:00,-58.0,176.0,13.940144,-0.801784
2026-09-10 00:00:00,-58.0,178.0,14.251567,-0.76178443
2026-09-10 00:00:00,-58.0,-180.0,14.202908,-0.7549812
2026-09-10 00:00:00,-56.0,-180.0,14.726721,-0.79272103
2026-09-10 00:00:00,-56.0,-178.0,14.39555,-0.779161
2026-09-10 00:00:00,-56.0,-176.0,14.617356,-0.76541996
2026-09-10 00:00:00,-56.0,-174.0,14.989534,-0.7406891
2026-09-10 00:00:00,-56.0,-172.0,15.185968,-0.7964246
2026-09-10 00:00:00,-56.0,-170.0,15.218621,-0.7957463
2026-09-10 00:00:00,-56.0,-168.0,15.2722,-0.7841351
2026-09-10 00:00:00,-56.0,-166.0,15.10092,-0.68497616
2026-09-10 00:00:00,-56.0,-164.0,15.137472,-0.7371496
2026-09-10 00:00:00,-56.0,-162.0,15.056321,-0.660866
2026-09-10 00:00:00,-56.0,-160.0,14.890633,-0.70691335
2026-09-10 00:00:00,-56.0,-158.0,14.991579,-0.6816931
2026-09-10 00:00:00,-56.0,-156.0,14.922241,-0.6294939
2026-09-10 00:00:00,-56.0,-154.0,15.315298,-0.67794216
2026-09-10 00:00:00,-56.0,-152.0,15.254504,-0.6886069
2026-09-10 00:00:00,-56.0,-150.0,15.244811,-0.63563055
2026-09-10 00:00:00,-56.0,-148.0,14.848094,-0.65956783
2026-09-10 00:00:00,-56.0,-146.0,14.96991,-0.5881728
2026-09-10 00:00:00,-56.0,-144.0,15.090835,-0.5653321
2026-09-10 00:00:00,-56.0,-142.0,15.199034,-0.56279874
2026-09-10 00:00:00,-56.0,-140.0,14.955613,-0.5516555
2026-09-10 00:00:00,-56.0,-138.0,14.812558,-0.54670215
2026-09-10 00:00:00,-56.0,-136.0,14.52854,-0.5125442
2026-09-10 00:00:00,-56.0,-134.0,15.198336,-0.56120217
2026-09-10 00:00:00,-56.0,-132.0,15.473425,-0.5029514
2026-09-10 00:00:00,-56.0,-130.0,14.789176,-0.4624099
2026-09-10 00:00:00,-56.0,-128.0,15.175067,-0.4341664
2026-09-10 00:00:00,-56.0,-126.0,15.371758,-0.47183636
2026-09-10 00:00:00,-56.0,-124.0,15.2533045,-0.43005675
2026-09-10 00:00:00,-56.0,-122.0,15.220415,-0.44071767
2026-09-10 00:00:00,-56.0,-120.0,14.843934,-0.3997387
2026-09-10 00:00:00,-56.0,-118.0,15.175292,-0.41012758
2026-09-10 00:00:00,-56.0,-116.0,15.517167,-0.40980756
2026-09-10 00:00:00,-56.0,-114.0,14.411008,-0.37937918
2026-09-10 00:00:00,-56.0,-112.0,14.723112,-0.3879476
2026-09-10 00:00:00,-56.0,-110.0,15.37291,-0.39920634
2026-09-10 00:00:00,-56.0,-108.0,15.1152315,-0.3772098
2026-09-10 00:00:00,-56.0,-106.0,15.485677,-0.4199129
2026-09-10 00:00:00,-56.0,-104.0,15.1016445,-0.35635075
2026-09-10 00:00:00,-56.0,-102.0,14.594847,-0.40608546
2026-09-10 00:00:00,-56.0,-100.0,15.087971,-0.39074746
2026-09-10 00:00:00,-56.0,-98.0,14.611279,-0.3272951
2026-09-10 00:00:00,-56.0,-96.0,14.874537,-0.42941135
2026-09-10 00:00:00,-56.0,-94.0,15.209233,-0.3892447
2026-09-10 00:00:00,-56.0,-92.0,15.004413,-0.39890048
2026-09-10 00:00:00,-56.0,-90.0,14.767528,-0.45458627
2026-09-10 00:00:00,-56.0,-88.0,15.095905,-0.34722224
2026-09-10 00:00:00,-56.0,-86.0,14.6407175,-0.42375556
2026-09-10 00:00:00,-56.0,-84.0,15.047168,-0.3965784
2026-09-10 00:00:00,-56.0,-82.0,15.115975,-0.3819539
2026-09-10 00:00:00,-56.0,-80.0,15.26789,-0.37696943
2026-09-10 00:00:00,-56.0,-78.0,15.138598,-0.3932977
2026-09-10 00:00:00,-56.0,-76.0,15.166861,-0.39049378
2026-09-10 00:00:00,-56.0,-74.0,14.874782,-0.36723983
2026-09-10 00:00:00,-56.0,-72.0,15.159527,-0.425661
2026-09-10 00:00:00,-56.0,-70.0,15.183843,-0.4098793
2026-09-10 00:00:00,-56.0,-68.0,15.301746,-0.37891197
2026-09-10 00:00:00,-56.0,-66.0,14.853592,-0.39629978
2026-09-10 00:00:00,-56.0,-64.0,14.783715,-0.38745424
2026-09-10 00:00:00,-56.0,-62.0,15.007191,-0.4115182
2026-09-10 00:00:00,-56.0,-60.0,15.060658,-0.30817428
2026-09-10 00:00:00,-56.0,-58.0,14.890673,-0.38976845
2026-09-10 00:00:00,-56.0,-56.0,14.837792,-0.3385334
2026-09-10 00:00:00,-56.0,-54.0,15.190796,-0.3506829
2026-09-10 00:00:00,-56.0,-52.0,14.8346615,-0.3409713
2026-09-10 00:00:00,-56.0,-50.0,15.134804,-0.34068668
2026-09-10 00:00:00,-56.0,-48.0,14.831344,-0.27463266
2026-09-10 00:00:00,-56.0,-46.0,15.048052,-0.22076856
2026-09-10 00:00:00,-56.0,-44.0,15.60559,-0.2626551
2026-09-10 00:00:00,-56.0,-42.0,15.019597,-0.23819013
2026-09-10 00:00:00,-56.0,-40.0,15.008204,-0.15429209
2026-09-10 00:00:00,-56.0,-38.0,14.706872,-0.23804912
2026-09-10 00:00:00,-56.0,-36.0,15.187158,-0.25386706
2026-09-10 00:00:00,-56.0,-34.0,14.7910595,-0.16619205
2026-09-10 00:00:00,-56.0,-32.0,15.250028,-0.2136834
2026-09-10 00:00:00,-56.0,-30.0,15.005829,-0.14224982
2026-09-10 00:00:00,-56.0,-28.0,15.126491,-0.10771028
2026-09-10 00:00:00,-56.0,-26.0,14.966335,-0.14928658
2026-09-10 00:00:00,-56.0,-24.0,14.866972,-0.18609588
2026-09-10 00:00:00,-56.0,-22.0,14.591932,-0.09484562
2026-09-10 00:00:00,-56.0,-20.0,15.108725,-0.114839606
2026-09-10 00:00:00,-56.0,-18.0,14.8010435,-0.093775466
2026-09-10 00:00:00,-56.0,-16.0,15.201244,-0.066776074
2026-09-10 00:00:00,-56.0,-14.0,15.005584,-0.03681934
2026-09-10 00:00:00,-56.0,-12.0,15.004683,-0.042962626
2026-09-10 00:00:00,-56.0,-10.0,15.080876,-0.027824963
2026-09-10 00:00:00,-56.0,-8.0,15.566798,-0.015779113
2026-09-10 00:00:00,-56.0,-6.0,14.900506,-0.01302515
2026-09-10 00:00:00,-56.0,-4.0,14.687497,0.03242986
2026-09-10 00:00:00,-56.0,-2.0,15.098599,0.01755044
2026-09-10 00:00:00,-56.0,0.0,15.060483,-0.010461189
2026-09-10 00:00:00,-56.0,2.0,14.426893,-0.028614579
2026-09-10 00:00:00,-56.0,4.0,15.480147,0.027278118
2026-09-10 00:00:00,-56.0,6.0,14.673855,0.0047945203
2026-09-10 00:00:00,-56.0,8.0,14.808331,-0.028371757
2026-09-10 00:00:00,-56.0,10.0,15.250331,-0.047563046
2026-09-10 00:00:00,-56.0,12.0,15.205705,-0.024887497
2026-09-10 00:00:00,-56.0,14.0,15.060855,-0.042982303
2026-09-10 00:00:00,-56.0,16.0,14.970176,-0.06521434
2026-09-10 00:00:00,-56.0,18.0,14.67961,-0.036899436
2026-09-10 00:00:00,-56.0,20.0,14.871984,-0.08747879
2026-09-10 00:00:00,-56.0,22.0,14.606518,-0.071486846
2026-09-10 00:00:00,-56.0,24.0,14.975614,-0.07557884
2026-09-10 00:00:00,-56.0,26.0,14.93885,-0.0892161
2026-09-10 00:00:00,-56.0,28.0,15.145855,-0.12024406
2026-09-10 00:00:00,-56.0,30.0,15.245985,-0.14256434
2026-09-10 00:00:00,-56.0,32.0,15.10106,-0.19610743
2026-09-10 00:00:00,-56.0,34.0,15.054912,-0.23340449
2026-09-10 00:00:00,-56.0,36.0,15.432112,-0.20520955
2026-09-10 00:00:00,-56.0,38.0,15.12586,-0.23431133
2026-09-10 00:00:00,-56.0,40.0,15.030358,-0.22971797
2026-09-10 00:00:00,-56.0,42.0,15.190045,-0.27268177
2026-09-10 00:00:00,-56.0,44.0,14.818954,-0.2992146
2026-09-10 00:00:00,-56.0,46.0,15.093751,-0.3098963
2026-09-10 00:00:00,-56.0,48.0,14.670291,-0.29416138
2026-09-10 00:00:00,-56.0,50.0,15.094213,-0.30266958
2026-09-10 00:00:00,-56.0,52.0,15.263402,-0.3186145
2026-09-10 00:00:00,-56.0,54.0,15.033215,-0.34223807
2026-09-10 00:00:00,-56.0,56.0,14.829108,-0.33655417
2026-09-10 00:00:00,-56.0,58.0,14.583063,-0.35467124
2026-09-10 00:00:00,-56.0,60.0,15.404123,-0.37357765
2026-09-10 00:00:00,-56.0,62.0,14.557217,-0.36855227
2026-09-10 00:00:00,-56.0,64.0,15.137185,-0.38327023
2026-09-10 00:00:00,-56.0,66.0,15.181675,-0.4058759
2026-09-10 00:00:00,-56.0,68.0,15.139075,-0.35273024
2026-09-10 00:00:00,-56.0,70.0,15.087628,-0.3800441
2026-09-10 00:00:00,-56.0,72.0,14.705159,-0.3397641
2026-09-10 00:00:00,-56.0,74.0,15.241359,-0.3526716
2026-09-10 00:00:00,-56.0,76.0,15.355728,-0.42350948
2026-09-10 00:00:00,-56.0,78.0,14.996927,-0.38359633
2026-09-10 00:00:00,-56.0,80.0,15.000677,-0.44005594
2026-09-10 00:00:00,-56.0,82.0,15.026553,-0.40878776
2026-09-10 00:00:00,-56.0,84.0,15.390541,-0.38970748
2026-09-10 00:00:00,-56.0,86.0,14.752184,-0.4770157
2026-09-10 00:00:00,-56.0,88.0,14.983077,-0.4145177
2026-09-10 00:00:00,-56.0,90.0,14.756906,-0.41312373
2026-09-10 00:00:00,-56.0,92.0,15.297627,-0.43938872
2026-09-10 00:00:00,-56.0,94.0,15.331002,-0.39564523
2026-09-10 00:00:00,-56.0,96.0,14.982077,-0.39993417
2026-09-10 00:00:00,-56.0,98.0,14.669385,-0.34815133
2026-09-10 00:00:00,-56.0,100.0,14.785393,-0.37211588
2026-09-10 00:00:00,-56.0,102.0,14.6237755,-0.42228538
2026-09-10 00:00:00,-56.0,104.0,15.154031,-0.47277525
2026-09-10 00:00:00,-56.0,106.0,14.69904,-0.4726261
2026-09-10 00:00:00,-56.0,108.0,14.681726,-0.3925047
2026-09-10 00:00:00,-56.0,110.0,14.867896,-0.44819537
2026-09-10 00:00:00,-56.0,112.0,15.212769,-0.433274
2026-09-10 00:00:00,-56.0,114.0,14.961028,-0.28290334
2026-09-10 00:00:00,-56.0,116.0,14.537198,-0.39669216
2026-09-10 00:00:00,-56.0,118.0,15.280566,-0.39237165
2026-09-10 00:00:00,-56.0,120.0,14.482674,-0.41691962
2026-09-10 00:00:00,-56.0,122.0,14.999914,-0.43018293
2026-09-10 00:00:00,-56.0,124.0,15.118198,-0.4934473
2026-09-10 00:00:00,-56.0,126.0,15.105515,-0.46113598
2026-09-10 00:00:00,-56.0,128.0,14.767483,-0.50564873
2026-09-10 00:00:00,-56.0,130.0,14.755153,-0.49521288
2026-09-10 00:00:00,-56.0,132.0,15.130369,-0.5393772
2026-09-10 00:00:00,-56.0,134.0,14.720889,-0.46752262
2026-09-10 00:00:00,-56.0,136.0,15.2988825,-0.56288207
2026-09-10 00:00:00,-56.0,138.0,14.932815,-0.54829603
2026-09-10 00:00:00,-56.0,140.0,14.582636,-0.5576763
2026-09-10 00:00:00,-56.0,142.0,15.245364,-0.5945199
2026-09-10 00:00:00,-56.0,144.0,15.063891,-0.5801855
2026-09-10 00:00:00,-56.0,146.0,14.86922,-0.56916076
2026-09-10 00:00:00,-56.0,148.0,15.044285,-0.6341281
2026-09-10 00:00:00,-56.0,150.0,14.896109,-0.63848954
2026-09-10 00:00:00,-56.0,152.0,15.037927,-0.61516
2026-09-10 00:00:00,-56.0,154.0,15.432584,-0.66475165
2026-09-10 00:00:00,-56.0,156.0,14.563859,-0.68025756
2026-09-10 00:00:00,-56.0,158.0,15.058659,-0.67979854
2026-09-10 00:00:00,-56.0,160.0,15.498015,-0.7421838
2026-09-10 00:00:00,-56.0,162.0,14.996641,-0.7755261
2026-09-10 00:00:00,-56.0,164.0,15.073912,-0.76248556
2026-09-10 00:00:00,-56.0,166.0,15.382238,-0.7559191
2026-09-10 00:00:00,-56.0,168.0,15.250779,-0.7300529
2026-09-10 00:00:00,-56.0,170.0,15.140665,-0.6856185
2026-09-10 00:00:00,-56.0,172.0,15.079413,-0.7998225
2026-09-10 00:00:00,-56.0,174.0,14.999303,-0.7339439
2026-09-10 00:00:00,-56.0,176.0,15.266235,-0.76438886
2026-09-10 00:00:00,-56.0,178.0,15.10577,-0.79750293
2026-09-10 00:00:00,-56.0,-180.0,15.148082,-0.79233503
2026-09-10 00:00:00,-54.0,-180.0,15.839975,-0.7575172
2026-09-10 00:00:00,-54.0,-178.0,15.680637,-0.73896694
2026-09-10 00:00:00,-54.0,-176.0,15.903986,-0.7540746
2026-09-10 00:00:00,-54.0,-174.0,16.031492,-0.76020175
2026-09-10 00:00:00,-54.0,-172.0,15.983184,-0.7296563
2026-09-10 00:00:00,-54.0,-170.0,15.48909,-0.77522284
2026-09-10 00:00:00,-54.0,-168.0,16.00261,-0.72581345
2026-09-10 00:00:00,-54.0,-166.0,15.651728,-0.7093019
2026-09-10 00:00:00,-54.0,-164.0,16.297031,-0.7220163
2026-09-10 00:00:00,-54.0,-162.0,15.60735,-0.6702494
2026-09-10 00:00:00,-54.0,-160.0,16.005377,-0.7156377
2026-09-10 00:00:00,-54.0,-158.0,15.671526,-0.6789986
2026-09-10 00:00:00,-54.0,-156.0,15.875934,-0.69223565
2026-09-10 00:00:00,-54.0,-154.0,15.948938,-0.6922317
2026-09-10 00:00:00,-54.0,-152.0,15.829869,-0.6346909
2026-09-10 00:00:00,-54.0,-150.0,15.878396,-0.6535168
2026-09-10 00:00:00,-54.0,-148.0,15.782587,-0.6269853
2026-09-10 00:00:00,-54.0,-146.0,16.33538,-0.624313
2026-09-10 00:00:00,-54.0,-144.0,16.306252,-0.5895444
2026-09-10 00:00:00,-54.0,-142.0,15.679355,-0.5934304
2026-09-10 00:00:00,-54.0,-140.0,15.792356,-0.57842827
2026-09-10 00:00:00,-54.0,-138.0,15.73256,-0.5242751
2026-09-10 00:00:00,-54.0,-136.0,15.700211,-0.550946
2026-09-10 00:00:00,-54.0,-134.0,16.165905,-0.5262339
2026-09-10 00:00:00,-54.0,-132.0,15.874357,-0.481201
2026-09-10 00:00:00,-54.0,-130.0,15.8352585,-0.507053
2026-09-10 00:00:00,-54.0,-128.0,15.817725,-0.4527323
2026-09-10 00:00:00,-54.0,-126.0,16.088596,-0.46258682
2026-09-10 00:00:00,-54.0,-124.0,15.7139845,-0.47181457
2026-09-10 00:00:00,-54.0,-122.0,15.627437,-0.49965584
2026-09-10 00:00:00,-54.0,-120.0,15.535813,-0.4135608
2026-09-10 00:00:00,-54.0,-118.0,15.578356,-0.41146848
2026-09-10 00:00:00,-54.0,-116.0,15.865598,-0.46743265
2026-09-10 00:00:00,-54.0,-114.0,15.71734,-0.37218052
2026-09-10 00:00:00,-54.0,-112.0,15.942216,-0.4317838
2026-09-10 00:00:00,-54.0,-110.0,15.642307,-0.43172863
2026-09-10 00:00:00,-54.0,-108.0,15.789831,-0.38551486
2026-09-10 00:00:00,-54.0,-106.0,16.03112,-0.40976042
2026-09-10 00:00:00,-54.0,-104.0,15.521502,-0.39492068
2026-09-10 00:00:00,-54.0,-102.0,15.905151,-0.39844173
2026-09-10 00:00:00,-54.0,-100.0,15.695908,-0.36456144
2026-09-10 00:00:00,-54.0,-98.0,16.126188,-0.38164932
2026-09-10 00:00:00,-54.0,-96.0,15.93052,-0.43439582
2026-09-10 00:00:00,-54.0,-94.0,15.261587,-0.40613058
2026-09-10 00:00:00,-54.0,-92.0,15.979609,-0.4196766
2026-09-10 00:00:00,-54.0,-90.0,15.887254,-0.41999277
2026-09-10 00:00:00,-54.0,-88.0,16.22389,-0.43527472
2026-09-10 00:00:00,-54.0,-86.0,15.896698,-0.40122545
2026-09-10 00:00:00,-54.0,-84.0,15.821422,-0.42681992
2026-09-10 00:00:00,-54.0,-82.0,16.167908,-0.39571545
2026-09-10 00:00:00,-54.0,-80.0,15.724643,-0.4269033
2026-09-10 00:00:00,-54.0,-78.0,15.888057,-0.43708146
2026-09-10 00:00:00,-54.0,-76.0,15.824869,-0.4584942
2026-09-10 00:00:00,-54.0,-74.0,15.775822,-0.38859025
2026-09-10 00:00:00,-54.0,-72.0,15.908375,-0.3562093
2026-09-10 00:00:00,-54.0,-70.0,15.846343,-0.38529122
2026-09-10 00:00:00,-54.0,-68.0,15.891238,-0.32670984
2026-09-10 00:00:00,-54.0,-66.0,15.997216,-0.3730694
2026-09-10 00:00:00,-54.0,-64.0,16.308886,-0.35117647
2026-09-10 00:00:00,-54.0,-62.0,15.747391,-0.28742617
2026-09-10 00:00:00,-54.0,-60.0,15.742243,-0.36801675
2026-09-10 00:00:00,-54.0,-58.0,15.500926,-0.29886496
2026-09-10 00:00:00,-54.0,-56.0,16.1364,-0.32910436
2026-09-10 00:00:00,-54.0,-54.0,15.987333,-0.30357298
2026-09-10 00:00:00,-54.0,-52.0,15.679412,-0.29163256
2026-09-10 00:00:00,-54.0,-50.0,16.139982,-0.27590036
2026-09-10 00:00:00,-54.0,-48.0,15.386263,-0.22853148
2026-09-10 00:00:00,-54.0,-46.0,15.661489,-0.28159103
2026-09-10 00:00:00,-54.0,-44.0,15.763445,-0.25045466
2026-09-10 00:00:00,-54.0,-42.0,16.209833,-0.23847698
2026-09-10 00:00:00,-54.0,-40.0,16.110163,-0.24187297
2026-09-10 00:00:00,-54.0,-38.0,15.727617,-0.2338856
2026-09-10 00:00:00,-54.0,-36.0,15.852444,-0.1776233
2026-09-10 00:00:00,-54.0,-34.0,15.746908,-0.18343951
2026-09-10 00:00:00,-54.0,-32.0,16.040148,-0.08197564
2026-09-10 00:00:00,-54.0,-30.0,15.816913,-0.10775943
2026-09-10 00:00:00,-54.0,-28.0,15.829712,-0.12690161
2026-09-10 00:00:00,-54.0,-26.0,15.485711,-0.13676699
2026-09-10 00:00:00,-54.0,-24.0,15.91164,-0.11942576
2026-09-10 00:00:00,-54.0,-22.0,15.884997,-0.13989328
2026-09-10 00:00:00,-54.0,-20.0,15.526383,-0.11807768
2026-09-10 00:00:00,-54.0,-18.0,15.580438,-0.028428225
2026-09-10 00:00:00,-54.0,-16.0,15.880849,-0.061241847
2026-09-10 00:00:00,-54.0,-14.0,15.9721575,-0.052221533
2026-09-10 00:00:00,-54.0,-12.0,16.002153,-0.01608187
2026-09-10 00:00:00,-54.0,-10.0,16.159246,-0.01342492
2026-09-10 00:00:00,-54.0,-8.0,15.742797,-0.036195897
2026-09-10 00:00:00,-54.0,-6.0,15.5376625,-0.03656629
2026-09-10 00:00:00,-54.0,-4.0,15.677635,-0.055649053
2026-09-10 00:00:00,-54.0,-2.0,16.044943,0.019575967
2026-09-10 00:00:00,-54.0,0.0,15.746228,-0.009193712
2026-09-10 00:00:00,-54.0,2.0,16.34916,-0.023809383
2026-09-10 00:00:00,-54.0,4.0,15.586268,-0.005362591
2026-09-10 00:00:00,-54.0,6.0,15.920061,0.005586179
2026-09-10 00:00:00,-54.0,8.0,15.764114,0.00027838204
2026-09-10 00:00:00,-54.0,10.0,16.184793,-0.020574925
2026-09-10 00:00:00,-54.0,12.0,15.411506,-0.012577665
2026-09-10 00:00:00,-54.0,14.0,16.021814,-0.06842961
2026-09-10 00:00:00,-54.0,16.0,16.070095,-0.02578657
2026-09-10 00:00:00,-54.0,18.0,15.70799,-0.096026935
2026-09-10 00:00:00,-54.0,20.0,16.041838,-0.05632747
2026-09-10 00:00:00,-54.0,22.0,15.88035,-0.077562466
2026-09-10 00:00:00,-54.0,24.0,15.915855,-0.106197394
2026-09-10 00:00:00,-54.0,26.0,15.803924,-0.13061063
2026-09-10 00:00:00,-54.0,28.0,15.8283825,-0.14992934
2026-09-10 00:00:00,-54.0,30.0,15.993217,-0.20335305
2026-09-10 00:00:00,-54.0,32.0,16.027521,-0.21346746
2026-09-10 00:00:00,-54.0,34.0,15.976497,-0.15702868
2026-09-10 00:00:00,-54.0,36.0,16.063923,-0.19289598
2026-09-10 00:00:00,-54.0,38.0,15.700394,-0.1759209
2026-09-10 00:00:00,-54.0,40.0,15.75399,-0.23090075
2026-09-10 00:00:00,-54.0,42.0,16.16148,-0.24805112
2026-09-10 00:00:00,-54.0,44.0,16.010616,-0.2724814
2026-09-10 00:00:00,-54.0,46.0,15.258827,-0.33345878
2026-09-10 00:00:00,-54.0,48.0,15.559079,-0.319424
2026-09-10 00:00:00,-54.0,50.0,15.521291,-0.28454998
2026-09-10 00:00:00,-54.0,52.0,16.02649,-0.28900352
2026-09-10 00:00:00,-54.0,54.0,15.719962,-0.38646814
2026-09-10 00:00:00,-54.0,56.0,15.9420595,-0.31130472
2026-09-10 00:00:00,-54.0,58.0,15.851433,-0.28516904
2026-09-10 00:00:00,-54.0,60.0,15.75208,-0.32409948
2026-09-10 00:00:00,-54.0,62.0,15.976495,-0.3635472
2026-09-10 00:00:00,-54.0,64.0,15.682466,-0.31600368
2026-09-10 00:00:00,-54.0,66.0,16.075354,-0.36974892
2026-09-10 00:00:00,-54.0,68.0,15.939996,-0.40504596
2026-09-10 00:00:00,-54.0,70.0,15.907916,-0.39935198
2026-09-10 00:00:00,-54.0,72.0,16.147635,-0.3899943
2026-09-10 00:00:00,-54.0,74.0,15.556087,-0.37586808
2026-09-10 00:00:00,-54.0,76.0,15.913748,-0.40280575
2026-09-10 00:00:00,-54.0,78.0,15.300163,-0.38709986
2026-09-10 00:00:00,-54.0,80.0,16.158587,-0.35634926
2026-09-10 00:00:00,-54.0,82.0,15.911348,-0.3893499
2026-09-10 00:00:00,-54.0,84.0,16.043722,-0.35888454
2026-09-10 00:00:00,-54.0,86.0,15.8402,-0.4119472
2026-09-10 00:00:00,-54.0,88.0,16.091955,-0.4523987
2026-09-10 00:00:00,-54.0,90.0,15.914872,-0.3659633
2026-09-10 00:00:00,-54.0,92.0,15.994538,-0.42402434
2026-09-10 00:00:00,-54.0,94.0,16.037926,-0.38377345
2026-09-10 00:00:00,-54.0,96.0,15.780831,-0.33135113
2026-09-10 00:00:00,-54.0,98.0,15.421309,-0.36174554
2026-09-10 00:00:00,-54.0,100.0,15.812166,-0.3630679
2026-09-10 00:00:00,-54.0,102.0,15.50882,-0.36448196
2026-09-10 00:00:00,-54.0,104.0,15.837788,-0.36894503
2026-09-10 00:00:00,-54.0,106.0,16.360374,-0.50578296
2026-09-10 00:00:00,-54.0,108.0,15.75058,-0.42111075
2026-09-10 00:00:00,-54.0,110.0,15.629932,-0.41247368
2026-09-10 00:00:00,-54.0,112.0,15.899659,-0.4262229
2026-09-10 00:00:00,-54.0,114.0,16.118649,-0.41865554
2026-09-10 00:00:00,-54.0,116.0,16.00965,-0.43375355
2026-09-10 00:00:00,-54.0,118.0,16.018345,-0.37513167
2026-09-10 00:00:00,-54.0,120.0,15.940347,-0.42612258
2026-09-10 00:00:00,-54.0,122.0,15.501533,-0.49155268
2026-09-10 00:00:00,-54.0,124.0,15.71097,-0.4973516
2026-09-10 00:00:00,-54.0,126.0,16.178968,-0.49318975
2026-09-10 00:00:00,-54.0,128.0,15.811924,-0.5007008
2026-09-10 00:00:00,-54.0,130.0,15.616337,-0.4677859
2026-09-10 00:00:00,-54.0,132.0,15.443903,-0.5323892
2026-09-10 00:00:00,-54.0,134.0,15.571103,-0.5131648
2026-09-10 00:00:00,-54.0,136.0,15.57154,-0.5280565
2026-09-10 00:00:00,-54.0,138.0,15.801207,-0.5339168
2026-09-10 00:00:00,-54.0,140.0,15.894925,-0.5714416
2026-09-10 00:00:00,-54.0,142.0,15.9438095,-0.59371614
2026-09-10 00:00:00,-54.0,144.0,15.797468,-0.58797723
2026-09-10 00:00:00,-54.0,146.0,15.618687,-0.60056883
2026-09-10 00:00:00,-54.0,148.0,16.135021,-0.5982315
2026-09-10 00:00:00,-54.0,150.0,16.156403,-0.69537514
2026-09-10 00:00:00,-54.0,152.0,15.8663435,-0.62697154
2026-09-10 00:00:00,-54.0,154.0,15.690346,-0.6861257
2026-09-10 00:00:00,-54.0,156.0,15.813724,-0.6654327
2026-09-10 00:00:00,-54.0,158.0,15.859664,-0.6872333
2026-09-10 00:00:00,-54.0,160.0,16.102098,-0.73471665
2026-09-10 00:00:00,-54.0,162.0,15.835503,-0.70948285
2026-09-10 00:00:00,-54.0,164.0,15.736674,-0.7113418
2026-09-10 00:00:00,-54.0,166.0,15.885638,-0.7012912
2026-09-10 00:00:00,-54.0,168.0,16.246168,-0.68072075
2026-09-10 00:00:00,-54.0,170.0,16.345276,-0.69882005
2026-09-10 00:00:00,-54.0,172.0,16.060944,-0.7305049
2026-09-10 00:00:00,-54.0,174.0,15.676531,-0.7513406
2026-09-10 00:00:00,-54.0,176.0,15.934035,-0.7717419
2026-09-10 00:00:00,-54.0,178.0,15.365185,-0.8101964
2026-09-10 00:00:00,-54.0,-180.0,15.865735,-0.74707156
2026-09-10 00:00:00,-52.0,-180.0,16.652063,-0.67602575
2026-09-10 00:00:00,-52.0,-178.0,16.371622,-0.7352404
2026-09-10 00:00:00,-52.0,-176.0,16.623753,-0.7304724
2026-09-10 00:00:00,-52.0,-174.0,16.842081,-0.8101857
2026-09-10 00:00:00,-52.0,-172.0,16.159758,-0.7257482
2026-09-10 00:00:00,-52.0,-170.0,16.327564,-0.7095895
2026-09-10 00:00:00,-52.0,-168.0,16.42063,-0.68020886
2026-09-10 00:00:00,-52.0,-166.0,16.588638,-0.6271237
2026-09-10 00:00:00,-52.0,-164.0,16.12679,-0.7017523
2026-09-10 00:00:00,-52.0,-162.0,17.155773,-0.71075517
2026-09-10 00:00:00,-52.0,-160.0,16.711489,-0.6865713
2026-09-10 00:00:00,-52.0,-158.0,16.388441,-0.7167547
2026-09-10 00:00:00,-52.0,-156.0,16.72088,-0.6607795
2026-09-10 00:00:00,-52.0,-154.0,16.611986,-0.6389
2026-09-10 00:00:00,-52.0,-152.0,16.66415,-0.65191334
2026-09-10 00:00:00,-52.0,-150.0,16.813269,-0.6282083
2026-09-10 00:00:00,-52.0,-148.0,16.613756,-0.5667877
2026-09-10 00:00:00,-52.0,-146.0,16.728363,-0.64000237
2026-09-10 00:00:00,-52.0,-144.0,16.465446,-0.5992951
2026-09-10 00:00:00,-52.0,-142.0,17.083447,-0.52102053
2026-09-10 00:00:00,-52.0,-140.0,16.987015,-0.534872
2026-09-10 00:00:00,-52.0,-138.0,16.449821,-0.52278656
2026-09-10 00:00:00,-52.0,-136.0,16.807941,-0.45565197
2026-09-10 00:00:00,-52.0,-134.0,16.57107,-0.5330592
2026-09-10 00:00:00,-52.0,-132.0,16.495419,-0.5349806
2026-09-10 00:00:00,-52.0,-130.0,16.831463,-0.47464952
2026-09-10 00:00:00,-52.0,-128.0,17.033304,-0.5160058
2026-09-10 00:00:00,-52.0,-126.0,16.654669,-0.44299865
2026-09-10 00:00:00,-52.0,-124.0,16.67093,-0.47712696
2026-09-10 00:00:00,-52.0,-122.0,16.85879,-0.44692877
2026-09-10 00:00:00,-52.0,-120.0,16.620605,-0.41949
2026-09-10 00:00:00,-52.0,-118.0,16.2886,-0.42759097
2026-09-10 00:00:00,-52.0,-116.0,16.113232,-0.43545437
2026-09-10 00:00:00,-52.0,-114.0,16.827017,-0.4521157
2026-09-10 00:00:00,-52.0,-112.0,16.740442,-0.34382403
2026-09-10 00:00:00,-52.0,-110.0,16.727654,-0.41666576
2026-09-10 00:00:00,-52.0,-108.0,16.947239,-0.43812957
2026-09-10 00:00:00,-52.0,-106.0,16.677635,-0.40724164
2026-09-10 00:00:00,-52.0,-104.0,16.461628,-0.4150566
2026-09-10 00:00:00,-52.0,-102.0,16.402071,-0.37228742
2026-09-10 00:00:00,-52.0,-100.0,17.072147,-0.35610425
2026-09-10 00:00:00,-52.0,-98.0,16.8836,-0.36117175
2026-09-10 00:00:00,-52.0,-96.0,16.68674,-0.41449454
2026-09-10 00:00:00,-52.0,-94.0,16.701717,-0.3355275
2026-09-10 00:00:00,-52.0,-92.0,16.710772,-0.37582684
2026-09-10 00:00:00,-52.0,-90.0,17.00433,-0.37547418
2026-09-10 00:00:00,-52.0,-88.0,16.337072,-0.3972571
2026-09-10 00:00:00,-52.0,-86.0,16.393341,-0.34899795
2026-09-10 00:00:00,-52.0,-84.0,16.680733,-0.40018016
2026-09-10 00:00:00,-52.0,-82.0,16.70814,-0.43639806
2026-09-10 00:00:00,-52.0,-80.0,16.534744,-0.35500816
2026-09-10 00:00:00,-52.0,-78.0,16.572166,-0.37361988
2026-09-10 00:00:00,-52.0,-76.0,16.806452,-0.3369893
2026-09-10 00:00:00,-52.0,-74.0,16.633265,-0.32247987
2026-09-10 00:00:00,-52.0,-72.0,16.56899,-0.40098774
2026-09-10 00:00:00,-52.0,-70.0,16.599834,-0.34688365
2026-09-10 00:00:00,-52.0,-68.0,16.436737,-0.35032758
2026-09-10 00:00:00,-52.0,-66.0,16.862799,-0.38144067
2026-09-10 00:00:00,-52.0,-64.0,16.907152,-0.27907768
2026-09-10 00:00:00,-52.0,-62.0,16.744577,-0.314479
2026-09-10 00:00:00,-52.0,-60.0,16.705202,-0.31006235
2026-09-10 00:00:00,-52.0,-58.0,16.932459,-0.34294817
2026-09-10 00:00:00,-52.0,-56.0,16.812056,-0.3047615
2026-09-10 00:00:00,-52.0,-54.0,16.783115,-0.32122973
2026-09-10 00:00:00,-52.0,-52.0,16.402542,-0.2880898
2026-09-10 00:00:00,-52.0,-50.0,17.041042,-0.26221183
2026-09-10 00:00:00,-52.0,-48.0,16.58137,-0.25639576
2026-09-10 00:00:00,-52.0,-46.0,16.515675,-0.19507116
2026-09-10 00:00:00,-52.0,-44.0,17.044512,-0.2219621
2026-09-10 00:00:00,-52.0,-42.0,16.523006,-0.23157808
2026-09-10 00:00:00,-52.0,-40.0,16.300592,-0.20055898
2026-09-10 00:00:00,-52.0,-38.0,16.700777,-0.17771219
2026-09-10 00:00:00,-52.0,-36.0,16.768679,-0.2007843
2026-09-10 00:00:00,-52.0,-34.0,16.677895,-0.14632247
2026-09-10 00:00:00,-52.0,-32.0,17.148602,-0.12583275
2026-09-10 00:00:00,-52.0,-30.0,16.281097,-0.12046638
2026-09-10 00:00:00,-52.0,-28.0,17.119835,-0.109790504
2026-09-10 00:00:00,-52.0,-26.0,16.627462,-0.08659173
2026-09-10 00:00:00,-52.0,-24.0,16.618696,-0.11158686
2026-09-10 00:00:00,-52.0,-22.0,16.817602,-0.064068615
2026-09-10 00:00:00,-52.0,-20.0,16.509024,-0.11446189
2026-09-10 00:00:00,-52.0,-18.0,16.777542,-0.100064635
2026-09-10 00:00:00,-52.0,-16.0,16.81452,-0.039658155
2026-09-10 00:00:00,-52.0,-14.0,16.796705,-0.048618346
2026-09-10 00:00:00,-52.0,-12.0,16.687124,-0.06513317
2026-09-10 00:00:00,-52.0,-10.0,17.095837,0.00039238442
2026-09-10 00:00:00,-52.0,-8.0,16.99598,0.005213845
2026-09-10 00:00:00,-52.0,-6.0,16.557226,-0.038428262
2026-09-10 00:00:00,-52.0,-4.0,16.878159,-0.02513284
2026-09-10 00:00:00,-52.0,-2.0,16.831123,-0.041503686
2026-09-10 00:00:00,-52.0,0.0,16.45829,-0.076604016
2026-09-10 00:00:00,-52.0,2.0,16.725962,-0.0033437163
2026-09-10 00:00:00,-52.0,4.0,16.479345,0.013198277
2026-09-10 00:00:00,-52.0,6.0,16.416336,-0.08143758
2026-09-10 00:00:00,-52.0,8.0,16.88925,-0.039883256
2026-09-10 00:00:00,-52.0,10.0,16.729208,-0.003912988
2026-09-10 00:00:00,-52.0,12.0,16.422075,-0.0024873863
2026-09-10 00:00:00,-52.0,14.0,16.725435,-0.071005754
2026-09-10 00:00:00,-52.0,16.0,16.653547,-0.065035
2026-09-10 00:00:00,-52.0,18.0,16.890388,-0.040071137
2026-09-10 00:00:00,-52.0,20.0,16.4001,-0.14587049
2026-09-10 00:00:00,-52.0,22.0,16.707596,-0.07450988
2026-09-10 00:00:00,-52.0,24.0,16.353928,-0.11866606
2026-09-10 00:00:00,-52.0,26.0,16.663694,-0.085293315
2026-09-10 00:00:00,-52.0,28.0,16.933935,-0.092196524
2026-09-10 00:00:00,-52.0,30.0,16.345312,-0.13194157
2026-09-10 00:00:00,-52.0,32.0,16.481304,-0.19498715
2026-09-10 00:00:00,-52.0,34.0,16.470102,-0.14885844
2026-09-10 00:00:00,-52.0,36.0,16.814548,-0.15897553
2026-09-10 00:00:00,-52.0,38.0,16.759289,-0.165792
2026-09-10 00:00:00,-52.0,40.0,16.83884,-0.23274598
2026-09-10 00:00:00,-52.0,42.0,16.316923,-0.22071937
2026-09-10 00:00:00,-52.0,44.0,16.597418,-0.24361195
2026-09-10 00:00:00,-52.0,46.0,16.361963,-0.2254201
2026-09-10 00:00:00,-52.0,48.0,16.784702,-0.22910659
2026-09-10 00:00:00,-52.0,50.0,16.431936,-0.23257929
2026-09-10 00:00:00,-52.0,52.0,17.228296,-0.27275681
2026-09-10 00:00:00,-52.0,54.0,16.372978,-0.27375427
2026-09-10 00:00:00,-52.0,56.0,17.191544,-0.273871
2026-09-10 00:00:00,-52.0,58.0,16.58654,-0.3467813
2026-09-10 00:00:00,-52.0,60.0,16.495552,-0.29983395
2026-09-10 00:00:00,-52.0,62.0,16.723177,-0.34827033
2026-09-10 00:00:00,-52.0,64.0,16.899683,-0.29992387
2026-09-10 00:00:00,-52.0,66.0,16.486012,-0.3044363
2026-09-10 00:00:00,-52.0,68.0,16.784351,-0.28691813
2026-09-10 00:00:00,-52.0,70.0,16.801764,-0.2980907
2026-09-10 00:00:00,-52.0,72.0,16.728806,-0.3400459
2026-09-10 00:00:00,-52.0,74.0,16.659101,-0.33658227
2026-09-10 00:00:00,-52.0,76.0,16.687878,-0.32364693
2026-09-10 00:00:00,-52.0,78.0,16.91432,-0.38796616
2026-09-10 00:00:00,-52.0,80.0,16.52585,-0.34619483
2026-09-10 00:00:00,-52.0,82.0,16.894089,-0.3554089
2026-09-10 00:00:00,-52.0,84.0,16.650705,-0.3879281
2026-09-10 00:00:00,-52.0,86.0,17.059298,-0.32515383
2026-09-10 00:00:00,-52.0,88.0,16.937696,-0.3615591
2026-09-10 00:00:00,-52.0,90.0,17.095451,-0.37978637
2026-09-10 00:00:00,-52.0,92.0,16.89561,-0.3982774
2026-09-10 00:00:00,-52.0,94.0,16.569372,-0.39055184
2026-09-10 00:00:00,-52.0,96.0,16.676058,-0.33716032
2026-09-10 00:00:00,-52.0,98.0,16.8331,-0.37353304
2026-09-10 00:00:00,-52.0,100.0,16.47889,-0.43725088
2026-09-10 00:00:00,-52.0,102.0,16.72625,-0.3687813
2026-09-10 00:00:00,-52.0,104.0,16.994905,-0.37211335
2026-09-10 00:00:00,-52.0,106.0,16.570133,-0.35116315
2026-09-10 00:00:00,-52.0,108.0,16.766619,-0.3885641
2026-09-10 00:00:00,-52.0,110.0,16.839714,-0.4163165
2026-09-10 00:00:00,-52.0,112.0,16.48436,-0.4418983
2026-09-10 00:00:00,-52.0,114.0,16.62151,-0.4580918
2026-09-10 00:00:00,-52.0,116.0,16.782112,-0.456803
2026-09-10 00:00:00,-52.0,118.0,17.125942,-0.41033837
2026-09-10 00:00:00,-52.0,120.0,16.497158,-0.42925164
2026-09-10 00:00:00,-52.0,122.0,16.634422,-0.4590757
2026-09-10 00:00:00,-52.0,124.0,16.665854,-0.46711692
2026-09-10 00:00:00,-52.0,126.0,16.484064,-0.4146372
2026-09-10 00:00:00,-52.0,128.0,16.687235,-0.45816565
2026-09-10 00:00:00,-52.0,130.0,16.254574,-0.47541678
2026-09-10 00:00:00,-52.0,132.0,16.594204,-0.55468166
2026-09-10 00:00:00,-52.0,134.0,16.554653,-0.5073343
2026-09-10 00:00:00,-52.0,136.0,16.424871,-0.5358065
2026-09-10 00:00:00,-52.0,138.0,16.613514,-0.5028595
2026-09-10 00:00:00,-52.0,140.0,16.691523,-0.5842741
2026-09-10 00:00:00,-52.0,142.0,16.558723,-0.5500338
2026-09-10 00:00:00,-52.0,144.0,16.967485,-0.58900136
2026-09-10 00:00:00,-52.0,146.0,16.770266,-0.6028258
2026-09-10 00:00:00,-52.0,148.0,16.562717,-0.5963844
2026-09-10 00:00:00,-52.0,150.0,16.61998,-0.637648
2026-09-10 00:00:00,-52.0,152.0,16.70095,-0.60163164
2026-09-10 00:00:00,-52.0,154.0,17.003002,-0.6323824
2026-09-10 00:00:00,-52.0,156.0,16.650572,-0.61601204
2026-09-10 00:00:00,-52.0,158.0,17.147568,-0.6113951
2026-09-10 00:00:00,-52.0,160.0,16.748827,-0.68991804
2026-09-10 00:00:00,-52.0,162.0,16.69846,-0.7011691
2026-09-10 00:00:00,-52.0,164.0,17.03797,-0.6950027
2026-09-10 00:00:00,-52.0,166.0,16.994556,-0.74631953
2026-09-10 00:00:00,-52.0,168.0,16.284828,-0.69046557
2026-09-10 00:00:00,-52.0,170.0,16.689425,-0.69737536
2026-09-10 00:00:00,-52.0,172.0,16.792332,-0.657192
2026-09-10 00:00:00,-52.0,174.0,16.464968,-0.72240186
2026-09-10 00:00:00,-52.0,176.0,16.435942,-0.73471427
2026-09-10 00:00:00,-52.0,178.0,17.021048,-0.72448707
2026-09-10 00:00:00,-52.0,-180.0,16.885792,-0.65686595
2026-09-10 00:00:00,-50.0,-180.0,17.39112,-0.6644045
2026-09-10 00:00:00,-50.0,-178.0,17.278915,-0.7251026
2026-09-10 00:00:00,-50.0,-176.0,17.432127,-0.751328
2026-09-10 00:00:00,-50.0,-174.0,17.404259,-0.6989361
2026-09-10 00:00:00,-50.0,-172.0,17.306463,-0.6457414
2026-09-10 00:00:00,-50.0,-170.0,17.116814,-0.7628846
2026-09-10 00:00:00,-50.0,-168.0,17.378952,-0.6295456
2026-09-10 00:00:00,-50.0,-166.0,17.504475,-0.67559254
2026-09-10 00:00:00,-50.0,-164.0,17.31226,-0.66319454
2026-09-10 00:00:00,-50.0,-162.0,17.597586,-0.7120028
2026-09-10 00:00:00,-50.0,-160.0,17.632309,-0.70329565
2026-09-10 00:00:00,-50.0,-158.0,17.30998,-0.69250673
2026-09-10 00:00:00,-50.0,-156.0,17.149403,-0.68427676
2026-09-10 00:00:00,-50.0,-154.0,17.373655,-0.5714246
2026-09-10 00:00:00,-50.0,-152.0,17.534004,-0.6040417
2026-09-10 00:00:00,-50.0,-150.0,17.127666,-0.63313544
2026-09-10 00:00:00,-50.0,-148.0,17.133972,-0.61968684
2026-09-10 00:00:00,-50.0,-146.0,17.070305,-0.5912869
2026-09-10 00:00:00,-50.0,-144.0,17.372316,-0.60899144
2026-09-10 00:00:00,-50.0,-142.0,17.965126,-0.5729275
2026-09-10 00:00:00,-50.0,-140.0,17.321024,-0.5358682
2026-09-10 00:00:00,-50.0,-138.0,17.776567,-0.6009065
2026-09-10 00:00:00,-50.0,-136.0,17.840557,-0.5203739
2026-09-10 00:00:00,-50.0,-134.0,17.20587,-0.5484693
2026-09-10 00:00:00,-50.0,-132.0,17.401573,-0.4986534
2026-09-10 00:00:00,-50.0,-130.0,17.478569,-0.53143644
2026-09-10 00:00:00,-50.0,-128.0,17.445812,-0.53011906
2026-09-10 00:00:00,-50.0,-126.0,17.404835,-0.5135269
2026-09-10 00:00:00,-50.0,-124.0,17.134905,-0.46976522
2026-09-10 00:00:00,-50.0,-122.0,17.102411,-0.42585418
2026-09-10 00:00:00,-50.0,-120.0,17.845108,-0.44565493
2026-09-10 00:00:00,-50.0,-118.0,17.504604,-0.38514578
2026-09-10 00:00:00,-50.0,-116.0,17.723848,-0.48244154
2026-09-10 00:00:00,-50.0,-114.0,17.47304,-0.41342217
2026-09-10 00:00:00,-50.0,-112.0,18.01161,-0.43774265
2026-09-10 00:00:00,-50.0,-110.0,17.106308,-0.38857028
2026-09-10 00:00:00,-50.0,-108.0,17.385183,-0.4188465
2026-09-10 00:00:00,-50.0,-106.0,17.574293,-0.44727874
2026-09-10 00:00:00,-50.0,-104.0,17.464516,-0.39155456
2026-09-10 00:00:00,-50.0,-102.0,17.414436,-0.39219025
2026-09-10 00:00:00,-50.0,-100.0,17.628258,-0.43114474
2026-09-10 00:00:00,-50.0,-98.0,17.54147,-0.33977923
2026-09-10 00:00:00,-50.0,-96.0,16.961454,-0.40134907
2026-09-10 00:00:00,-50.0,-94.0,17.470705,-0.34055933
2026-09-10 00:00:00,-50.0,-92.0,17.369408,-0.3455226
2026-09-10 00:00:00,-50.0,-90.0,17.549131,-0.42328376
2026-09-10 00:00:00,-50.0,-88.0,16.731297,-0.32577237
2026-09-10 00:00:00,-50.0,-86.0,17.61064,-0.34444603
2026-09-10 00:00:00,-50.0,-84.0,17.486637,-0.39377242
2026-09-10 00:00:00,-50.0,-82.0,17.556042,-0.35929888
2026-09-10 00:00:00,-50.0,-80.0,17.279161,-0.3772708
2026-09-10 00:00:00,-50.0,-78.0,17.822,-0.3206174
2026-09-10 00:00:00,-50.0,-76.0,17.250713,-0.39394063
2026-09-10 00:00:00,-50.0,-74.0,17.35335,-0.27932918
2026-09-10 00:00:00,-50.0,-72.0,17.165583,-0.333154
2026-09-10 00:00:00,-50.0,-70.0,17.204689,-0.330815
2026-09-10 00:00:00,-50.0,-68.0,17.599295,-0.3118953
2026-09-10 00:00:00,-50.0,-66.0,16.98233,-0.28346086
2026-09-10 00:00:00,-50.0,-64.0,17.541481,-0.31136984
2026-09-10 00:00:00,-50.0,-62.0,17.640533,-0.29222885
2026-09-10 00:00:00,-50.0,-60.0,17.437544,-0.2907562
2026-09-10 00:00:00,-50.0,-58.0,17.544163,-0.2631594
2026-09-10 00:00:00,-50.0,-56.0,17.620897,-0.2864973
2026-09-10 00:00:00,-50.0,-54.0,17.494768,-0.2447458
2026-09-10 00:00:00,-50.0,-52.0,17.028873,-0.18373099
2026-09-10 00:00:00,-50.0,-50.0,17.563528,-0.1773452
2026-09-10 00:00:00,-50.0,-48.0,17.781967,-0.21009286
2026-09-10 00:00:00,-50.0,-46.0,17.632479,-0.22544532
2026-09-10 00:00:00,-50.0,-44.0,17.680725,-0.2142678
2026-09-10 00:00:00,-50.0,-42.0,17.517761,-0.22903688
2026-09-10 00:00:00,-50.0,-40.0,17.763645,-0.12038077
2026-09-10 00:00:00,-50.0,-38.0,17.038548,-0.10471199
2026-09-10 00:00:00,-50.0,-36.0,17.23344,-0.16074876
2026-09-10 00:00:00,-50.0,-34.0,17.93009,-0.12286493
2026-09-10 00:00:00,-50.0,-32.0,17.52982,-0.16032824
2026-09-10 00:00:00,-50.0,-30.0,17.69086,-0.13868663
2026-09-10 00:00:00,-50.0,-28.0,17.332987,-0.13682698
2026-09-10 00:00:00,-50.0,-26.0,17.278502,-0.08490077
2026-09-10 00:00:00,-50.0,-24.0,17.4672,-0.098812304
2026-09-10 00:00:00,-50.0,-22.0,17.570068,-0.08622025
2026-09-10 00:00:00,-50.0,-20.0,17.517092,-0.08687702
2026-09-10 00:00:00,-50.0,-18.0,17.491201,-0.07827972
2026-09-10 00:00:00,-50.0,-16.0,17.419899,-0.036656514
2026-09-10 00:00:00,-50.0,-14.0,17.396187,-0.063686855
2026-09-10 00:00:00,-50.0,-12.0,17.39941,-0.06457234
2026-09-10 00:00:00,-50.0,-10.0,17.32914,-0.08549769
2026-09-10 00:00:00,-50.0,-8.0,17.32914,-0.047422864
2026-09-10 00:00:00,-50.0,-6.0,17.507654,-0.027182585
2026-09-10 00:00:00,-50.0,-4.0,17.599718,-0.07956033
2026-09-10 00:00:00,-50.0,-2.0,17.362665,-0.044309895
2026-09-10 00:00:00,-50.0,0.0,17.18641,-0.07236082
2026-09-10 00:00:00,-50.0,2.0,17.661947,-0.028304534
2026-09-10 00:00:00,-50.0,4.0,17.399307,0.015848998
2026-09-10 00:00:00,-50.0,6.0,17.137669,-0.028890934
2026-09-10 00:00:00,-50.0,8.0,17.764494,0.018296387
2026-09-10 00:00:00,-50.0,10.0,17.618551,-0.015676392
2026-09-10 00:00:00,-50.0,12.0,17.4324,-0.042357486
2026-09-10 00:00:00,-50.0,14.0,17.424267,-0.038951896
2026-09-10 00:00:00,-50.0,16.0,17.329351,-0.07217348
2026-09-10 00:00:00,-50.0,18.0,17.3613,-0.08801536
2026-09-10 00:00:00,-50.0,20.0,17.217886,-0.07993403
2026-09-10 00:00:00,-50.0,22.0,17.312613,-0.08912036
2026-09-10 00:00:00,-50.0,24.0,17.694061,-0.08404622
2026-09-10 00:00:00,-50.0,26.0,17.615482,-0.08586099
2026-09-10 00:00:00,-50.0,28.0,17.019775,-0.16040842
2026-09-10 00:00:00,-50.0,30.0,17.468714,-0.14594726
2026-09-10 00:00:00,-50.0,32.0,17.528246,-0.17637001
2026-09-10 00:00:00,-50.0,34.0,17.502203,-0.1326758
2026-09-10 00:00:00,-50.0,36.0,17.574957,-0.123603486
2026-09-10 00:00:00,-50.0,38.0,17.328554,-0.1487792
2026-09-10 00:00:00,-50.0,40.0,17.684313,-0.17143261
2026-09-10 00:00:00,-50.0,42.0,17.13482,-0.19980823
2026-09-10 00:00:00,-50.0,44.0,17.619963,-0.18132055
2026-09-10 00:00:00,-50.0,46.0,17.281933,-0.23431095
2026-09-10 00:00:00,-50.0,48.0,17.481228,-0.23964565
2026-09-10 00:00:00,-50.0,50.0,17.776476,-0.22533031
2026-09-10 00:00:00,-50.0,52.0,17.39733,-0.24513832
2026-09-10 00:00:00,-50.0,54.0,17.746065,-0.26856774
2026-09-10 00:00:00,-50.0,56.0,17.369959,-0.25316745
2026-09-10 00:00:00,-50.0,58.0,17.54397,-0.30622023
2026-09-10 00:00:00,-50.0,60.0,17.84561,-0.31763038
2026-09-10 00:00:00,-50.0,62.0,17.421757,-0.24465844
2026-09-10 00:00:00,-50.0,64.0,17.456415,-0.29320467
2026-09-10 00:00:00,-50.0,66.0,17.714014,-0.38376567
2026-09-10 00:00:00,-50.0,68.0,17.42949,-0.3450534
2026-09-10 00:00:00,-50.0,70.0,17.311672,-0.28603166
2026-09-10 00:00:00,-50.0,72.0,17.715216,-0.35142523
2026-09-10 00:00:00,-50.0,74.0,17.59873,-0.33459067
2026-09-10 00:00:00,-50.0,76.0,17.682997,-0.39316553
2026-09-10 00:00:00,-50.0,78.0,17.254074,-0.36614645
2026-09-10 00:00:00,-50.0,80.0,17.579937,-0.31081048
2026-09-10 00:00:00,-50.0,82.0,17.31867,-0.38918465
2026-09-10 00:00:00,-50.0,84.0,17.778797,-0.33529994
2026-09-10 00:00:00,-50.0,86.0,17.56777,-0.34707177
2026-09-10 00:00:00,-50.0,88.0,17.824245,-0.3415255
2026-09-10 00:00:00,-50.0,90.0,17.55907,-0.3857839
2026-09-10 00:00:00,-50.0,92.0,17.36401,-0.35287645
2026-09-10 00:00:00,-50.0,94.0,17.238533,-0.34889886
2026-09-10 00:00:00,-50.0,96.0,17.35811,-0.38043204
2026-09-10 00:00:00,-50.0,98.0,17.672594,-0.36289343
2026-09-10 00:00:00,-50.0,100.0,17.195042,-0.43481275
2026-09-10 00:00:00,-50.0,102.0,17.668695,-0.4187833
2026-09-10 00:00:00,-50.0,104.0,17.91536,-0.4252529
2026-09-10 00:00:00,-50.0,106.0,17.842726,-0.37243706
2026-09-10 00:00:00,-50.0,108.0,17.360476,-0.36928317
2026-09-10 00:00:00,-50.0,110.0,17.412148,-0.39358342
2026-09-10 00:00:00,-50.0,112.0,16.942831,-0.39438218
2026-09-10 00:00:00,-50.0,114.0,17.388685,-0.43929085
2026-09-10 00:00:00,-50.0,116.0,17.5598,-0.4320733
2026-09-10 00:00:00,-50.0,118.0,17.541939,-0.42977518
2026-09-10 00:00:00,-50.0,120.0,17.338463,-0.4833521
2026-09-10 00:00:00,-50.0,122.0,17.4323,-0.42143208
2026-09-10 00:00:00,-50.0,124.0,17.741982,-0.4525681
2026-09-10 00:00:00,-50.0,126.0,17.054834,-0.45860147
2026-09-10 00:00:00,-50.0,128.0,16.83233,-0.45822862
2026-09-10 00:00:00,-50.0,130.0,17.163723,-0.5144853
2026-09-10 00:00:00,-50.0,132.0,17.073668,-0.52140707
2026-09-10 00:00:00,-50.0,134.0,17.137331,-0.54014456
2026-09-10 00:00:00,-50.0,136.0,17.384209,-0.52965206
2026-09-10 00:00:00,-50.0,138.0,17.44811,-0.5770131
2026-09-10 00:00:00,-50.0,140.0,17.223389,-0.5532839
2026-09-10 00:00:00,-50.0,142.0,17.090265,-0.54055923
2026-09-10 00:00:00,-50.0,144.0,17.386292,-0.54508024
2026-09-10 00:00:00,-50.0,146.0,17.383354,-0.5531872
2026-09-10 00:00:00,-50.0,148.0,17.309874,-0.5860192
2026-09-10 00:00:00,-50.0,150.0,17.872044,-0.6488398
2026-09-10 00:00:00,-50.0,152.0,17.81108,-0.59140784
2026-09-10 00:00:00,-50.0,154.0,17.26662,-0.6268523
2026-09-10 00:00:00,-50.0,156.0,17.984915,-0.6517883
2026-09-10 00:00:00,-50.0,158.0,17.78342,-0.69260246
2026-09-10 00:00:00,-50.0,160.0,17.345438,-0.6380485
2026-09-10 00:00:00,-50.0,162.0,17.342045,-0.6540458
2026-09-10 00:00:00,-50.0,164.0,17.305662,-0.63716453
2026-09-10 00:00:00,-50.0,166.0,17.711824,-0.6560475
2026-09-10 00:00:00,-50.0,168.0,17.673923,-0.66732264
2026-09-10 00:00:00,-50.0,170.0,17.361961,-0.7260222
2026-09-10 00:00:00,-50.0,172.0,17.473125,-0.70853084
2026-09-10 00:00:00,-50.0,174.0,17.2347,-0.7340289
2026-09-10 00:00:00,-50.0,176.0,17.334785,-0.7473975
2026-09-10 00:00:00,-50.0,178.0,17.17332,-0.6916148
2026-09-10 00:00:00,-50.0,-180.0,17.560656,-0.67883474
2026-09-10 00:00:00,-48.0,-180.0,17.888542,-0.6851391
2026-09-10 00:00:00,-48.0,-178.0,18.299522,-0.6811387
2026-09-10 00:00:00,-48.0,-176.0,18.725002,-0.6641776
2026-09-10 00:00:00,-48.0,-174.0,18.109282,-0.6812186
2026-09-10 00:00:00,-48.0,-172.0,18.261284,-0.67342716
2026-09-10 00:00:00,-48.0,-170.0,18.315699,-0.6284464
2026-09-10 00:00:00,-48.0,-168.0,18.080126,-0.665733
2026-09-10 00:00:00,-48.0,-166.0,18.440178,-0.6308883
2026-09-10 00:00:00,-48.0,-164.0,18.075918,-0.64495623
2026-09-10 00:00:00,-48.0,-162.0,18.166382,-0.6774435
2026-09-10 00:00:00,-48.0,-160.0,18.98389,-0.6117839
2026-09-10 00:00:00,-48.0,-158.0,18.277138,-0.63095194
2026-09-10 00:00:00,-48.0,-156.0,17.90505,-0.65487313
2026-09-10 00:00:00,-48.0,-154.0,17.972193,-0.59025115
2026-09-10 00:00:00,-48.0,-152.0,18.867352,-0.64584124
2026-09-10 00:00:00,-48.0,-150.0,18.251179,-0.6215175
2026-09-10 00:00:00,-48.0,-148.0,18.100368,-0.5859812
2026-09-10 00:00:00,-48.0,-146.0,18.088936,-0.5331413
2026-09-10 00:00:00,-48.0,-144.0,18.528875,-0.55682033
2026-09-10 00:00:00,-48.0,-142.0,18.230068,-0.5187326
2026-09-10 00:00:00,-48.0,-140.0,18.476631,-0.54370254
2026-09-10 00:00:00,-48.0,-138.0,17.747316,-0.55030376
2026-09-10 00:00:00,-48.0,-136.0,18.699451,-0.45227182
2026-09-10 00:00:00,-48.0,-134.0,18.02683,-0.4712946
2026-09-10 00:00:00,-48.0,-132.0,18.368418,-0.52006865
2026-09-10 00:00:00,-48.0,-130.0,18.177143,-0.4852484
2026-09-10 00:00:00,-48.0,-128.0,18.85146,-0.48825034
2026-09-10 00:00:00,-48.0,-126.0,18.283602,-0.52250594
2026-09-10 00:00:00,-48.0,-124.0,18.393095,-0.48702982
2026-09-10 00:00:00,-48.0,-122.0,17.923319,-0.5257841
2026-09-10 00:00:00,-48.0,-120.0,18.03788,-0.43962267
2026-09-10 00:00:00,-48.0,-118.0,18.13053,-0.42834252
2026-09-10 00:00:00,-48.0,-116.0,18.356773,-0.4557867
2026-09-10 00:00:00,-48.0,-114.0,18.42197,-0.44636974
2026-09-10 00:00:00,-48.0,-112.0,18.321215,-0.41020277
2026-09-10 00:00:00,-48.0,-110.0,18.25048,-0.42131737
2026-09-10 00:00:00,-48.0,-108.0,18.159548,-0.37559858
2026-09-10 00:00:00,-48.0,-106.0,17.934929,-0.35538948
2026-09-10 00:00:00,-48.0,-104.0,18.4776,-0.42086786
2026-09-10 00:00:00,-48.0,-102.0,18.548054,-0.4322767
2026-09-10 00:00:00,-48.0,-100.0,18.321028,-0.38786486
2026-09-10 00:00:00,-48.0,-98.0,18.153778,-0.32895863
2026-09-10 00:00:00,-48.0,-96.0,18.213764,-0.3819592
2026-09-10 00:00:00,-48.0,-94.0,18.343504,-0.31991884
2026-09-10 00:00:00,-48.0,-92.0,18.547167,-0.36430773
2026-09-10 00:00:00,-48.0,-90.0,18.021734,-0.3655932
2026-09-10 00:00:00,-48.0,-88.0,18.312078,-0.35190558
2026-09-10 00:00:00,-48.0,-86.0,18.323462,-0.33099514
2026-09-10 00:00:00,-48.0,-84.0,18.00887,-0.41090405
2026-09-10 00:00:00,-48.0,-82.0,17.773691,-0.31784838
2026-09-10 00:00:00,-48.0,-80.0,18.507153,-0.28801477
2026-09-10 00:00:00,-48.0,-78.0,17.972164,-0.29466513
2026-09-10 00:00:00,-48.0,-76.0,18.304688,-0.31365243
2026-09-10 00:00:00,-48.0,-74.0,18.755623,-0.32322255
2026-09-10 00:00:00,-48.0,-72.0,18.382359,-0.3000026
2026-09-10 00:00:00,-48.0,-70.0,17.795082,-0.27930358
2026-09-10 00:00:00,-48.0,-68.0,18.682404,-0.27561235
2026-09-10 00:00:00,-48.0,-66.0,18.361883,-0.31236693
2026-09-10 00:00:00,-48.0,-64.0,18.34875,-0.283707
2026-09-10 00:00:00,-48.0,-62.0,18.171354,-0.26485598
2026-09-10 00:00:00,-48.0,-60.0,17.9363,-0.27728695
2026-09-10 00:00:00,-48.0,-58.0,18.035343,-0.21382357
2026-09-10 00:00:00,-48.0,-56.0,17.909433,-0.21452548
2026-09-10 00:00:00,-48.0,-54.0,18.418093,-0.16779295
2026-09-10 00:00:00,-48.0,-52.0,18.408007,-0.19401233
2026-09-10 00:00:00,-48.0,-50.0,17.859295,-0.24063909
2026-09-10 00:00:00,-48.0,-48.0,18.405348,-0.14629243
2026-09-10 00:00:00,-48.0,-46.0,17.997961,-0.22623195
2026-09-10 00:00:00,-48.0,-44.0,18.254553,-0.2102699
2026-09-10 00:00:00,-48.0,-42.0,18.41528,-0.17224932
2026-09-10 00:00:00,-48.0,-40.0,18.666388,-0.1367419
2026-09-10 00:00:00,-48.0,-38.0,18.867094,-0.15732707
2026-09-10 00:00:00,-48.0,-36.0,17.887774,-0.10800711
2026-09-10 00:00:00,-48.0,-34.0,18.085207,-0.1522915
2026-09-10 00:00:00,-48.0,-32.0,18.369516,-0.11594853
2026-09-10 00:00:00,-48.0,-30.0,17.812828,-0.12811464
2026-09-10 00:00:00,-48.0,-28.0,17.897017,-0.085399926
2026-09-10 00:00:00,-48.0,-26.0,18.512539,-0.118113026
2026-09-10 00:00:00,-48.0,-24.0,18.286959,-0.087079935
2026-09-10 00:00:00,-48.0,-22.0,17.951803,-0.05544027
2026-09-10 00:00:00,-48.0,-20.0,18.152517,-0.06823011
2026-09-10 00:00:00,-48.0,-18.0,18.44555,-0.07730175
2026-09-10 00:00:00,-48.0,-16.0,18.013792,-0.07979104
2026-09-10 00:00:00,-48.0,-14.0,18.490421,-0.044150617
2026-09-10 00:00:00,-48.0,-12.0,18.201534,-0.105769075
2026-09-10 00:00:00,-48.0,-10.0,18.412802,-0.090974
2026-09-10 00:00:00,-48.0,-8.0,18.39138,-0.03613376
2026-09-10 00:00:00,-48.0,-6.0,18.1051,-0.026919508
2026-09-10 00:00:00,-48.0,-4.0,18.396921,-0.027929563
2026-09-10 00:00:00,-48.0,-2.0,18.472391,0.0026850721
2026-09-10 00:00:00,-48.0,0.0,18.342613,-0.11017751
2026-09-10 00:00:00,-48.0,2.0,17.874353,-0.03680096
2026-09-10 00:00:00,-48.0,4.0,18.15592,-0.03518044
2026-09-10 00:00:00,-48.0,6.0,18.20312,-0.08399029
2026-09-10 00:00:00,-48.0,8.0,18.365631,-0.037021678
2026-09-10 00:00:00,-48.0,10.0,18.436094,-0.050872695
2026-09-10 00:00:00,-48.0,12.0,18.318552,-0.06354529
2026-09-10 00:00:00,-48.0,14.0,17.880802,-0.066987514
2026-09-10 00:00:00,-48.0,16.0,18.60844,-0.053567536
2026-09-10 00:00:00,-48.0,18.0,18.449404,-0.051267978
2026-09-10 00:00:00,-48.0,20.0,18.686733,-0.06757321
2026-09-10 00:00:00,-48.0,22.0,18.479828,-0.11732582
2026-09-10 00:00:00,-48.0,24.0,18.652346,-0.079494186
2026-09-10 00:00:00,-48.0,26.0,18.129704,-0.15052809
2026-09-10 00:00:00,-48.0,28.0,18.399315,-0.075693
2026-09-10 00:00:00,-48.0,30.0,18.003716,-0.13405819
2026-09-10 00:00:00,-48.0,32.0,18.217653,-0.07954508
2026-09-10 00:00:00,-48.0,34.0,18.322306,-0.1412654
2026-09-10 00:00:00,-48.0,36.0,18.120205,-0.18229683
2026-09-10 00:00:00,-48.0,38.0,17.808342,-0.17553599
2026-09-10 00:00:00,-48.0,40.0,18.193586,-0.16233848
2026-09-10 00:00:00,-48.0,42.0,18.158684,-0.19580844
2026-09-10 00:00:00,-48.0,44.0,18.15696,-0.18846671
2026-09-10 00:00:00,-48.0,46.0,18.26908,-0.20087622
2026-09-10 00:00:00,-48.0,48.0,18.264381,-0.21582605
2026-09-10 00:00:00,-48.0,50.0,18.126253,-0.16676386
2026-09-10 00:00:00,-48.0,52.0,18.076092,-0.18275577
2026-09-10 00:00:00,-48.0,54.0,18.14463,-0.24058075
2026-09-10 00:00:00,-48.0,56.0,17.792469,-0.21366172
2026-09-10 00:00:00,-48.0,58.0,18.508972,-0.25397167
2026-09-10 00:00:00,-48.0,60.0,17.950123,-0.28698727
2026-09-10 00:00:00,-48.0,62.0,17.949997,-0.25535515
2026-09-10 00:00:00,-48.0,64.0,18.491684,-0.30125168
2026-09-10 00:00:00,-48.0,66.0,18.350142,-0.29005927
2026-09-10 00:00:00,-48.0,68.0,18.359322,-0.29951462
2026-09-10 00:00:00,-48.0,70.0,18.449896,-0.3224416
2026-09-10 00:00:00,-48.0,72.0,18.309448,-0.30703261
2026-09-10 00:00:00,-48.0,74.0,18.342209,-0.29674798
2026-09-10 00:00:00,-48.0,76.0,18.277208,-0.30214047
2026-09-10 00:00:00,-48.0,78.0,18.6013,-0.36094216
2026-09-10 00:00:00,-48.0,80.0,18.37072,-0.33159953
2026-09-10 00:00:00,-48.0,82.0,18.394148,-0.31562015
2026-09-10 00:00:00,-48.0,84.0,17.988562,-0.35964686
2026-09-10 00:00:00,-48.0,86.0,18.180428,-0.30715805
2026-09-10 00:00:00,-48.0,88.0,17.706484,-0.3506728
2026-09-10 00:00:00,-48.0,90.0,18.627853,-0.38248882
2026-09-10 00:00:00,-48.0,92.0,18.099985,-0.36296347
2026-09-10 00:00:00,-48.0,94.0,18.145304,-0.37069127
2026-09-10 00:00:00,-48.0,96.0,18.388159,-0.37924668
2026-09-10 00:00:00,-48.0,98.0,18.122269,-0.39346778
2026-09-10 00:00:00,-48.0,100.0,17.963001,-0.39439574
2026-09-10 00:00:00,-48.0,102.0,18.138197,-0.4271399
2026-09-10 00:00:00,-48.0,104.0,18.602512,-0.42202207
2026-09-10 00:00:00,-48.0,106.0,18.184235,-0.37783843
2026-09-10 00:00:00,-48.0,108.0,18.189037,-0.44978335
2026-09-10 00:00:00,-48.0,110.0,18.512053,-0.41936594
2026-09-10 00:00:00,-48.0,112.0,18.024508,-0.42814228
2026-09-10 00:00:00,-48.0,114.0,17.891428,-0.41648364
2026-09-10 00:00:00,-48.0,116.0,17.671913,-0.4479906
2026-09-10 00:00:00,-48.0,118.0,17.900223,-0.4379915
2026-09-10 00:00:00,-48.0,120.0,18.14096,-0.5022537
2026-09-10 00:00:00,-48.0,122.0,18.347506,-0.4545731
2026-09-10 00:00:00,-48.0,124.0,18.018469,-0.45968822
2026-09-10 00:00:00,-48.0,126.0,17.970947,-0.47980753
2026-09-10 00:00:00,-48.0,128.0,18.17795,-0.51520944
2026-09-10 00:00:00,-48.0,130.0,17.979542,-0.51745343
2026-09-10 00:00:00,-48.0,132.0,17.73041,-0.4790154
2026-09-10 00:00:00,-48.0,134.0,18.418295,-0.54634136
2026-09-10 00:00:00,-48.0,136.0,18.222815,-0.5298556
2026-09-10 00:00:00,-48.0,138.0,18.15609,-0.55899817
2026-09-10 00:00:00,-48.0,140.0,18.18279,-0.548461
2026-09-10 00:00:00,-48.0,142.0,18.521463,-0.5932841
2026-09-10 00:00:00,-48.0,144.0,17.959463,-0.5950306
2026-09-10 00:00:00,-48.0,146.0,18.417654,-0.53902125
2026-09-10 00:00:00,-48.0,148.0,17.855375,-0.5734489
2026-09-10 00:00:00,-48.0,150.0,18.283691,-0.6103428
2026-09-10 00:00:00,-48.0,152.0,18.437363,-0.61421704
2026-09-10 00:00:00,-48.0,154.0,17.839523,-0.6189235
2026-09-10 00:00:00,-48.0,156.0,18.371048,-0.63653576
2026-09-10 00:00:00,-48.0,158.0,18.366453,-0.62677324
2026-09-10 00:00:00,-48.0,160.0,18.26104,-0.62176174
2026-09-10 00:00:00,-48.0,162.0,18.600485,-0.60424435
2026-09-10 00:00:00,-48.0,164.0,18.333563,-0.6723898
2026-09-10 00:00:00,-48.0,166.0,18.043015,-0.6959625
2026-09-10 00:00:00,-48.0,168.0,17.9819,-0.6310575
2026-09-10 00:00:00,-48.0,170.0,17.957857,-0.6644669
2026-09-10 00:00:00,-48.0,172.0,18.453623,-0.66039455
2026-09-10 00:00:00,-48.0,174.0,18.411732,-0.65936625
2026-09-10 00:00:00,-48.0,176.0,18.27676,-0.6710132
2026-09-10 00:00:00,-48.0,178.0,18.281017,-0.66818655
2026-09-10 00:00:00,-48.0,-180.0,18.04621,-0.6445545
2026-09-10 00:00:00,-46.0,-180.0,19.436024,-0.5982901
2026-09-10 00:00:00,-46.0,-178.0,19.075014,-0.65458155
2026-09-10 00:00:00,-46.0,-176.0,18.615648,-0.6586087
2026-09-10 00:00:00,-46.0,-174.0,18.88181,-0.6785521
2026-09-10 00:00:00,-46.0,-172.0,18.854448,-0.6088577
2026-09-10 00:00:00,-46.0,-170.0,19.023539,-0.6532309
2026-09-10 00:00:00,-46.0,-168.0,19.135767,-0.64496875
2026-09-10 00:00:00,-46.0,-166.0,19.329515,-0.58566594
2026-09-10 00:00:00,-46.0,-164.0,19.330065,-0.56018144
2026-09-10 00:00:00,-46.0,-162.0,19.194132,-0.62419236
2026-09-10 00:00:00,-46.0,-160.0,19.330357,-0.66627854
2026-09-10 00:00:00,-46.0,-158.0,18.80925,-0.62371755
2026-09-10 00:00:00,-46.0,-156.0,18.940413,-0.58707327
2026-09-10 00:00:00,-46.0,-154.0,19.69111,-0.5681972
2026-09-10 00:00:00,-46.0,-152.0,18.524977,-0.56323946
2026-09-10 00:00:00,-46.0,-150.0,18.79997,-0.59907275
2026-09-10 00:00:00,-46.0,-148.0,18.904255,-0.63137066
2026-09-10 00:00:00,-46.0,-146.0,18.855917,-0.5833432
2026-09-10 00:00:00,-46.0,-144.0,18.590425,-0.5867983
2026-09-10 00:00:00,-46.0,-142.0,18.650219,-0.58948
2026-09-10 00:00:00,-46.0,-140.0,19.326876,-0.51676804
2026-09-10 00:00:00,-46.0,-138.0,19.243979,-0.53222495
2026-09-10 00:00:00,-46.0,-136.0,18.804766,-0.52895105
2026-09-10 00:00:00,-46.0,-134.0,18.81389,-0.5158196
2026-09-10 00:00:00,-46.0,-132.0,18.512127,-0.5510624
2026-09-10 00:00:00,-46.0,-130.0,18.891602,-0.42664707
2026-09-10 00:00:00,-46.0,-128.0,18.879177,-0.48997632
2026-09-10 00:00:00,-46.0,-126.0,18.861969,-0.49152404
2026-09-10 00:00:00,-46.0,-124.0,18.63979,-0.47551772
2026-09-10 00:00:00,-46.0,-122.0,18.789995,-0.44792154
2026-09-10 00:00:00,-46.0,-120.0,19.535612,-0.5106845
2026-09-10 00:00:00,-46.0,-118.0,19.098417,-0.47751698
2026-09-10 00:00:00,-46.0,-116.0,19.084469,-0.45119467
2026-09-10 00:00:00,-46.0,-114.0,19.371054,-0.43736017
2026-09-10 00:00:00,-46.0,-112.0,19.125824,-0.48431292
2026-09-10 00:00:00,-46.0,-110.0,18.669146,-0.4379207
2026-09-10 00:00:00,-46.0,-108.0,19.203873,-0.4421608
2026-09-10 00:00:00,-46.0,-106.0,18.93714,-0.41629702
2026-09-10 00:00:00,-46.0,-104.0,19.302505,-0.3692031
2026-09-10 00:00:00,-46.0,-102.0,18.900187,-0.40411577
2026-09-10 00:00:00,-46.0,-100.0,18.632526,-0.406795
2026-09-10 00:00:00,-46.0,-98.0,18.888569,-0.36414647
2026-09-10 00:00:00,-46.0,-96.0,18.875841,-0.39626196
2026-09-10 00:00:00,-46.0,-94.0,18.954214,-0.36456174
2026-09-10 00:00:00,-46.0,-92.0,19.08717,-0.34278676
2026-09-10 00:00:00,-46.0,-90.0,18.767714,-0.34036762
2026-09-10 00:00:00,-46.0,-88.0,18.90355,-0.30197674
2026-09-10 00:00:00,-46.0,-86.0,19.050705,-0.29549545
2026-09-10 00:00:00,-46.0,-84.0,19.570227,-0.36869422
2026-09-10 00:00:00,-46.0,-82.0,19.095427,-0.30777898
2026-09-10 00:00:00,-46.0,-80.0,18.547031,-0.2863811
2026-09-10 00:00:00,-46.0,-78.0,18.965282,-0.2868308
2026-09-10 00:00:00,-46.0,-76.0,18.775993,-0.31819594
2026-09-10 00:00:00,-46.0,-74.0,18.22496,-0.30930886
2026-09-10 00:00:00,-46.0,-72.0,18.73588,-0.2543211
2026-09-10 00:00:00,-46.0,-70.0,19.107775,-0.24309474
2026-09-10 00:00:00,-46.0,-68.0,19.331427,-0.24635331
2026-09-10 00:00:00,-46.0,-66.0,18.614256,-0.21199746
2026-09-10 00:00:00,-46.0,-64.0,19.027008,-0.23222655
2026-09-10 00:00:00,-46.0,-62.0,19.381739,-0.19191767
2026-09-10 00:00:00,-46.0,-60.0,18.72939,-0.21407387
2026-09-10 00:00:00,-46.0,-58.0,18.936996,-0.23434177
2026-09-10 00:00:00,-46.0,-56.0,18.346537,-0.1710944
2026-09-10 00:00:00,-46.0,-54.0,18.866135,-0.21782711
2026-09-10 00:00:00,-46.0,-52.0,19.0197,-0.19804855
2026-09-10 00:00:00,-46.0,-50.0,18.984966,-0.17182218
2026-09-10 00:00:00,-46.0,-48.0,18.955973,-0.16534954
2026-09-10 00:00:00,-46.0,-46.0,18.76745,-0.11323303
2026-09-10 00:00:00,-46.0,-44.0,18.848795,-0.1190062
2026-09-10 00:00:00,-46.0,-42.0,19.18277,-0.10753975
2026-09-10 00:00:00,-46.0,-40.0,19.15394,-0.09514066
2026-09-10 00:00:00,-46.0,-38.0,18.742645,-0.11900822
2026-09-10 00:00:00,-46.0,-36.0,18.566206,-0.12876064
2026-09-10 00:00:00,-46.0,-34.0,18.78898,-0.08785883
2026-09-10 00:00:00,-46.0,-32.0,18.96197,-0.1025781
2026-09-10 00:00:00,-46.0,-30.0,19.300781,-0.084470026
2026-09-10 00:00:00,-46.0,-28.0,19.007704,-0.15341118
2026-09-10 00:00:00,-46.0,-26.0,19.317219,-0.060072526
2026-09-10 00:00:00,-46.0,-24.0,19.075132,-0.029804321
2026-09-10 00:00:00,-46.0,-22.0,18.765778,-0.112819605
2026-09-10 00:00:00,-46.0,-20.0,19.037638,-0.07416793
2026-09-10 00:00:00,-46.0,-18.0,18.809458,-0.04151182
2026-09-10 00:00:00,-46.0,-16.0,19.149,-0.0053100567
2026-09-10 00:00:00,-46.0,-14.0,19.023499,-0.026466014
2026-09-10 00:00:00,-46.0,-12.0,18.60277,-0.06793977
2026-09-10 00:00:00,-46.0,-10.0,19.305305,-0.06123422
2026-09-10 00:00:00,-46.0,-8.0,19.038181,-0.015248966
2026-09-10 00:00:00,-46.0,-6.0,18.699572,-0.09513956
2026-09-10 00:00:00,-46.0,-4.0,19.225727,-0.02648864
2026-09-10 00:00:00,-46.0,-2.0,18.83398,-0.054353345
2026-09-10 00:00:00,-46.0,0.0,19.177462,-0.022523716
2026-09-10 00:00:00,-46.0,2.0,19.250275,-0.11542903
2026-09-10 00:00:00,-46.0,4.0,19.313,-0.040520824
2026-09-10 00:00:00,-46.0,6.0,18.79716,-0.08924245
2026-09-10 00:00:00,-46.0,8.0,18.868132,-0.077756256
2026-09-10 00:00:00,-46.0,10.0,18.794018,-0.07972067
2026-09-10 00:00:00,-46.0,12.0,19.351646,-0.11819958
2026-09-10 00:00:00,-46.0,14.0,19.094265,-0.095733866
2026-09-10 00:00:00,-46.0,16.0,18.956772,-0.061825994
2026-09-10 00:00:00,-46.0,18.0,19.086584,-0.017706115
2026-09-10 00:00:00,-46.0,20.0,18.395967,-0.031131651
2026-09-10 00:00:00,-46.0,22.0,19.114902,-0.122638114
2026-09-10 00:00:00,-46.0,24.0,18.764318,-0.072377086
2026-09-10 00:00:00,-46.0,26.0,18.984596,-0.072863266
2026-09-10 00:00:00,-46.0,28.0,18.896574,-0.09804418
2026-09-10 00:00:00,-46.0,30.0,18.39057,-0.09735416
2026-09-10 00:00:00,-46.0,32.0,19.028988,-0.089127794
2026-09-10 00:00:00,-46.0,34.0,18.601461,-0.16644338
2026-09-10 00:00:00,-46.0,36.0,19.200226,-0.11354966
2026-09-10 00:00:00,-46.0,38.0,19.255194,-0.1542949
2026-09-10 00:00:00,-46.0,40.0,19.136898,-0.15379384
2026-09-10 00:00:00,-46.0,42.0,18.869364,-0.12341552
2026-09-10 00:00:00,-46.0,44.0,19.007275,-0.17508225
2026-09-10 00:00:00,-46.0,46.0,19.173536,-0.14455873
2026-09-10 00:00:00,-46.0,48.0,18.713114,-0.16135505
2026-09-10 00:00:00,-46.0,50.0,18.925005,-0.1294734
2026-09-10 00:00:00,-46.0,52.0,18.652308,-0.21873873
2026-09-10 00:00:00,-46.0,54.0,18.847761,-0.2371146
2026-09-10 00:00:00,-46.0,56.0,18.84953,-0.1987997
2026-09-10 00:00:00,-46.0,58.0,18.959856,-0.21514271
2026-09-10 00:00:00,-46.0,60.0,19.115671,-0.18729776
2026-09-10 00:00:00,-46.0,62.0,19.12538,-0.26634756
2026-09-10 00:00:00,-46.0,64.0,18.86868,-0.19836771
2026-09-10 00:00:00,-46.0,66.0,18.925816,-0.2593222
2026-09-10 00:00:00,-46.0,68.0,19.309853,-0.21973743
2026-09-10 00:00:00,-46.0,70.0,18.741713,-0.23404552
2026-09-10 00:00:00,-46.0,72.0,18.743317,-0.2744757
2026-09-10 00:00:00,-46.0,74.0,19.131907,-0.27379924
2026-09-10 00:00:00,-46.0,76.0,18.630177,-0.24622962
2026-09-10 00:00:00,-46.0,78.0,19.078987,-0.3163467
2026-09-10 00:00:00,-46.0,80.0,19.193275,-0.35673946
2026-09-10 00:00:00,-46.0,82.0,19.128988,-0.32010463
2026-09-10 00:00:00,-46.0,84.0,18.59892,-0.31450084
2026-09-10 00:00:00,-46.0,86.0,18.748281,-0.27698565
2026-09-10 00:00:00,-46.0,88.0,19.425472,-0.3316102
2026-09-10 00:00:00,-46.0,90.0,18.576992,-0.37057662
2026-09-10 00:00:00,-46.0,92.0,19.17186,-0.35589364
2026-09-10 00:00:00,-46.0,94.0,18.890673,-0.39108485
2026-09-10 00:00:00,-46.0,96.0,18.757555,-0.31857362
2026-09-10 00:00:00,-46.0,98.0,19.21459,-0.40400425
2026-09-10 00:00:00,-46.0,100.0,18.672234,-0.3679257
2026-09-10 00:00:00,-46.0,102.0,19.22506,-0.41883332
2026-09-10 00:00:00,-46.0,104.0,19.308123,-0.39055187
2026-09-10 00:00:00,-46.0,106.0,18.77589,-0.39761034
2026-09-10 00:00:00,-46.0,108.0,18.801521,-0.40203705
2026-09-10 00:00:00,-46.0,110.0,18.823801,-0.43063402
2026-09-10 00:00:00,-46.0,112.0,18.992264,-0.46897176
2026-09-10 00:00:00,-46.0,114.0,19.01471,-0.49043202
2026-09-10 00:00:00,-46.0,116.0,19.292793,-0.43201578
2026-09-10 00:00:00,-46.0,118.0,18.484854,-0.51668787
2026-09-10 00:00:00,-46.0,120.0,18.607346,-0.40978828
2026-09-10 00:00:00,-46.0,122.0,19.254122,-0.4878103
2026-09-10 00:00:00,-46.0,124.0,18.870213,-0.4754512
2026-09-10 00:00:00,-46.0,126.0,18.804028,-0.48118722
2026-09-10 00:00:00,-46.0,128.0,18.838087,-0.46408233
2026-09-10 00:00:00,-46.0,130.0,18.727728,-0.54174614
2026-09-10 00:00:00,-46.0,132.0,19.069532,-0.47399417
2026-09-10 00:00:00,-46.0,134.0,18.704557,-0.5275762
2026-09-10 00:00:00,-46.0,136.0,19.19408,-0.5597701
2026-09-10 00:00:00,-46.0,138.0,18.922138,-0.5539404
2026-09-10 00:00:00,-46.0,140.0,19.14871,-0.64324397
2026-09-10 00:00:00,-46.0,142.0,18.64705,-0.58392507
2026-09-10 00:00:00,-46.0,144.0,18.830608,-0.6112187
2026-09-10 00:00:00,-46.0,146.0,18.947302,-0.52201855
2026-09-10 00:00:00,-46.0,148.0,19.075455,-0.5361902
2026-09-10 00:00:00,-46.0,150.0,19.300356,-0.6036135
2026-09-10 00:00:00,-46.0,152.0,18.985594,-0.56454074
2026-09-10 00:00:00,-46.0,154.0,18.829643,-0.59055126
2026-09-10 00:00:00,-46.0,156.0,18.920475,-0.6311496
2026-09-10 00:00:00,-46.0,158.0,19.013105,-0.5972857
2026-09-10 00:00:00,-46.0,160.0,18.261557,-0.6535193
2026-09-10 00:00:00,-46.0,162.0,19.336012,-0.6136192
2026-09-10 00:00:00,-46.0,164.0,18.967112,-0.6055937
2026-09-10 00:00:00,-46.0,166.0,18.545584,-0.68750346
2026-09-10 00:00:00,-46.0,168.0,19.223997,-0.6417772
2026-09-10 00:00:00,-46.0,170.0,19.03459,-0.63631105
2026-09-10 00:00:00,-46.0,172.0,19.220137,-0.64463216
2026-09-10 00:00:00,-46.0,174.0,18.863997,-0.6382774
2026-09-10 00:00:00,-46.0,176.0,18.890162,-0.6502713
2026-09-10 00:00:00,-46.0,178.0,19.005445,-0.61108017
2026-09-10 00:00:00,-46.0,-180.0,19.236902,-0.6404879
2026-09-10 00:00:00,-44.0,-180.0,20.019829,-0.6277757
2026-09-10 00:00:00,-44.0,-178.0,19.26971,-0.61115956
2026-09-10 00:00:00,-44.0,-176.0,19.711117,-0.61788774
2026-09-10 00:00:00,-44.0,-174.0,20.141724,-0.57576823
2026-09-10 00:00:00,-44.0,-172.0,19.846811,-0.57459956
2026-09-10 00:00:00,-44.0,-170.0,19.535505,-0.55822957
2026-09-10 00:00:00,-44.0,-168.0,19.221481,-0.56859446
2026-09-10 00:00:00,-44.0,-166.0,19.707298,-0.59634566
2026-09-10 00:00:00,-44.0,-164.0,19.565992,-0.5686717
2026-09-10 00:00:00,-44.0,-162.0,19.844704,-0.6014039
2026-09-10 00:00:00,-44.0,-160.0,19.798382,-0.58066857
2026-09-10 00:00:00,-44.0,-158.0,19.64161,-0.56730753
2026-09-10 00:00:00,-44.0,-156.0,20.009506,-0.5286233
2026-09-10 00:00:00,-44.0,-154.0,19.82967,-0.5831718
2026-09-10 00:00:00,-44.0,-152.0,19.974768,-0.547756
2026-09-10 00:00:00,-44.0,-150.0,19.533836,-0.57294756
2026-09-10 00:00:00,-44.0,-148.0,19.918533,-0.56832474
2026-09-10 00:00:00,-44.0,-146.0,19.507767,-0.49093878
2026-09-10 00:00:00,-44.0,-144.0,19.905514,-0.51403403
2026-09-10 00:00:00,-44.0,-142.0,19.769548,-0.56308186
2026-09-10 00:00:00,-44.0,-140.0,19.706392,-0.5690571
2026-09-10 00:00:00,-44.0,-138.0,19.557383,-0.58593565
2026-09-10 00:00:00,-44.0,-136.0,19.571754,-0.5342494
2026-09-10 00:00:00,-44.0,-134.0,19.744326,-0.5216732
2026-09-10 00:00:00,-44.0,-132.0,19.441818,-0.52467555
2026-09-10 00:00:00,-44.0,-130.0,19.883297,-0.5252028
2026-09-10 00:00:00,-44.0,-128.0,19.428,-0.5271719
2026-09-10 00:00:00,-44.0,-126.0,20.181047,-0.44808945
2026-09-10 00:00:00,-44.0,-124.0,19.977715,-0.4518022
2026-09-10 00:00:00,-44.0,-122.0,19.82451,-0.4836587
2026-09-10 00:00:00,-44.0,-120.0,19.606556,-0.4693854
2026-09-10 00:00:00,-44.0,-118.0,19.764923,-0.484989
2026-09-10 00:00:00,-44.0,-116.0,19.706429,-0.4486202
2026-09-10 00:00:00,-44.0,-114.0,19.815195,-0.441916
2026-09-10 00:00:00,-44.0,-112.0,19.749722,-0.4437164
2026-09-10 00:00:00,-44.0,-110.0,19.614828,-0.44430718
2026-09-10 00:00:00,-44.0,-108.0,19.905155,-0.47029868
2026-09-10 00:00:00,-44.0,-106.0,19.576487,-0.44537112
2026-09-10 00:00:00,-44.0,-104.0,20.018064,-0.38151824
2026-09-10 00:00:00,-44.0,-102.0,19.615667,-0.41826946
2026-09-10 00:00:00,-44.0,-100.0,19.89791,-0.38105252
2026-09-10 00:00:00,-44.0,-98.0,19.663849,-0.37420386
2026-09-10 00:00:00,-44.0,-96.0,20.017864,-0.3352738
2026-09-10 00:00:00,-44.0,-94.0,19.639053,-0.34224093
2026-09-10 00:00:00,-44.0,-92.0,19.620792,-0.37856746
2026-09-10 00:00:00,-44.0,-90.0,19.675806,-0.30838376
2026-09-10 00:00:00,-44.0,-88.0,19.71925,-0.31821477
2026-09-10 00:00:00,-44.0,-86.0,19.415075,-0.34981784
2026-09-10 00:00:00,-44.0,-84.0,19.628557,-0.34099633
2026-09-10 00:00:00,-44.0,-82.0,19.75618,-0.30093083
2026-09-10 00:00:00,-44.0,-80.0,19.850088,-0.27595207
2026-09-10 00:00:00,-44.0,-78.0,19.641546,-0.2636187
2026-09-10 00:00:00,-44.0,-76.0,19.539148,-0.23156965
2026-09-10 00:00:00,-44.0,-74.0,19.91621,-0.29832697
2026-09-10 00:00:00,-44.0,-72.0,19.716946,-0.21159336
2026-09-10 00:00:00,-44.0,-70.0,19.61314,-0.22581713
2026-09-10 00:00:00,-44.0,-68.0,19.21801,-0.20435219
2026-09-10 00:00:00,-44.0,-66.0,19.287987,-0.19493689
2026-09-10 00:00:00,-44.0,-64.0,19.730461,-0.19150917
2026-09-10 00:00:00,-44.0,-62.0,19.756567,-0.22596526
2026-09-10 00:00:00,-44.0,-60.0,19.557886,-0.18295439
2026-09-10 00:00:00,-44.0,-58.0,19.67886,-0.19933066
2026-09-10 00:00:00,-44.0,-56.0,19.549067,-0.14215101
2026-09-10 00:00:00,-44.0,-54.0,19.772131,-0.15498891
2026-09-10 00:00:00,-44.0,-52.0,19.188042,-0.10353639
2026-09-10 00:00:00,-44.0,-50.0,19.544577,-0.1712434
2026-09-10 00:00:00,-44.0,-48.0,19.460697,-0.13217165
2026-09-10 00:00:00,-44.0,-46.0,19.857323,-0.09957943
2026-09-10 00:00:00,-44.0,-44.0,19.78265,-0.10558311
2026-09-10 00:00:00,-44.0,-42.0,20.062647,-0.13824987
2026-09-10 00:00:00,-44.0,-40.0,19.597706,-0.16559039
2026-09-10 00:00:00,-44.0,-38.0,19.813013,-0.13378727
2026-09-10 00:00:00,-44.0,-36.0,19.834019,-0.027338896
2026-09-10 00:00:00,-44.0,-34.0,20.035805,-0.12965617
2026-09-10 00:00:00,-44.0,-32.0,19.514275,-0.09141208
2026-09-10 00:00:00,-44.0,-30.0,19.556234,-0.1216335
2026-09-10 00:00:00,-44.0,-28.0,19.75166,-0.13176516
2026-09-10 00:00:00,-44.0,-26.0,19.366367,-0.09906398
2026-09-10 00:00:00,-44.0,-24.0,19.821465,-0.13320215
2026-09-10 00:00:00,-44.0,-22.0,19.679314,-0.14694351
2026-09-10 00:00:00,-44.0,-20.0,19.806564,-0.1192613
2026-09-10 00:00:00,-44.0,-18.0,19.604076,-0.056221936
2026-09-10 00:00:00,-44.0,-16.0,19.968206,-0.0977149
2026-09-10 00:00:00,-44.0,-14.0,19.590351,-0.03040619
2026-09-10 00:00:00,-44.0,-12.0,19.840862,-0.043826003
2026-09-10 00:00:00,-44.0,-10.0,19.254688,-0.061491884
2026-09-10 00:00:00,-44.0,-8.0,20.056883,-0.108561814
2026-09-10 00:00:00,-44.0,-6.0,19.758564,-0.06379618
2026-09-10 00:00:00,-44.0,-4.0,19.530285,-0.12944968
2026-09-10 00:00:00,-44.0,-2.0,19.430176,-0.09314701
2026-09-10 00:00:00,-44.0,0.0,19.355131,-0.12174122
2026-09-10 00:00:00,-44.0,2.0,19.609465,-0.09618762
2026-09-10 00:00:00,-44.0,4.0,19.5248,-0.047436193
2026-09-10 00:00:00,-44.0,6.0,19.488512,-0.048183337
2026-09-10 00:00:00,-44.0,8.0,19.81771,-0.016517956
2026-09-10 00:00:00,-44.0,10.0,19.537882,-0.09842888
2026-09-10 00:00:00,-44.0,12.0,19.78186,-0.11897085
2026-09-10 00:00:00,-44.0,14.0,19.531208,-0.052168198
2026-09-10 00:00:00,-44.0,16.0,20.02896,0.00522547
2026-09-10 00:00:00,-44.0,18.0,19.887844,-0.019563932
2026-09-10 00:00:00,-44.0,20.0,19.796997,-0.13212477
2026-09-10 00:00:00,-44.0,22.0,19.796522,-0.10252924
2026-09-10 00:00:00,-44.0,24.0,20.021982,-0.04969804
2026-09-10 00:00:00,-44.0,26.0,19.687593,-0.101305686
2026-09-10 00:00:00,-44.0,28.0,19.807384,-0.16858321
2026-09-10 00:00:00,-44.0,30.0,19.686996,-0.14553821
2026-09-10 00:00:00,-44.0,32.0,19.709328,-0.09077378
2026-09-10 00:00:00,-44.0,34.0,19.871925,-0.059008937
2026-09-10 00:00:00,-44.0,36.0,20.216766,-0.15461494
2026-09-10 00:00:00,-44.0,38.0,19.848219,-0.021172768
2026-09-10 00:00:00,-44.0,40.0,19.942968,-0.16824755
2026-09-10 00:00:00,-44.0,42.0,19.602377,-0.12507552
2026-09-10 00:00:00,-44.0,44.0,20.120123,-0.16444436
2026-09-10 00:00:00,-44.0,46.0,19.221037,-0.12157884
2026-09-10 00:00:00,-44.0,48.0,19.34638,-0.1077762
2026-09-10 00:00:00,-44.0,50.0,19.608778,-0.13110954
2026-09-10 00:00:00,-44.0,52.0,19.432526,-0.14734867
2026-09-10 00:00:00,-44.0,54.0,19.55256,-0.15874746
2026-09-10 00:00:00,-44.0,56.0,19.571335,-0.11807001
2026-09-10 00:00:00,-44.0,58.0,19.09503,-0.12861957
2026-09-10 00:00:00,-44.0,60.0,19.423532,-0.12337604
2026-09-10 00:00:00,-44.0,62.0,19.552597,-0.17991926
2026-09-10 00:00:00,-44.0,64.0,19.561117,-0.22524154
2026-09-10 00:00:00,-44.0,66.0,19.924992,-0.20505716
2026-09-10 00:00:00,-44.0,68.0,19.517715,-0.26891965
2026-09-10 00:00:00,-44.0,70.0,19.315907,-0.2414519
2026-09-10 00:00:00,-44.0,72.0,20.103243,-0.24289726
2026-09-10 00:00:00,-44.0,74.0,19.530676,-0.24039453
2026-09-10 00:00:00,-44.0,76.0,19.364384,-0.24380496
2026-09-10 00:00:00,-44.0,78.0,19.71608,-0.26345885
2026-09-10 00:00:00,-44.0,80.0,19.375475,-0.26893353
2026-09-10 00:00:00,-44.0,82.0,19.454113,-0.28286725
2026-09-10 00:00:00,-44.0,84.0,20.11355,-0.31958356
2026-09-10 00:00:00,-44.0,86.0,19.73786,-0.31188995
2026-09-10 00:00:00,-44.0,88.0,19.64943,-0.3458328
2026-09-10 00:00:00,-44.0,90.0,19.749466,-0.37306798
2026-09-10 00:00:00,-44.0,92.0,20.357428,-0.3666189
2026-09-10 00:00:00,-44.0,94.0,19.617014,-0.29439652
2026-09-10 00:00:00,-44.0,96.0,19.811262,-0.3691738
2026-09-10 00:00:00,-44.0,98.0,19.547918,-0.37895334
2026-09-10 00:00:00,-44.0,100.0,20.089598,-0.38003963
2026-09-10 00:00:00,-44.0,102.0,19.533113,-0.45446053
2026-09-10 00:00:00,-44.0,104.0,20.104263,-0.45549908
2026-09-10 00:00:00,-44.0,106.0,19.6772,-0.42794362
2026-09-10 00:00:00,-44.0,108.0,19.669468,-0.41063643
2026-09-10 00:00:00,-44.0,110.0,19.246021,-0.43773925
2026-09-10 00:00:00,-44.0,112.0,19.304058,-0.43278915
2026-09-10 00:00:00,-44.0,114.0,19.31085,-0.45418957
2026-09-10 00:00:00,-44.0,116.0,19.428926,-0.4281127
2026-09-10 00:00:00,-44.0,118.0,19.602032,-0.45167723
2026-09-10 00:00:00,-44.0,120.0,19.69681,-0.4682393
2026-09-10 00:00:00,-44.0,122.0,19.448702,-0.47095823
2026-09-10 00:00:00,-44.0,124.0,19.84889,-0.51773953
2026-09-10 00:00:00,-44.0,126.0,19.570425,-0.5098474
2026-09-10 00:00:00,-44.0,128.0,19.715313,-0.5468434
2026-09-10 00:00:00,-44.0,130.0,19.59366,-0.53010315
2026-09-10 00:00:00,-44.0,132.0,19.736588,-0.56121176
2026-09-10 00:00:00,-44.0,134.0,19.289534,-0.5618849
2026-09-10 00:00:00,-44.0,136.0,19.250214,-0.52921426
2026-09-10 00:00:00,-44.0,138.0,19.674913,-0.52407753
2026-09-10 00:00:00,-44.0,140.0,19.994825,-0.5088488
2026-09-10 00:00:00,-44.0,142.0,19.777147,-0.5293349
2026-09-10 00:00:00,-44.0,144.0,19.78518,-0.5558668
2026-09-10 00:00:00,-44.0,146.0,19.537336,-0.5464618
2026-09-10 00:00:00,-44.0,148.0,19.515987,-0.5519573
2026-09-10 00:00:00,-44.0,150.0,19.44018,-0.62314177
2026-09-10 00:00:00,-44.0,152.0,20.07871,-0.5602095
2026-09-10 00:00:00,-44.0,154.0,20.124626,-0.5542519
2026-09-10 00:00:00,-44.0,156.0,20.072556,-0.5388818
2026-09-10 00:00:00,-44.0,158.0,19.292313,-0.5833853
2026-09-10 00:00:00,-44.0,160.0,20.016924,-0.6409355
2026-09-10 00:00:00,-44.0,162.0,20.0707,-0.59228504
2026-09-10 00:00:00,-44.0,164.0,19.506784,-0.57680255
2026-09-10 00:00:00,-44.0,166.0,19.719221,-0.6135383
2026-09-10 00:00:00,-44.0,168.0,19.880196,-0.59262824
2026-09-10 00:00:00,-44.0,170.0,19.693445,-0.646147
2026-09-10 00:00:00,-44.0,172.0,19.445215,-0.59968376
2026-09-10 00:00:00,-44.0,174.0,19.663536,-0.6008752
2026-09-10 00:00:00,-44.0,176.0,19.388605,-0.5441285
2026-09-10 00:00:00,-44.0,178.0,19.216072,-0.6082631
2026-09-10 00:00:00,-44.0,-180.0,19.720453,-0.60784966
2026-09-10 00:00:00,-42.0,-180.0,20.253075,-0.5684105
2026-09-10 00:00:00,-42.0,-178.0,20.43606,-0.5852435
2026-09-10 00:00:00,-42.0,-176.0,20.236794,-0.5416898
2026-09-10 00:00:00,-42.0,-174.0,20.38384,-0.555748
2026-09-10 00:00:00,-42.0,-172.0,20.673473,-0.59229916
2026-09-10 00:00:00,-42.0,-170.0,20.597399,-0.54163027
2026-09-10 00:00:00,-42.0,-168.0,20.104418,-0.60982114
2026-09-10 00:00:00,-42.0,-166.0,20.134043,-0.5933785
2026-09-10 00:00:00,-42.0,-164.0,20.676529,-0.54458636
2026-09-10 00:00:00,-42.0,-162.0,20.666296,-0.64114445
2026-09-10 00:00:00,-42.0,-160.0,20.834642,-0.54573345
2026-09-10 00:00:00,-42.0,-158.0,20.463472,-0.58516854
2026-09-10 00:00:00,-42.0,-156.0,20.534206,-0.62913334
2026-09-10 00:00:00,-42.0,-154.0,20.199125,-0.5591168
2026-09-10 00:00:00,-42.0,-152.0,20.527472,-0.5614643
2026-09-10 00:00:00,-42.0,-150.0,20.489147,-0.6281637
2026-09-10 00:00:00,-42.0,-148.0,20.886017,-0.5477631
2026-09-10 00:00:00,-42.0,-146.0,19.98866,-0.54981005
2026-09-10 00:00:00,-42.0,-144.0,20.767578,-0.5984268
2026-09-10 00:00:00,-42.0,-142.0,20.345203,-0.5644549
2026-09-10 00:00:00,-42.0,-140.0,21.16358,-0.5518938
2026-09-10 00:00:00,-42.0,-138.0,20.462671,-0.57612497
2026-09-10 00:00:00,-42.0,-136.0,19.986792,-0.5277231
2026-09-10 00:00:00,-42.0,-134.0,20.185211,-0.53971153
2026-09-10 00:00:00,-42.0,-132.0,20.022486,-0.5754277
2026-09-10 00:00:00,-42.0,-130.0,20.725225,-0.5533917
2026-09-10 00:00:00,-42.0,-128.0,20.554462,-0.56816965
2026-09-10 00:00:00,-42.0,-126.0,20.121378,-0.544545
2026-09-10 00:00:00,-42.0,-124.0,20.418379,-0.55696845
2026-09-10 00:00:00,-42.0,-122.0,20.387579,-0.55631006
2026-09-10 00:00:00,-42.0,-120.0,20.912336,-0.5306705
2026-09-10 00:00:00,-42.0,-118.0,20.44462,-0.49478588
2026-09-10 00:00:00,-42.0,-116.0,20.360155,-0.5024077
2026-09-10 00:00:00,-42.0,-114.0,20.365328,-0.46843266
2026-09-10 00:00:00,-42.0,-112.0,20.045538,-0.48238933
2026-09-10 00:00:00,-42.0,-110.0,20.836843,-0.4435891
2026-09-10 00:00:00,-42.0,-108.0,20.032515,-0.41867194
2026-09-10 00:00:00,-42.0,-106.0,20.731876,-0.4056449
2026-09-10 00:00:00,-42.0,-104.0,20.129915,-0.49685994
2026-09-10 00:00:00,-42.0,-102.0,20.431808,-0.3699457
2026-09-10 00:00:00,-42.0,-100.0,20.04357,-0.3973342
2026-09-10 00:00:00,-42.0,-98.0,20.052475,-0.3915348
2026-09-10 00:00:00,-42.0,-96.0,20.424185,-0.400693
2026-09-10 00:00:00,-42.0,-94.0,20.948065,-0.3204037
2026-09-10 00:00:00,-42.0,-92.0,20.43319,-0.28748402
2026-09-10 00:00:00,-42.0,-90.0,20.097448,-0.27762032
2026-09-10 00:00:00,-42.0,-88.0,20.57602,-0.2913186
2026-09-10 00:00:00,-42.0,-86.0,20.157576,-0.20922859
2026-09-10 00:00:00,-42.0,-84.0,20.396286,-0.31895685
2026-09-10 00:00:00,-42.0,-82.0,20.416973,-0.2795926
2026-09-10 00:00:00,-42.0,-80.0,20.345726,-0.26608783
2026-09-10 00:00:00,-42.0,-78.0,20.610004,-0.18790264
2026-09-10 00:00:00,-42.0,-76.0,20.173553,-0.24357161
2026-09-10 00:00:00,-42.0,-74.0,20.032581,-0.19080089
2026-09-10 00:00:00,-42.0,-72.0,20.618134,-0.20780706
2026-09-10 00:00:00,-42.0,-70.0,20.486412,-0.16704254
2026-09-10 00:00:00,-42.0,-68.0,20.354757,-0.24060567
2026-09-10 00:00:00,-42.0,-66.0,20.23767,-0.18743978
2026-09-10 00:00:00,-42.0,-64.0,20.583906,-0.105124
2026-09-10 00:00:00,-42.0,-62.0,20.339247,-0.13366067
2026-09-10 00:00:00,-42.0,-60.0,20.295712,-0.17577335
2026-09-10 00:00:00,-42.0,-58.0,20.228916,-0.14977366
2026-09-10 00:00:00,-42.0,-56.0,20.170856,-0.17019013
2026-09-10 00:00:00,-42.0,-54.0,20.459116,-0.11508656
2026-09-10 00:00:00,-42.0,-52.0,20.515604,-0.16230187
2026-09-10 00:00:00,-42.0,-50.0,20.177576,-0.09283536
2026-09-10 00:00:00,-42.0,-48.0,20.368723,-0.0683665
2026-09-10 00:00:00,-42.0,-46.0,20.779781,-0.08714906
2026-09-10 00:00:00,-42.0,-44.0,20.460361,-0.12093498
2026-09-10 00:00:00,-42.0,-42.0,20.450968,-0.067572616
2026-09-10 00:00:00,-42.0,-40.0,20.085497,-0.018622266
2026-09-10 00:00:00,-42.0,-38.0,20.419691,-0.07672818
2026-09-10 00:00:00,-42.0,-36.0,20.813871,-0.06662511
2026-09-10 00:00:00,-42.0,-34.0,19.636219,-0.103800826
2026-09-10 00:00:00,-42.0,-32.0,20.45114,-0.07528583
2026-09-10 00:00:00,-42.0,-30.0,20.503664,-0.05165632
2026-09-10 00:00:00,-42.0,-28.0,20.442993,-0.07753333
2026-09-10 00:00:00,-42.0,-26.0,20.064106,-0.061347138
2026-09-10 00:00:00,-42.0,-24.0,20.685867,-0.07461849
2026-09-10 00:00:00,-42.0,-22.0,20.720032,-0.04075955
2026-09-10 00:00:00,-42.0,-20.0,20.319324,-0.08862953
2026-09-10 00:00:00,-42.0,-18.0,20.24019,-0.11016697
2026-09-10 00:00:00,-42.0,-16.0,20.303064,-0.121759884
2026-09-10 00:00:00,-42.0,-14.0,20.584604,-0.02842205
2026-09-10 00:00:00,-42.0,-12.0,20.553812,-0.0965178
2026-09-10 00:00:00,-42.0,-10.0,20.471317,-0.13484913
2026-09-10 00:00:00,-42.0,-8.0,20.552124,-0.0671402
2026-09-10 00:00:00,-42.0,-6.0,20.674261,-0.09164282
2026-09-10 00:00:00,-42.0,-4.0,20.972712,-0.07010179
2026-09-10 00:00:00,-42.0,-2.0,20.34765,-0.10124348
2026-09-10 00:00:00,-42.0,0.0,20.411907,-0.047152113
2026-09-10 00:00:00,-42.0,2.0,20.364336,-0.09507262
2026-09-10 00:00:00,-42.0,4.0,19.956875,-0.08534902
2026-09-10 00:00:00,-42.0,6.0,20.266773,-0.07010224
2026-09-10 00:00:00,-42.0,8.0,20.380953,-0.07427029
2026-09-10 00:00:00,-42.0,10.0,19.905474,-0.064439565
2026-09-10 00:00:00,-42.0,12.0,20.959934,-0.06369454
2026-09-10 00:00:00,-42.0,14.0,20.577528,-0.12927476
2026-09-10 00:00:00,-42.0,16.0,20.438166,-0.07442554
2026-09-10 00:00:00,-42.0,18.0,20.054235,-0.09787846
2026-09-10 00:00:00,-42.0,20.0,20.70428,-0.040787116
2026-09-10 00:00:00,-42.0,22.0,20.516827,-0.09870698
2026-09-10 00:00:00,-42.0,24.0,20.075073,-0.020543227
2026-09-10 00:00:00,-42.0,26.0,19.989586,-0.052270595
2026-09-10 00:00:00,-42.0,28.0,20.799706,-0.0979595
2026-09-10 00:00:00,-42.0,30.0,21.084547,-0.06475825
2026-09-10 00:00:00,-42.0,32.0,20.063793,-0.079947926
2026-09-10 00:00:00,-42.0,34.0,20.40341,-0.11913747
2026-09-10 00:00:00,-42.0,36.0,20.465006,-0.07608635
2026-09-10 00:00:00,-42.0,38.0,20.337275,-0.040516276
2026-09-10 00:00:00,-42.0,40.0,20.250843,-0.042151466
2026-09-10 00:00:00,-42.0,42.0,20.367512,-0.10751777
2026-09-10 00:00:00,-42.0,44.0,20.42844,-0.069603644
2026-09-10 00:00:00,-42.0,46.0,20.011885,-0.099104255
2026-09-10 00:00:00,-42.0,48.0,20.422756,-0.09507661
2026-09-10 00:00:00,-42.0,50.0,20.466116,-0.1452317
2026-09-10 00:00:00,-42.0,52.0,20.53673,-0.09812768
2026-09-10 00:00:00,-42.0,54.0,20.327677,-0.11009664
2026-09-10 00:00:00,-42.0,56.0,20.410692,-0.12164786
2026-09-10 00:00:00,-42.0,58.0,20.884157,-0.15569231
2026-09-10 00:00:00,-42.0,60.0,20.42417,-0.14880374
2026-09-10 00:00:00,-42.0,62.0,19.97709,-0.13191251
2026-09-10 00:00:00,-42.0,64.0,20.964357,-0.15962929
2026-09-10 00:00:00,-42.0,66.0,20.425495,-0.2109673
2026-09-10 00:00:00,-42.0,68.0,20.25772,-0.21587573
2026-09-10 00:00:00,-42.0,70.0,20.269135,-0.13499737
2026-09-10 00:00:00,-42.0,72.0,19.966908,-0.20313124
2026-09-10 00:00:00,-42.0,74.0,20.263792,-0.20389529
2026-09-10 00:00:00,-42.0,76.0,20.501451,-0.24787761
2026-09-10 00:00:00,-42.0,78.0,20.473856,-0.24540205
2026-09-10 00:00:00,-42.0,80.0,20.462334,-0.22945692
2026-09-10 00:00:00,-42.0,82.0,20.431501,-0.19659126
2026-09-10 00:00:00,-42.0,84.0,20.891,-0.3045898
2026-09-10 00:00:00,-42.0,86.0,20.226479,-0.30848876
2026-09-10 00:00:00,-42.0,88.0,20.140429,-0.3253429
2026-09-10 00:00:00,-42.0,90.0,20.34518,-0.37566504
2026-09-10 00:00:00,-42.0,92.0,20.511703,-0.33672956
2026-09-10 00:00:00,-42.0,94.0,20.271456,-0.33145985
2026-09-10 00:00:00,-42.0,96.0,20.407106,-0.33039522
2026-09-10 00:00:00,-42.0,98.0,20.08573,-0.39094603
2026-09-10 00:00:00,-42.0,100.0,20.624903,-0.37439287
2026-09-10 00:00:00,-42.0,102.0,20.42168,-0.387736
2026-09-10 00:00:00,-42.0,104.0,20.09497,-0.42705
2026-09-10 00:00:00,-42.0,106.0,20.3393,-0.48658785
2026-09-10 00:00:00,-42.0,108.0,20.42572,-0.4914061
2026-09-10 00:00:00,-42.0,110.0,20.056576,-0.47555825
2026-09-10 00:00:00,-42.0,112.0,20.564795,-0.47585002
2026-09-10 00:00:00,-42.0,114.0,20.768723,-0.5173041
2026-09-10 00:00:00,-42.0,116.0,20.87307,-0.5139678
2026-09-10 00:00:00,-42.0,118.0,20.224302,-0.4896726
2026-09-10 00:00:00,-42.0,120.0,20.404373,-0.47700837
2026-09-10 00:00:00,-42.0,122.0,20.853987,-0.5184182
2026-09-10 00:00:00,-42.0,124.0,20.44857,-0.5094201
2026-09-10 00:00:00,-42.0,126.0,20.153631,-0.51612693
2026-09-10 00:00:00,-42.0,128.0,20.242601,-0.47711134
2026-09-10 00:00:00,-42.0,130.0,20.103619,-0.5604108
2026-09-10 00:00:00,-42.0,132.0,20.656244,-0.61341345
2026-09-10 00:00:00,-42.0,134.0,20.269852,-0.56391793
2026-09-10 00:00:00,-42.0,136.0,20.161974,-0.55442876
2026-09-10 00:00:00,-42.0,138.0,20.279375,-0.5549015
2026-09-10 00:00:00,-42.0,140.0,20.463789,-0.5431007
2026-09-10 00:00:00,-42.0,142.0,20.687836,-0.5311985
2026-09-10 00:00:00,-42.0,144.0,20.06788,-0.56094307
2026-09-10 00:00:00,-42.0,146.0,20.641634,-0.5747014
2026-09-10 00:00:00,-42.0,148.0,21.000332,-0.5281759
2026-09-10 00:00:00,-42.0,150.0,20.152315,-0.5972526
2026-09-10 00:00:00,-42.0,152.0,20.453644,-0.54390174
2026-09-10 00:00:00,-42.0,154.0,20.471651,-0.5899195
2026-09-10 00:00:00,-42.0,156.0,20.11291,-0.6314413
2026-09-10 00:00:00,-42.0,158.0,20.38667,-0.54598236
2026-09-10 00:00:00,-42.0,160.0,20.219099,-0.5885151
2026-09-10 00:00:00,-42.0,162.0,20.557272,-0.522135
2026-09-10 00:00:00,-42.0,164.0,20.268276,-0.5675725
2026-09-10 00:00:00,-42.0,166.0,20.49248,-0.5630665
2026-09-10 00:00:00,-42.0,168.0,20.329039,-0.5876811
2026-09-10 00:00:00,-42.0,170.0,20.07393,-0.5550865
2026-09-10 00:00:00,-42.0,172.0,20.260294,-0.6099876
2026-09-10 00:00:00,-42.0,174.0,20.264143,-0.5469447
2026-09-10 00:00:00,-42.0,176.0,20.374235,-0.54742944
2026-09-10 00:00:00,-42.0,178.0,19.550356,-0.5811203
2026-09-10 00:00:00,-42.0,-180.0,20.956274,-0.5831756
2026-09-10 00:00:00,-40.0,-180.0,20.906366,-0.5570458
2026-09-10 00:00:00,-40.0,-178.0,21.075132,-0.54613423
2026-09-10 00:00:00,-40.0,-176.0,21.23987,-0.5176486
2026-09-10 00:00:00,-40.0,-174.0,21.533964,-0.56086224
2026-09-10 00:00:00,-40.0,-172.0,21.108288,-0.5214805
2026-09-10 00:00:00,-40.0,-170.0,20.950853,-0.51697445
2026-09-10 00:00:00,-40.0,-168.0,20.9699,-0.5389852
2026-09-10 00:00:00,-40.0,-166.0,21.209229,-0.58345866
2026-09-10 00:00:00,-40.0,-164.0,21.00027,-0.548502
2026-09-10 00:00:00,-40.0,-162.0,21.186346,-0.56075144
2026-09-10 00:00:00,-40.0,-160.0,21.286089,-0.54117167
2026-09-10 00:00:00,-40.0,-158.0,21.103052,-0.5932887
2026-09-10 00:00:00,-40.0,-156.0,21.052696,-0.53738046
2026-09-10 00:00:00,-40.0,-154.0,20.874346,-0.5750486
2026-09-10 00:00:00,-40.0,-152.0,21.189085,-0.587674
2026-09-10 00:00:00,-40.0,-150.0,20.894878,-0.5391917
2026-09-10 00:00:00,-40.0,-148.0,21.174725,-0.53981125
2026-09-10 00:00:00,-40.0,-146.0,20.502443,-0.5836555
2026-09-10 00:00:00,-40.0,-144.0,21.102737,-0.60958964
2026-09-10 00:00:00,-40.0,-142.0,21.264622,-0.5572706
2026-09-10 00:00:00,-40.0,-140.0,21.018093,-0.5867548
2026-09-10 00:00:00,-40.0,-138.0,20.612246,-0.57147783
2026-09-10 00:00:00,-40.0,-136.0,20.930042,-0.55837125
2026-09-10 00:00:00,-40.0,-134.0,21.060854,-0.58547175
2026-09-10 00:00:00,-40.0,-132.0,20.948462,-0.50600374
2026-09-10 00:00:00,-40.0,-130.0,20.971893,-0.5638943
2026-09-10 00:00:00,-40.0,-128.0,21.261574,-0.56128025
2026-09-10 00:00:00,-40.0,-126.0,20.918242,-0.5172414
2026-09-10 00:00:00,-40.0,-124.0,21.201086,-0.53886724
2026-09-10 00:00:00,-40.0,-122.0,21.31271,-0.52307475
2026-09-10 00:00:00,-40.0,-120.0,20.851446,-0.49887747
2026-09-10 00:00:00,-40.0,-118.0,21.369043,-0.47692755
2026-09-10 00:00:00,-40.0,-116.0,20.838968,-0.48487806
2026-09-10 00:00:00,-40.0,-114.0,21.512423,-0.4751554
2026-09-10 00:00:00,-40.0,-112.0,21.129684,-0.4763968
2026-09-10 00:00:00,-40.0,-110.0,21.133678,-0.46891996
2026-09-10 00:00:00,-40.0,-108.0,20.766209,-0.40786457
2026-09-10 00:00:00,-40.0,-106.0,21.150637,-0.47786835
2026-09-10 00:00:00,-40.0,-104.0,20.83205,-0.4032486
2026-09-10 00:00:00,-40.0,-102.0,21.186386,-0.42173436
2026-09-10 00:00:00,-40.0,-100.0,20.901127,-0.36774135
2026-09-10 00:00:00,-40.0,-98.0,21.016592,-0.38712737
2026-09-10 00:00:00,-40.0,-96.0,21.643936,-0.35367265
2026-09-10 00:00:00,-40.0,-94.0,21.026558,-0.3333273
2026-09-10 00:00:00,-40.0,-92.0,21.144526,-0.2823978
2026-09-10 00:00:00,-40.0,-90.0,21.132524,-0.32250068
2026-09-10 00:00:00,-40.0,-88.0,21.292364,-0.29044825
2026-09-10 00:00:00,-40.0,-86.0,21.25015,-0.2426422
2026-09-10 00:00:00,-40.0,-84.0,21.100935,-0.2965598
2026-09-10 00:00:00,-40.0,-82.0,21.385117,-0.2592461
2026-09-10 00:00:00,-40.0,-80.0,20.881111,-0.21721347
2026-09-10 00:00:00,-40.0,-78.0,21.02748,-0.2724224
2026-09-10 00:00:00,-40.0,-76.0,20.846907,-0.2473823
2026-09-10 00:00:00,-40.0,-74.0,21.534983,-0.18601798
2026-09-10 00:00:00,-40.0,-72.0,21.043537,-0.19366896
2026-09-10 00:00:00,-40.0,-70.0,21.23597,-0.1896395
2026-09-10 00:00:00,-40.0,-68.0,21.200169,-0.15278967
2026-09-10 00:00:00,-40.0,-66.0,21.005926,-0.17641544
2026-09-10 00:00:00,-40.0,-64.0,20.989925,-0.13204451
2026-09-10 00:00:00,-40.0,-62.0,20.621693,-0.11583656
2026-09-10 00:00:00,-40.0,-60.0,21.237755,-0.0247963
2026-09-10 00:00:00,-40.0,-58.0,20.681585,-0.09136537
2026-09-10 00:00:00,-40.0,-56.0,20.747742,-0.08156617
2026-09-10 00:00:00,-40.0,-54.0,20.885153,-0.115143955
2026-09-10 00:00:00,-40.0,-52.0,20.91466,-0.036424067
2026-09-10 00:00:00,-40.0,-50.0,21.513504,-0.118777774
2026-09-10 00:00:00,-40.0,-48.0,20.884705,-0.1210699
2026-09-10 00:00:00,-40.0,-46.0,21.193697,-0.10734391
2026-09-10 00:00:00,-40.0,-44.0,20.927195,-0.09089361
2026-09-10 00:00:00,-40.0,-42.0,21.241781,-0.056861598
2026-09-10 00:00:00,-40.0,-40.0,21.470669,-0.09354973
2026-09-10 00:00:00,-40.0,-38.0,20.754753,-0.08797879
2026-09-10 00:00:00,-40.0,-36.0,21.078058,-0.051836297
2026-09-10 00:00:00,-40.0,-34.0,21.056864,-0.092059106
2026-09-10 00:00:00,-40.0,-32.0,21.031546,-0.019459967
2026-09-10 00:00:00,-40.0,-30.0,21.362677,-0.043613516
2026-09-10 00:00:00,-40.0,-28.0,21.092716,-0.029731061
2026-09-10 00:00:00,-40.0,-26.0,21.20133,-0.07020849
2026-09-10 00:00:00,-40.0,-24.0,20.976088,-0.062132422
2026-09-10 00:00:00,-40.0,-22.0,21.458208,-0.0884276
2026-09-10 00:00:00,-40.0,-20.0,20.905085,-0.059135705
2026-09-10 00:00:00,-40.0,-18.0,21.284105,0.004305437
2026-09-10 00:00:00,-40.0,-16.0,21.33968,-0.102931015
2026-09-10 00:00:00,-40.0,-14.0,20.926062,-0.06861874
2026-09-10 00:00:00,-40.0,-12.0,20.715214,-0.10360111
2026-09-10 00:00:00,-40.0,-10.0,20.657818,-0.036152072
2026-09-10 00:00:00,-40.0,-8.0,21.05662,-0.05725861
2026-09-10 00:00:00,-40.0,-6.0,21.037468,-0.14484435
2026-09-10 00:00:00,-40.0,-4.0,21.543436,-0.0678484
2026-09-10 00:00:00,-40.0,-2.0,21.058306,-0.055737972
2026-09-10 00:00:00,-40.0,0.0,21.692793,-0.067831315
2026-09-10 00:00:00,-40.0,2.0,20.84847,-0.049050737
2026-09-10 00:00:00,-40.0,4.0,20.800037,-0.12846811
2026-09-10 00:00:00,-40.0,6.0,20.985933,-0.065757416
2026-09-10 00:00:00,-40.0,8.0,20.769756,-0.04639778
2026-09-10 00:00:00,-40.0,10.0,21.32165,-0.05901273
2026-09-10 00:00:00,-40.0,12.0,20.771624,-0.07266648
2026-09-10 00:00:00,-40.0,14.0,20.854939,-0.11068251
2026-09-10 00:00:00,-40.0,16.0,20.938011,-0.041354194
2026-09-10 00:00:00,-40.0,18.0,20.429022,-0.07370921
2026-09-10 00:00:00,-40.0,20.0,21.229736,-0.03394842
2026-09-10 00:00:00,-40.0,22.0,21.350945,-0.07512123
2026-09-10 00:00:00,-40.0,24.0,21.200546,-0.110375166
2026-09-10 00:00:00,-40.0,26.0,20.67627,-0.13443509
2026-09-10 00:00:00,-40.0,28.0,20.845173,-0.045844004
2026-09-10 00:00:00,-40.0,30.0,21.135578,-0.060610957
2026-09-10 00:00:00,-40.0,32.0,21.144867,-0.069214374
2026-09-10 00:00:00,-40.0,34.0,21.051363,-0.08268929
2026-09-10 00:00:00,-40.0,36.0,21.200863,-0.039834023
2026-09-10 00:00:00,-40.0,38.0,20.593346,-0.04882358
2026-09-10 00:00:00,-40.0,40.0,21.219908,-0.118792035
2026-09-10 00:00:00,-40.0,42.0,21.084019,-0.055370484
2026-09-10 00:00:00,-40.0,44.0,21.299473,-0.07638996
2026-09-10 00:00:00,-40.0,46.0,21.092318,-0.065740444
2026-09-10 00:00:00,-40.0,48.0,21.084866,-0.12980373
2026-09-10 00:00:00,-40.0,50.0,21.259127,-0.116550125
2026-09-10 00:00:00,-40.0,52.0,21.080313,-0.1184213
2026-09-10 00:00:00,-40.0,54.0,21.17068,-0.13682726
2026-09-10 00:00:00,-40.0,56.0,21.197874,-0.10411651
2026-09-10 00:00:00,-40.0,58.0,21.01981,-0.08186693
2026-09-10 00:00:00,-40.0,60.0,21.00553,-0.1465115
2026-09-10 00:00:00,-40.0,62.0,21.455078,-0.1544686
2026-09-10 00:00:00,-40.0,64.0,20.804245,-0.15970382
2026-09-10 00:00:00,-40.0,66.0,21.323046,-0.097726785
2026-09-10 00:00:00,-40.0,68.0,21.150883,-0.0948639
2026-09-10 00:00:00,-40.0,70.0,20.67608,-0.2038708
2026-09-10 00:00:00,-40.0,72.0,20.848074,-0.105085656
2026-09-10 00:00:00,-40.0,74.0,21.026012,-0.1703549
2026-09-10 00:00:00,-40.0,76.0,21.48453,-0.1742074
2026-09-10 00:00:00,-40.0,78.0,21.018774,-0.21045761
2026-09-10 00:00:00,-40.0,80.0,21.017065,-0.22926751
2026-09-10 00:00:00,-40.0,82.0,21.485779,-0.28081775
2026-09-10 00:00:00,-40.0,84.0,21.071564,-0.2409
2026-09-10 00:00:00,-40.0,86.0,21.25183,-0.2691121
2026-09-10 00:00:00,-40.0,88.0,20.596207,-0.26360425
2026-09-10 00:00:00,-40.0,90.0,21.174316,-0.3515035
2026-09-10 00:00:00,-40.0,92.0,21.125708,-0.30221587
2026-09-10 00:00:00,-40.0,94.0,21.186201,-0.31922832
2026-09-10 00:00:00,-40.0,96.0,20.962095,-0.39805844
2026-09-10 00:00:00,-40.0,98.0,21.18799,-0.3670831
2026-09-10 00:00:00,-40.0,100.0,20.86821,-0.36183414
2026-09-10 00:00:00,-40.0,102.0,21.193045,-0.38165477
2026-09-10 00:00:00,-40.0,104.0,20.601967,-0.44761056
2026-09-10 00:00:00,-40.0,106.0,21.592619,-0.42534563
2026-09-10 00:00:00,-40.0,108.0,21.37003,-0.4111805
2026-09-10 00:00:00,-40.0,110.0,21.30908,-0.43958366
2026-09-10 00:00:00,-40.0,112.0,21.398222,-0.47522938
2026-09-10 00:00:00,-40.0,114.0,21.077662,-0.46808106
2026-09-10 00:00:00,-40.0,116.0,20.88857,-0.5444267
2026-09-10 00:00:00,-40.0,118.0,21.176239,-0.5121359
2026-09-10 00:00:00,-40.0,120.0,21.325413,-0.48128185
2026-09-10 00:00:00,-40.0,122.0,20.92754,-0.4907571
2026-09-10 00:00:00,-40.0,124.0,20.81649,-0.44195485
2026-09-10 00:00:00,-40.0,126.0,21.332813,-0.5979484
2026-09-10 00:00:00,-40.0,128.0,21.622404,-0.5219034
2026-09-10 00:00:00,-40.0,130.0,21.278133,-0.5697549
2026-09-10 00:00:00,-40.0,132.0,20.99185,-0.526771
2026-09-10 00:00:00,-40.0,134.0,21.493002,-0.5256542
2026-09-10 00:00:00,-40.0,136.0,21.044174,-0.5679202
2026-09-10 00:00:00,-40.0,138.0,20.513481,-0.5489698
2026-09-10 00:00:00,-40.0,140.0,21.064625,-0.576324
2026-09-10 00:00:00,-40.0,142.0,21.867659,-0.55791396
2026-09-10 00:00:00,-40.0,144.0,20.863773,-0.5498603
2026-09-10 00:00:00,-40.0,146.0,21.54628,-0.53962696
2026-09-10 00:00:00,-40.0,148.0,21.47783,-0.4913796
2026-09-10 00:00:00,-40.0,150.0,20.987804,-0.51603
2026-09-10 00:00:00,-40.0,152.0,20.87564,-0.6226386
2026-09-10 00:00:00,-40.0,154.0,20.933838,-0.5825221
2026-09-10 00:00:00,-40.0,156.0,21.191227,-0.455664
2026-09-10 00:00:00,-40.0,158.0,21.241652,-0.53638095
2026-09-10 00:00:00,-40.0,160.0,20.697372,-0.5115079
2026-09-10 00:00:00,-40.0,162.0,21.257015,-0.5363944
2026-09-10 00:00:00,-40.0,164.0,21.060448,-0.5471423
2026-09-10 00:00:00,-40.0,166.0,20.885382,-0.5962004
2026-09-10 00:00:00,-40.0,168.0,20.793306,-0.5471109
2026-09-10 00:00:00,-40.0,170.0,20.723215,-0.50856465
2026-09-10 00:00:00,-40.0,172.0,21.550316,-0.5159629
2026-09-10 00:00:00,-40.0,174.0,21.015398,-0.49323088
2026-09-10 00:00:00,-40.0,176.0,20.755617,-0.5696345
2026-09-10 00:00:00,-40.0,178.0,20.946383,-0.5594591
2026-09-10 00:00:00,-40.0,-180.0,20.75621,-0.5148748
2026-09-10 00:00:00,-38.0,-180.0,21.726725,-0.49970797
2026-09-10 00:00:00,-38.0,-178.0,21.772675,-0.51818174
2026-09-10 00:00:00,-38.0,-176.0,21.912289,-0.49322686
2026-09-10 00:00:00,-38.0,-174.0,21.79546,-0.4952474
2026-09-10 00:00:00,-38.0,-172.0,21.478542,-0.46952823
2026-09-10 00:00:00,-38.0,-170.0,21.693731,-0.5501454
2026-09-10 00:00:00,-38.0,-168.0,21.486906,-0.5117856
2026-09-10 00:00:00,-38.0,-166.0,21.780632,-0.48869523
2026-09-10 00:00:00,-38.0,-164.0,21.894272,-0.47581655
2026-09-10 00:00:00,-38.0,-162.0,22.149208,-0.508826
2026-09-10 00:00:00,-38.0,-160.0,21.749908,-0.51687974
2026-09-10 00:00:00,-38.0,-158.0,21.895521,-0.48583838
2026-09-10 00:00:00,-38.0,-156.0,21.807041,-0.52080834
2026-09-10 00:00:00,-38.0,-154.0,21.572033,-0.51965344
2026-09-10 00:00:00,-38.0,-152.0,22.195673,-0.4964833
2026-09-10 00:00:00,-38.0,-150.0,21.67541,-0.49608523
2026-09-10 00:00:00,-38.0,-148.0,21.53379,-0.56507605
2026-09-10 00:00:00,-38.0,-146.0,21.483965,-0.5406295
2026-09-10 00:00:00,-38.0,-144.0,21.197577,-0.5519
2026-09-10 00:00:00,-38.0,-142.0,21.755356,-0.5760845
2026-09-10 00:00:00,-38.0,-140.0,21.958857,-0.51881045
2026-09-10 00:00:00,-38.0,-138.0,21.828615,-0.53615874
2026-09-10 00:00:00,-38.0,-136.0,21.321562,-0.5517658
2026-09-10 00:00:00,-38.0,-134.0,22.13307,-0.579812
2026-09-10 00:00:00,-38.0,-132.0,21.848024,-0.6278395
2026-09-10 00:00:00,-38.0,-130.0,21.593094,-0.5608372
2026-09-10 00:00:00,-38.0,-128.0,22.09818,-0.53750956
2026-09-10 00:00:00,-38.0,-126.0,21.325165,-0.5403512
2026-09-10 00:00:00,-38.0,-124.0,22.029243,-0.5454762
2026-09-10 00:00:00,-38.0,-122.0,21.568008,-0.5194898
2026-09-10 00:00:00,-38.0,-120.0,21.318632,-0.5703012
2026-09-10 00:00:00,-38.0,-118.0,21.728798,-0.5116236
2026-09-10 00:00:00,-38.0,-116.0,22.032915,-0.45068374
2026-09-10 00:00:00,-38.0,-114.0,21.891825,-0.50577873
2026-09-10 00:00:00,-38.0,-112.0,21.625925,-0.50678754
2026-09-10 00:00:00,-38.0,-110.0,21.40171,-0.44443065
2026-09-10 00:00:00,-38.0,-108.0,21.838095,-0.4516303
2026-09-10 00:00:00,-38.0,-106.0,21.905449,-0.4833127
2026-09-10 00:00:00,-38.0,-104.0,22.089775,-0.40169343
2026-09-10 00:00:00,-38.0,-102.0,21.979145,-0.3790765
2026-09-10 00:00:00,-38.0,-100.0,21.858305,-0.37214956
2026-09-10 00:00:00,-38.0,-98.0,22.033884,-0.38493755
2026-09-10 00:00:00,-38.0,-96.0,21.516096,-0.3630494
2026-09-10 00:00:00,-38.0,-94.0,21.660118,-0.37792143
2026-09-10 00:00:00,-38.0,-92.0,21.548681,-0.3742792
2026-09-10 00:00:00,-38.0,-90.0,21.759848,-0.32970482
2026-09-10 00:00:00,-38.0,-88.0,21.88814,-0.3012716
2026-09-10 00:00:00,-38.0,-86.0,21.954432,-0.26878333
2026-09-10 00:00:00,-38.0,-84.0,21.808676,-0.22270888
2026-09-10 00:00:00,-38.0,-82.0,21.57602,-0.27170587
2026-09-10 00:00:00,-38.0,-80.0,21.38379,-0.20625651
2026-09-10 00:00:00,-38.0,-78.0,21.383108,-0.24365166
2026-09-10 00:00:00,-38.0,-76.0,21.74234,-0.18018545
2026-09-10 00:00:00,-38.0,-74.0,21.55891,-0.18272203
2026-09-10 00:00:00,-38.0,-72.0,21.832224,-0.13686974
2026-09-10 00:00:00,-38.0,-70.0,21.6693,-0.06436115
2026-09-10 00:00:00,-38.0,-68.0,21.453983,-0.14015462
2026-09-10 00:00:00,-38.0,-66.0,21.69341,-0.12364806
2026-09-10 00:00:00,-38.0,-64.0,21.64705,-0.06875496
2026-09-10 00:00:00,-38.0,-62.0,21.681778,-0.08330136
2026-09-10 00:00:00,-38.0,-60.0,22.036583,-0.073275544
2026-09-10 00:00:00,-38.0,-58.0,21.818607,-0.010390272
2026-09-10 00:00:00,-38.0,-56.0,21.321564,-0.123364635
2026-09-10 00:00:00,-38.0,-54.0,21.456755,-0.10310231
2026-09-10 00:00:00,-38.0,-52.0,21.510605,-0.043317292
2026-09-10 00:00:00,-38.0,-50.0,22.249592,-0.11509084
2026-09-10 00:00:00,-38.0,-48.0,21.69633,-0.025484962
2026-09-10 00:00:00,-38.0,-46.0,21.5152,-0.070815854
2026-09-10 00:00:00,-38.0,-44.0,21.287718,-0.014701195
2026-09-10 00:00:00,-38.0,-42.0,20.98802,-0.09481497
2026-09-10 00:00:00,-38.0,-40.0,22.088173,-0.041572783
2026-09-10 00:00:00,-38.0,-38.0,21.912817,-0.049990118
2026-09-10 00:00:00,-38.0,-36.0,21.715387,-0.008488735
2026-09-10 00:00:00,-38.0,-34.0,21.823053,-0.032633815
2026-09-10 00:00:00,-38.0,-32.0,21.539793,-0.033164967
2026-09-10 00:00:00,-38.0,-30.0,21.817614,-0.07197916
2026-09-10 00:00:00,-38.0,-28.0,21.392796,-0.04581649
2026-09-10 00:00:00,-38.0,-26.0,21.549055,-0.05159297
2026-09-10 00:00:00,-38.0,-24.0,22.140448,-0.056119315
2026-09-10 00:00:00,-38.0,-22.0,21.316704,-0.06674949
2026-09-10 00:00:00,-38.0,-20.0,21.840471,-0.022741372
2026-09-10 00:00:00,-38.0,-18.0,21.622564,-0.056722056
2026-09-10 00:00:00,-38.0,-16.0,21.204027,-0.100296445
2026-09-10 00:00:00,-38.0,-14.0,22.015886,-0.09996103
2026-09-10 00:00:00,-38.0,-12.0,21.663176,-0.07066281
2026-09-10 00:00:00,-38.0,-10.0,21.59745,-0.07678314
2026-09-10 00:00:00,-38.0,-8.0,21.490318,-0.0948279
2026-09-10 00:00:00,-38.0,-6.0,21.470602,-0.10400826
2026-09-10 00:00:00,-38.0,-4.0,21.52501,-0.072724886
2026-09-10 00:00:00,-38.0,-2.0,21.883642,-0.07890937
2026-09-10 00:00:00,-38.0,0.0,21.420439,-0.11871563
2026-09-10 00:00:00,-38.0,2.0,21.40757,-0.096379645
2026-09-10 00:00:00,-38.0,4.0,21.557432,-0.08917255
2026-09-10 00:00:00,-38.0,6.0,21.960114,-0.03100163
2026-09-10 00:00:00,-38.0,8.0,21.55389,-0.087906435
2026-09-10 00:00:00,-38.0,10.0,21.555864,-0.06941002
2026-09-10 00:00:00,-38.0,12.0,22.304657,-0.09817412
2026-09-10 00:00:00,-38.0,14.0,21.574091,-0.048725642
2026-09-10 00:00:00,-38.0,16.0,21.560888,-0.04611371
2026-09-10 00:00:00,-38.0,18.0,21.581114,-0.07080592
2026-09-10 00:00:00,-38.0,20.0,21.829466,-0.053008277
2026-09-10 00:00:00,-38.0,22.0,21.634438,-0.07915918
2026-09-10 00:00:00,-38.0,24.0,21.59337,-0.04944614
2026-09-10 00:00:00,-38.0,26.0,21.579727,-0.07618972
2026-09-10 00:00:00,-38.0,28.0,21.944412,-0.06321356
2026-09-10 00:00:00,-38.0,30.0,22.000736,-0.017381387
2026-09-10 00:00:00,-38.0,32.0,21.561712,-0.0459744
2026-09-10 00:00:00,-38.0,34.0,21.851858,-0.034177862
2026-09-10 00:00:00,-38.0,36.0,21.723503,-0.062000003
2026-09-10 00:00:00,-38.0,38.0,21.950089,-0.007682243
2026-09-10 00:00:00,-38.0,40.0,21.613325,-0.08566825
2026-09-10 00:00:00,-38.0,42.0,21.670876,-0.05220426
2026-09-10 00:00:00,-38.0,44.0,21.972137,-0.045697886
2026-09-10 00:00:00,-38.0,46.0,21.908363,-0.09163694
2026-09-10 00:00:00,-38.0,48.0,21.565565,-0.026827637
2026-09-10 00:00:00,-38.0,50.0,21.542374,-0.031558745
2026-09-10 00:00:00,-38.0,52.0,21.700317,-0.054781813
2026-09-10 00:00:00,-38.0,54.0,21.885649,-0.03807815
2026-09-10 00:00:00,-38.0,56.0,21.577736,-0.08015999
2026-09-10 00:00:00,-38.0,58.0,21.683344,-0.082403705
2026-09-10 00:00:00,-38.0,60.0,21.60771,-0.07788827
2026-09-10 00:00:00,-38.0,62.0,21.512712,-0.09908912
2026-09-10 00:00:00,-38.0,64.0,21.427572,-0.14841123
2026-09-10 00:00:00,-38.0,66.0,21.861639,-0.14823842
2026-09-10 00:00:00,-38.0,68.0,21.496876,-0.17300175
2026-09-10 00:00:00,-38.0,70.0,21.846657,-0.16619733
2026-09-10 00:00:00,-38.0,72.0,21.238665,-0.18556485
2026-09-10 00:00:00,-38.0,74.0,21.756214,-0.13689254
2026-09-10 00:00:00,-38.0,76.0,21.386013,-0.14959957
2026-09-10 00:00:00,-38.0,78.0,21.766039,-0.16328895
2026-09-10 00:00:00,-38.0,80.0,22.01376,-0.21062122
2026-09-10 00:00:00,-38.0,82.0,21.844624,-0.23066564
2026-09-10 00:00:00,-38.0,84.0,21.703197,-0.2718462
2026-09-10 00:00:00,-38.0,86.0,21.520536,-0.28919548
2026-09-10 00:00:00,-38.0,88.0,21.562511,-0.24403116
2026-09-10 00:00:00,-38.0,90.0,21.789808,-0.28538606
2026-09-10 00:00:00,-38.0,92.0,22.225193,-0.30724522
2026-09-10 00:00:00,-38.0,94.0,21.654934,-0.2933611
2026-09-10 00:00:00,-38.0,96.0,21.59937,-0.32833442
2026-09-10 00:00:00,-38.0,98.0,21.8744,-0.36380783
2026-09-10 00:00:00,-38.0,100.0,21.702814,-0.3490166
2026-09-10 00:00:00,-38.0,102.0,21.761806,-0.4264193
2026-09-10 00:00:00,-38.0,104.0,21.384727,-0.35756513
2026-09-10 00:00:00,-38.0,106.0,21.581314,-0.43101904
2026-09-10 00:00:00,-38.0,108.0,21.62566,-0.37554818
2026-09-10 00:00:00,-38.0,110.0,21.676825,-0.42386883
2026-09-10 00:00:00,-38.0,112.0,22.14524,-0.45144102
2026-09-10 00:00:00,-38.0,114.0,21.639133,-0.45129433
2026-09-10 00:00:00,-38.0,116.0,21.43783,-0.5654791
2026-09-10 00:00:00,-38.0,118.0,22.629658,-0.5362704
2026-09-10 00:00:00,-38.0,120.0,21.673195,-0.4836377
2026-09-10 00:00:00,-38.0,122.0,21.670483,-0.48843312
2026-09-10 00:00:00,-38.0,124.0,21.71145,-0.53460103
2026-09-10 00:00:00,-38.0,126.0,21.379885,-0.4876352
2026-09-10 00:00:00,-38.0,128.0,21.794506,-0.5984276
2026-09-10 00:00:00,-38.0,130.0,22.323269,-0.5428389
2026-09-10 00:00:00,-38.0,132.0,21.64993,-0.5349663
2026-09-10 00:00:00,-38.0,134.0,21.276245,-0.55443203
2026-09-10 00:00:00,-38.0,136.0,21.829515,-0.4689684
2026-09-10 00:00:00,-38.0,138.0,21.564577,-0.5550832
2026-09-10 00:00:00,-38.0,140.0,22.31385,-0.5427523
2026-09-10 00:00:00,-38.0,142.0,21.795853,-0.5545181
2026-09-10 00:00:00,-38.0,144.0,21.713507,-0.5211376
2026-09-10 00:00:00,-38.0,146.0,21.572763,-0.5556616
2026-09-10 00:00:00,-38.0,148.0,21.452513,-0.53143376
2026-09-10 00:00:00,-38.0,150.0,21.776197,-0.5392754
2026-09-10 00:00:00,-38.0,152.0,21.560768,-0.50744516
2026-09-10 00:00:00,-38.0,154.0,21.615559,-0.5602618
2026-09-10 00:00:00,-38.0,156.0,22.452475,-0.54938596
2026-09-10 00:00:00,-38.0,158.0,21.507475,-0.49953282
2026-09-10 00:00:00,-38.0,160.0,21.611933,-0.49095201
2026-09-10 00:00:00,-38.0,162.0,21.86109,-0.53798866
2026-09-10 00:00:00,-38.0,164.0,22.01816,-0.52420604
2026-09-10 00:00:00,-38.0,166.0,21.690144,-0.51086324
2026-09-10 00:00:00,-38.0,168.0,21.866062,-0.476479
2026-09-10 00:00:00,-38.0,170.0,21.932398,-0.4841079
2026-09-10 00:00:00,-38.0,172.0,21.743052,-0.5085403
2026-09-10 00:00:00,-38.0,174.0,21.490108,-0.50748366
2026-09-10 00:00:00,-38.0,176.0,21.598711,-0.5473427
2026-09-10 00:00:00,-38.0,178.0,22.078978,-0.5182975
2026-09-10 00:00:00,-38.0,-180.0,21.400097,-0.59279543
2026-09-10 00:00:00,-36.0,-180.0,22.058245,-0.46152306
2026-09-10 00:00:00,-36.0,-178.0,22.181929,-0.40432838
2026-09-10 00:00:00,-36.0,-176.0,22.271273,-0.44926822
2026-09-10 00:00:00,-36.0,-174.0,22.470009,-0.492396
2026-09-10 00:00:00,-36.0,-172.0,22.34015,-0.47657967
2026-09-10 00:00:00,-36.0,-170.0,22.226097,-0.488145
2026-09-10 00:00:00,-36.0,-168.0,22.468079,-0.44655222
2026-09-10 00:00:00,-36.0,-166.0,22.85804,-0.48191765
2026-09-10 00:00:00,-36.0,-164.0,22.504782,-0.56306887
2026-09-10 00:00:00,-36.0,-162.0,22.38387,-0.5032049
2026-09-10 00:00:00,-36.0,-160.0,22.073204,-0.53961664
2026-09-10 00:00:00,-36.0,-158.0,22.340122,-0.53124243
2026-09-10 00:00:00,-36.0,-156.0,22.130701,-0.51283514
2026-09-10 00:00:00,-36.0,-154.0,22.435005,-0.5075174
2026-09-10 00:00:00,-36.0,-152.0,22.455776,-0.5723455
2026-09-10 00:00:00,-36.0,-150.0,22.14154,-0.5454774
2026-09-10 00:00:00,-36.0,-148.0,22.6324,-0.5214863
2026-09-10 00:00:00,-36.0,-146.0,22.379862,-0.54599
2026-09-10 00:00:00,-36.0,-144.0,22.309013,-0.48498735
2026-09-10 00:00:00,-36.0,-142.0,22.440569,-0.5222449
2026-09-10 00:00:00,-36.0,-140.0,21.778101,-0.5351787
2026-09-10 00:00:00,-36.0,-138.0,22.32079,-0.5568059
2026-09-10 00:00:00,-36.0,-136.0,22.664284,-0.52147317
2026-09-10 00:00:00,-36.0,-134.0,22.456005,-0.53831875
2026-09-10 00:00:00,-36.0,-132.0,22.502441,-0.6061097
2026-09-10 00:00:00,-36.0,-130.0,22.450403,-0.45152566
2026-09-10 00:00:00,-36.0,-128.0,22.392685,-0.5196011
2026-09-10 00:00:00,-36.0,-126.0,22.679245,-0.5876698
2026-09-10 00:00:00,-36.0,-124.0,22.103817,-0.5565814
2026-09-10 00:00:00,-36.0,-122.0,21.752531,-0.5412428
2026-09-10 00:00:00,-36.0,-120.0,22.735228,-0.46374604
2026-09-10 00:00:00,-36.0,-118.0,22.293947,-0.48877823
2026-09-10 00:00:00,-36.0,-116.0,22.022633,-0.4820724
2026-09-10 00:00:00,-36.0,-114.0,22.400805,-0.50484717
2026-09-10 00:00:00,-36.0,-112.0,21.670837,-0.39371413
2026-09-10 00:00:00,-36.0,-110.0,22.417278,-0.5204755
2026-09-10 00:00:00,-36.0,-108.0,22.16381,-0.45699677
2026-09-10 00:00:00,-36.0,-106.0,22.24646,-0.44984558
2026-09-10 00:00:00,-36.0,-104.0,22.165972,-0.4182362
2026-09-10 00:00:00,-36.0,-102.0,21.99931,-0.41597548
2026-09-10 00:00:00,-36.0,-100.0,22.27688,-0.36371216
2026-09-10 00:00:00,-36.0,-98.0,22.321115,-0.4054275
2026-09-10 00:00:00,-36.0,-96.0,22.405859,-0.36215988
2026-09-10 00:00:00,-36.0,-94.0,22.236696,-0.32583803
2026-09-10 00:00:00,-36.0,-92.0,22.31116,-0.24370761
2026-09-10 00:00:00,-36.0,-90.0,22.342045,-0.35441688
2026-09-10 00:00:00,-36.0,-88.0,22.272572,-0.25869003
2026-09-10 00:00:00,-36.0,-86.0,22.19893,-0.2386342
2026-09-10 00:00:00,-36.0,-84.0,22.277214,-0.23691513
2026-09-10 00:00:00,-36.0,-82.0,22.56761,-0.18048273
2026-09-10 00:00:00,-36.0,-80.0,22.401789,-0.2117162
2026-09-10 00:00:00,-36.0,-78.0,22.084764,-0.16825804
2026-09-10 00:00:00,-36.0,-76.0,22.581627,-0.20271105
2026-09-10 00:00:00,-36.0,-74.0,22.25588,-0.09722152
2026-09-10 00:00:00,-36.0,-72.0,22.523508,-0.0998363
2026-09-10 00:00:00,-36.0,-70.0,22.42477,-0.10279825
2026-09-10 00:00:00,-36.0,-68.0,22.430105,-0.14432491
2026-09-10 00:00:00,-36.0,-66.0,22.410374,-0.13860108
2026-09-10 00:00:00,-36.0,-64.0,22.635494,-0.03664187
2026-09-10 00:00:00,-36.0,-62.0,22.31987,-0.041796118
2026-09-10 00:00:00,-36.0,-60.0,22.280012,-0.0435415
2026-09-10 00:00:00,-36.0,-58.0,21.7865,-0.0114401905
2026-09-10 00:00:00,-36.0,-56.0,22.444435,-0.026503755
2026-09-10 00:00:00,-36.0,-54.0,22.203638,0.0061596176
2026-09-10 00:00:00,-36.0,-52.0,22.227343,-0.036831446
2026-09-10 00:00:00,-36.0,-50.0,22.278967,0.0082094325
2026-09-10 00:00:00,-36.0,-48.0,22.576414,-0.005964335
2026-09-10 00:00:00,-36.0,-46.0,22.420801,0.015175343
2026-09-10 00:00:00,-36.0,-44.0,22.127218,0.0041626426
2026-09-10 00:00:00,-36.0,-42.0,21.998226,-0.023024194
2026-09-10 00:00:00,-36.0,-40.0,22.211266,0.0033733307
2026-09-10 00:00:00,-36.0,-38.0,22.431694,-0.041157383
2026-09-10 00:00:00,-36.0,-36.0,22.461018,-0.050100736
2026-09-10 00:00:00,-36.0,-34.0,22.397005,-0.06658948
2026-09-10 00:00:00,-36.0,-32.0,22.305433,-0.051759735
2026-09-10 00:00:00,-36.0,-30.0,22.721262,-0.041129604
2026-09-10 00:00:00,-36.0,-28.0,22.191298,-0.051869735
2026-09-10 00:00:00,-36.0,-26.0,22.166088,-0.03395464
2026-09-10 00:00:00,-36.0,-24.0,22.069618,-0.07623765
2026-09-10 00:00:00,-36.0,-22.0,22.60818,-0.0565878
2026-09-10 00:00:00,-36.0,-20.0,22.368225,-0.031809527
2026-09-10 00:00:00,-36.0,-18.0,22.311447,-0.117832355
2026-09-10 00:00:00,-36.0,-16.0,22.188414,-0.05757885
2026-09-10 00:00:00,-36.0,-14.0,21.802116,-0.059886068
2026-09-10 00:00:00,-36.0,-12.0,22.727905,-0.03403482
2026-09-10 00:00:00,-36.0,-10.0,22.027435,-0.054738447
2026-09-10 00:00:00,-36.0,-8.0,22.456884,-0.08298364
2026-09-10 00:00:00,-36.0,-6.0,22.536562,-0.05989752
2026-09-10 00:00:00,-36.0,-4.0,22.367146,-0.05509313
2026-09-10 00:00:00,-36.0,-2.0,22.357313,-0.10317708
2026-09-10 00:00:00,-36.0,0.0,22.148039,-0.099033035
2026-09-10 00:00:00,-36.0,2.0,22.197445,-0.06110849
2026-09-10 00:00:00,-36.0,4.0,22.167711,-0.10605494
2026-09-10 00:00:00,-36.0,6.0,22.242361,-0.10768352
2026-09-10 00:00:00,-36.0,8.0,22.191309,-0.11060618
2026-09-10 00:00:00,-36.0,10.0,22.05408,-0.10560193
2026-09-10 00:00:00,-36.0,12.0,22.57575,-0.056438677
2026-09-10 00:00:00,-36.0,14.0,22.086132,-0.08435447
2026-09-10 00:00:00,-36.0,16.0,22.178612,-0.037119012
2026-09-10 00:00:00,-36.0,18.0,22.071426,-0.08440181
2026-09-10 00:00:00,-36.0,20.0,22.43152,-0.07042204
2026-09-10 00:00:00,-36.0,22.0,21.931646,-0.07685033
2026-09-10 00:00:00,-36.0,24.0,22.032724,-0.06834687
2026-09-10 00:00:00,-36.0,26.0,22.639431,-0.054204352
2026-09-10 00:00:00,-36.0,28.0,22.027182,-0.020162964
2026-09-10 00:00:00,-36.0,30.0,22.221077,-0.07004936
2026-09-10 00:00:00,-36.0,32.0,22.581457,-0.041234326
2026-09-10 00:00:00,-36.0,34.0,21.97536,-0.06902741
2026-09-10 00:00:00,-36.0,36.0,22.44748,-0.049357995
2026-09-10 00:00:00,-36.0,38.0,22.612022,0.03192612
2026-09-10 00:00:00,-36.0,40.0,22.431232,-0.0120805465
2026-09-10 00:00:00,-36.0,42.0,22.532097,-0.022524996
2026-09-10 00:00:00,-36.0,44.0,22.291191,-0.01096819
2026-09-10 00:00:00,-36.0,46.0,22.100643,-0.038628712
2026-09-10 00:00:00,-36.0,48.0,22.394823,-0.052412104
2026-09-10 00:00:00,-36.0,50.0,22.245157,-0.0074290247
2026-09-10 00:00:00,-36.0,52.0,22.325768,-0.014592286
2026-09-10 00:00:00,-36.0,54.0,22.20074,-0.031376116
2026-09-10 00:00:00,-36.0,56.0,22.320145,-0.061003882
2026-09-10 00:00:00,-36.0,58.0,22.400187,-0.059470855
2026-09-10 00:00:00,-36.0,60.0,22.346455,-0.09089972
2026-09-10 00:00:00,-36.0,62.0,22.34555,-0.06981007
2026-09-10 00:00:00,-36.0,64.0,22.30059,-0.06503549
2026-09-10 00:00:00,-36.0,66.0,22.063938,-0.039324958
2026-09-10 00:00:00,-36.0,68.0,22.683348,-0.10748783
2026-09-10 00:00:00,-36.0,70.0,22.011063,-0.115192175
2026-09-10 00:00:00,-36.0,72.0,22.414604,-0.13529825
2026-09-10 00:00:00,-36.0,74.0,22.349258,-0.15037657
2026-09-10 00:00:00,-36.0,76.0,22.089855,-0.20451014
2026-09-10 00:00:00,-36.0,78.0,22.729641,-0.13196291
2026-09-10 00:00:00,-36.0,80.0,22.430733,-0.14305523
2026-09-10 00:00:00,-36.0,82.0,22.365824,-0.19473578
2026-09-10 00:00:00,-36.0,84.0,22.004904,-0.21455252
2026-09-10 00:00:00,-36.0,86.0,22.387405,-0.21395689
2026-09-10 00:00:00,-36.0,88.0,22.582409,-0.2417319
2026-09-10 00:00:00,-36.0,90.0,22.347874,-0.34965608
2026-09-10 00:00:00,-36.0,92.0,22.254988,-0.2601363
2026-09-10 00:00:00,-36.0,94.0,22.199453,-0.3075303
2026-09-10 00:00:00,-36.0,96.0,22.503576,-0.3344182
2026-09-10 00:00:00,-36.0,98.0,22.284742,-0.33270517
2026-09-10 00:00:00,-36.0,100.0,22.38544,-0.35494605
2026-09-10 00:00:00,-36.0,102.0,22.111946,-0.36817148
2026-09-10 00:00:00,-36.0,104.0,21.798971,-0.41173202
2026-09-10 00:00:00,-36.0,106.0,22.07473,-0.41621092
2026-09-10 00:00:00,-36.0,108.0,22.675758,-0.4509294
2026-09-10 00:00:00,-36.0,110.0,22.501917,-0.4862907
2026-09-10 00:00:00,-36.0,112.0,22.335161,-0.4643281
2026-09-10 00:00:00,-36.0,114.0,22.563255,-0.44257954
2026-09-10 00:00:00,-36.0,116.0,22.29055,-0.4959066
2026-09-10 00:00:00,-36.0,118.0,22.547396,-0.47460848
2026-09-10 00:00:00,-36.0,120.0,21.74712,-0.5253436
2026-09-10 00:00:00,-36.0,122.0,22.020966,-0.5147055
2026-09-10 00:00:00,-36.0,124.0,22.279825,-0.5019039
2026-09-10 00:00:00,-36.0,126.0,21.999159,-0.48686558
2026-09-10 00:00:00,-36.0,128.0,22.297472,-0.5856292
2026-09-10 00:00:00,-36.0,130.0,22.408411,-0.5217522
2026-09-10 00:00:00,-36.0,132.0,22.458654,-0.5046409
2026-09-10 00:00:00,-36.0,134.0,22.353207,-0.52176446
2026-09-10 00:00:00,-36.0,136.0,22.452589,-0.5617903
2026-09-10 00:00:00,-36.0,138.0,22.821716,-0.5684421
2026-09-10 00:00:00,-36.0,140.0,22.130209,-0.45115718
2026-09-10 00:00:00,-36.0,142.0,22.38194,-0.58422893
2026-09-10 00:00:00,-36.0,144.0,22.48734,-0.50091064
2026-09-10 00:00:00,-36.0,146.0,22.299639,-0.49091178
2026-09-10 00:00:00,-36.0,148.0,22.715708,-0.5487947
2026-09-10 00:00:00,-36.0,150.0,22.04496,-0.54477423
2026-09-10 00:00:00,-36.0,152.0,22.239454,-0.46121734
2026-09-10 00:00:00,-36.0,154.0,22.283154,-0.51914424
2026-09-10 00:00:00,-36.0,156.0,22.53676,-0.51244885
2026-09-10 00:00:00,-36.0,158.0,22.651651,-0.47369123
2026-09-10 00:00:00,-36.0,160.0,22.59537,-0.49585438
2026-09-10 00:00:00,-36.0,162.0,22.243608,-0.48826003
2026-09-10 00:00:00,-36.0,164.0,22.926971,-0.44887143
2026-09-10 00:00:00,-36.0,166.0,22.453953,-0.50163394
2026-09-10 00:00:00,-36.0,168.0,22.12962,-0.46414596
2026-09-10 00:00:00,-36.0,170.0,22.090145,-0.45006987
2026-09-10 00:00:00,-36.0,172.0,22.20074,-0.50647604
2026-09-10 00:00:00,-36.0,174.0,22.634644,-0.485348
2026-09-10 00:00:00,-36.0,176.0,22.214207,-0.48824412
2026-09-10 00:00:00,-36.0,178.0,22.433636,-0.49551222
2026-09-10 00:00:00,-36.0,-180.0,22.178936,-0.45940384
2026-09-10 00:00:00,-34.0,-180.0,22.916142,-0.48609388
2026-09-10 00:00:00,-34.0,-178.0,22.861002,-0.3968697
2026-09-10 00:00:00,-34.0,-176.0,23.250357,-0.45401558
2026-09-10 00:00:00,-34.0,-174.0,22.620615,-0.45794633
2026-09-10 00:00:00,-34.0,-172.0,22.772484,-0.47033742
2026-09-10 00:00:00,-34.0,-170.0,22.97921,-0.4518868
2026-09-10 00:00:00,-34.0,-168.0,22.960833,-0.44484973
2026-09-10 00:00:00,-34.0,-166.0,22.81494,-0.44436568
2026-09-10 00:00:00,-34.0,-164.0,23.2986,-0.45926407
2026-09-10 00:00:00,-34.0,-162.0,22.848995,-0.4703882
2026-09-10 00:00:00,-34.0,-160.0,22.337383,-0.48048905
2026-09-10 00:00:00,-34.0,-158.0,22.85044,-0.44302067
2026-09-10 00:00:00,-34.0,-156.0,22.507229,-0.48179373
2026-09-10 00:00:00,-34.0,-154.0,23.012197,-0.5680831
2026-09-10 00:00:00,-34.0,-152.0,22.810934,-0.5400091
2026-09-10 00:00:00,-34.0,-150.0,23.370518,-0.48515803
2026-09-10 00:00:00,-34.0,-148.0,22.7284,-0.4996072
2026-09-10 00:00:00,-34.0,-146.0,22.912416,-0.50081253
2026-09-10 00:00:00,-34.0,-144.0,22.701672,-0.511511
2026-09-10 00:00:00,-34.0,-142.0,23.250202,-0.54187876
2026-09-10 00:00:00,-34.0,-140.0,22.64599,-0.4898502
2026-09-10 00:00:00,-34.0,-138.0,22.682833,-0.5209174
2026-09-10 00:00:00,-34.0,-136.0,23.27999,-0.5677637
2026-09-10 00:00:00,-34.0,-134.0,22.822376,-0.5691146
2026-09-10 00:00:00,-34.0,-132.0,23.328157,-0.49612087
2026-09-10 00:00:00,-34.0,-130.0,23.047525,-0.53137076
2026-09-10 00:00:00,-34.0,-128.0,23.101719,-0.54572076
2026-09-10 00:00:00,-34.0,-126.0,22.537285,-0.54782766
2026-09-10 00:00:00,-34.0,-124.0,23.110432,-0.5025121
2026-09-10 00:00:00,-34.0,-122.0,22.940107,-0.5208311
2026-09-10 00:00:00,-34.0,-120.0,23.048397,-0.5387471
2026-09-10 00:00:00,-34.0,-118.0,22.54793,-0.5225516
2026-09-10 00:00:00,-34.0,-116.0,22.667738,-0.465699
2026-09-10 00:00:00,-34.0,-114.0,22.53244,-0.42351973
2026-09-10 00:00:00,-34.0,-112.0,23.202888,-0.4140066
2026-09-10 00:00:00,-34.0,-110.0,22.9512,-0.44973287
2026-09-10 00:00:00,-34.0,-108.0,22.843718,-0.35161173
2026-09-10 00:00:00,-34.0,-106.0,22.763744,-0.4352697
2026-09-10 00:00:00,-34.0,-104.0,22.783972,-0.39051038
2026-09-10 00:00:00,-34.0,-102.0,22.280146,-0.41796762
2026-09-10 00:00:00,-34.0,-100.0,22.621077,-0.38226578
2026-09-10 00:00:00,-34.0,-98.0,22.975393,-0.30755702
2026-09-10 00:00:00,-34.0,-96.0,22.654713,-0.35671434
2026-09-10 00:00:00,-34.0,-94.0,23.170347,-0.27053714
2026-09-10 00:00:00,-34.0,-92.0,22.619217,-0.3297094
2026-09-10 00:00:00,-34.0,-90.0,22.390163,-0.27947855
2026-09-10 00:00:00,-34.0,-88.0,22.941385,-0.28129917
2026-09-10 00:00:00,-34.0,-86.0,22.994467,-0.24622531
2026-09-10 00:00:00,-34.0,-84.0,23.028666,-0.18262242
2026-09-10 00:00:00,-34.0,-82.0,22.59996,-0.25637144
2026-09-10 00:00:00,-34.0,-80.0,22.66677,-0.1675943
2026-09-10 00:00:00,-34.0,-78.0,22.87748,-0.12541963
2026-09-10 00:00:00,-34.0,-76.0,22.70414,-0.14159843
2026-09-10 00:00:00,-34.0,-74.0,23.556328,-0.14319706
2026-09-10 00:00:00,-34.0,-72.0,22.947502,-0.07923311
2026-09-10 00:00:00,-34.0,-70.0,23.110672,-0.036846057
2026-09-10 00:00:00,-34.0,-68.0,22.868298,-0.085917205
2026-09-10 00:00:00,-34.0,-66.0,23.123158,-0.049040403
2026-09-10 00:00:00,-34.0,-64.0,23.172838,-0.040141974
2026-09-10 00:00:00,-34.0,-62.0,22.761074,-0.054861885
2026-09-10 00:00:00,-34.0,-60.0,22.681871,0.001804188
2026-09-10 00:00:00,-34.0,-58.0,22.707853,-0.023326986
2026-09-10 00:00:00,-34.0,-56.0,23.325905,-0.035519272
2026-09-10 00:00:00,-34.0,-54.0,23.007189,0.030400256
2026-09-10 00:00:00,-34.0,-52.0,22.665646,-0.05705092
2026-09-10 00:00:00,-34.0,-50.0,22.62015,-0.029231392
2026-09-10 00:00:00,-34.0,-48.0,22.862467,0.029878814
2026-09-10 00:00:00,-34.0,-46.0,23.165108,0.05165942
2026-09-10 00:00:00,-34.0,-44.0,23.241716,0.031454157
2026-09-10 00:00:00,-34.0,-42.0,22.785742,-0.0026856647
2026-09-10 00:00:00,-34.0,-40.0,23.31596,-0.012786242
2026-09-10 00:00:00,-34.0,-38.0,22.941504,-0.006608599
2026-09-10 00:00:00,-34.0,-36.0,23.189817,-0.035819214
2026-09-10 00:00:00,-34.0,-34.0,22.827278,-0.054349862
2026-09-10 00:00:00,-34.0,-32.0,23.03533,-0.033609413
2026-09-10 00:00:00,-34.0,-30.0,23.216639,-0.040954825
2026-09-10 00:00:00,-34.0,-28.0,23.079771,-0.0056312694
2026-09-10 00:00:00,-34.0,-26.0,22.90112,-0.046328787
2026-09-10 00:00:00,-34.0,-24.0,22.839035,-0.11494174
2026-09-10 00:00:00,-34.0,-22.0,23.22846,-0.018591074
2026-09-10 00:00:00,-34.0,-20.0,23.275503,-0.01796339
2026-09-10 00:00:00,-34.0,-18.0,23.268723,-0.07776482
2026-09-10 00:00:00,-34.0,-16.0,22.64139,-0.0352446
2026-09-10 00:00:00,-34.0,-14.0,22.908087,-0.09279943
2026-09-10 00:00:00,-34.0,-12.0,22.639286,-0.07898363
2026-09-10 00:00:00,-34.0,-10.0,22.617472,-0.15401554
2026-09-10 00:00:00,-34.0,-8.0,22.762482,-0.08637408
2026-09-10 00:00:00,-34.0,-6.0,22.9766,-0.114801824
2026-09-10 00:00:00,-34.0,-4.0,22.20048,-0.058614578
2026-09-10 00:00:00,-34.0,-2.0,22.822285,-0.10149829
2026-09-10 00:00:00,-34.0,0.0,22.981989,-0.09622671
2026-09-10 00:00:00,-34.0,2.0,23.202091,-0.08425563
2026-09-10 00:00:00,-34.0,4.0,23.287127,-0.11282338
2026-09-10 00:00:00,-34.0,6.0,22.617039,-0.10785905
2026-09-10 00:00:00,-34.0,8.0,23.028845,-0.07087001
2026-09-10 00:00:00,-34.0,10.0,23.408438,-0.07347817
2026-09-10 00:00:00,-34.0,12.0,22.812654,-0.040015206
2026-09-10 00:00:00,-34.0,14.0,22.666143,-0.02880014
2026-09-10 00:00:00,-34.0,16.0,23.108229,-0.10344282
2026-09-10 00:00:00,-34.0,18.0,22.825891,-0.045181274
2026-09-10 00:00:00,-34.0,20.0,22.85375,-0.066346526
2026-09-10 00:00:00,-34.0,22.0,23.327847,-0.032436304
2026-09-10 00:00:00,-34.0,24.0,22.817822,-0.054917913
2026-09-10 00:00:00,-34.0,26.0,23.164444,-0.068601884
2026-09-10 00:00:00,-34.0,28.0,23.1524,-0.035404332
2026-09-10 00:00:00,-34.0,30.0,22.878176,-0.014712642
2026-09-10 00:00:00,-34.0,32.0,22.924332,-0.015082215
2026-09-10 00:00:00,-34.0,34.0,22.898853,-0.03778795
2026-09-10 00:00:00,-34.0,36.0,22.828423,-0.032908257
2026-09-10 00:00:00,-34.0,38.0,23.223806,0.028474424
2026-09-10 00:00:00,-34.0,40.0,22.914959,0.070325114
2026-09-10 00:00:00,-34.0,42.0,23.160997,0.016002793
2026-09-10 00:00:00,-34.0,44.0,22.944447,-0.033758923
2026-09-10 00:00:00,-34.0,46.0,22.60723,-0.0027341591
2026-09-10 00:00:00,-34.0,48.0,22.648369,0.010466011
2026-09-10 00:00:00,-34.0,50.0,23.064257,0.016285589
2026-09-10 00:00:00,-34.0,52.0,22.777521,-0.025389561
2026-09-10 00:00:00,-34.0,54.0,23.191198,-0.010944085
2026-09-10 00:00:00,-34.0,56.0,22.984392,0.00540233
2026-09-10 00:00:00,-34.0,58.0,23.018654,-0.028619025
2026-09-10 00:00:00,-34.0,60.0,22.792233,-0.06913997
2026-09-10 00:00:00,-34.0,62.0,22.736126,0.0034375608
2026-09-10 00:00:00,-34.0,64.0,23.068628,-0.07834127
2026-09-10 00:00:00,-34.0,66.0,22.70761,-0.06947058
2026-09-10 00:00:00,-34.0,68.0,23.163282,-0.10364679
2026-09-10 00:00:00,-34.0,70.0,22.743248,-0.081734665
2026-09-10 00:00:00,-34.0,72.0,22.75753,-0.10361695
2026-09-10 00:00:00,-34.0,74.0,22.89023,-0.071015984
2026-09-10 00:00:00,-34.0,76.0,22.932531,-0.08559983
2026-09-10 00:00:00,-34.0,78.0,22.766275,-0.14554511
2026-09-10 00:00:00,-34.0,80.0,23.337294,-0.15083127
2026-09-10 00:00:00,-34.0,82.0,22.806667,-0.16154914
2026-09-10 00:00:00,-34.0,84.0,22.999931,-0.16161418
2026-09-10 00:00:00,-34.0,86.0,22.78199,-0.19462307
2026-09-10 00:00:00,-34.0,88.0,22.631243,-0.21372661
2026-09-10 00:00:00,-34.0,90.0,22.639591,-0.3064164
2026-09-10 00:00:00,-34.0,92.0,22.948053,-0.27097756
2026-09-10 00:00:00,-34.0,94.0,23.126905,-0.28025666
2026-09-10 00:00:00,-34.0,96.0,23.44129,-0.30324936
2026-09-10 00:00:00,-34.0,98.0,22.543827,-0.34782788
2026-09-10 00:00:00,-34.0,100.0,22.930008,-0.39056462
2026-09-10 00:00:00,-34.0,102.0,23.09777,-0.35500062
2026-09-10 00:00:00,-34.0,104.0,22.722412,-0.37760344
2026-09-10 00:00:00,-34.0,106.0,23.063126,-0.41825145
2026-09-10 00:00:00,-34.0,108.0,22.731783,-0.43438044
2026-09-10 00:00:00,-34.0,110.0,22.804625,-0.40877768
2026-09-10 00:00:00,-34.0,112.0,22.898172,-0.4930844
2026-09-10 00:00:00,-34.0,114.0,23.124279,-0.49478388
2026-09-10 00:00:00,-34.0,116.0,22.879494,-0.5251421
2026-09-10 00:00:00,-34.0,118.0,23.185202,-0.51754457
2026-09-10 00:00:00,-34.0,120.0,22.56442,-0.52374494
2026-09-10 00:00:00,-34.0,122.0,22.877668,-0.52962595
2026-09-10 00:00:00,-34.0,124.0,23.432823,-0.49211353
2026-09-10 00:00:00,-34.0,126.0,22.935669,-0.50636286
2026-09-10 00:00:00,-34.0,128.0,23.10981,-0.53063834
2026-09-10 00:00:00,-34.0,130.0,22.916384,-0.5451313
2026-09-10 00:00:00,-34.0,132.0,23.300617,-0.4717492
2026-09-10 00:00:00,-34.0,134.0,22.672201,-0.5566276
2026-09-10 00:00:00,-34.0,136.0,23.131708,-0.5485757
2026-09-10 00:00:00,-34.0,138.0,22.8507,-0.6021741
2026-09-10 00:00:00,-34.0,140.0,22.886518,-0.55822873
2026-09-10 00:00:00,-34.0,142.0,22.808626,-0.48217893
2026-09-10 00:00:00,-34.0,144.0,22.730047,-0.55155975
2026-09-10 00:00:00,-34.0,146.0,22.924303,-0.4932808
2026-09-10 00:00:00,-34.0,148.0,22.922682,-0.46531868
2026-09-10 00:00:00,-34.0,150.0,23.259506,-0.4790636
2026-09-10 00:00:00,-34.0,152.0,22.997858,-0.50397426
2026-09-10 00:00:00,-34.0,154.0,23.363628,-0.46047232
2026-09-10 00:00:00,-34.0,156.0,23.121428,-0.5015877
2026-09-10 00:00:00,-34.0,158.0,22.816536,-0.5563842
2026-09-10 00:00:00,-34.0,160.0,22.670185,-0.5114822
2026-09-10 00:00:00,-34.0,162.0,23.137548,-0.47862592
2026-09-10 00:00:00,-34.0,164.0,22.95734,-0.47229514
2026-09-10 00:00:00,-34.0,166.0,22.354183,-0.47668594
2026-09-10 00:00:00,-34.0,168.0,22.872633,-0.43463403
2026-09-10 00:00:00,-34.0,170.0,22.955587,-0.4660515
2026-09-10 00:00:00,-34.0,172.0,23.21003,-0.4223653
2026-09-10 00:00:00,-34.0,174.0,23.054987,-0.45086545
2026-09-10 00:00:00,-34.0,176.0,23.061716,-0.43103755
2026-09-10 00:00:00,-34.0,178.0,23.368853,-0.38460955
2026-09-10 00:00:00,-34.0,-180.0,22.717405,-0.45051995
2026-09-10 00:00:00,-32.0,-180.0,23.47494,-0.44344538
2026-09-10 00:00:00,-32.0,-178.0,23.176199,-0.39109483
2026-09-10 00:00:00,-32.0,-176.0,23.101309,-0.42697254
2026-09-10 00:00:00,-32.0,-174.0,23.561008,-0.42846504
2026-09-10 00:00:00,-32.0,-172.0,23.395878,-0.45263362
2026-09-10 00:00:00,-32.0,-170.0,23.649647,-0.4212148
2026-09-10 00:00:00,-32.0,-168.0,23.636103,-0.47476906
2026-09-10 00:00:00,-32.0,-166.0,23.50274,-0.48699698
2026-09-10 00:00:00,-32.0,-164.0,23.319193,-0.4575475
2026-09-10 00:00:00,-32.0,-162.0,24.211847,-0.4133894
2026-09-10 00:00:00,-32.0,-160.0,23.55013,-0.538914
2026-09-10 00:00:00,-32.0,-158.0,23.498306,-0.40435115
2026-09-10 00:00:00,-32.0,-156.0,22.824085,-0.47931245
2026-09-10 00:00:00,-32.0,-154.0,23.345013,-0.47419164
2026-09-10 00:00:00,-32.0,-152.0,23.37634,-0.4872068
2026-09-10 00:00:00,-32.0,-150.0,23.521006,-0.5201619
2026-09-10 00:00:00,-32.0,-148.0,23.135712,-0.5484617
2026-09-10 00:00:00,-32.0,-146.0,23.824787,-0.5000736
2026-09-10 00:00:00,-32.0,-144.0,23.229855,-0.51090163
2026-09-10 00:00:00,-32.0,-142.0,23.393538,-0.50617355
2026-09-10 00:00:00,-32.0,-140.0,23.573978,-0.45920667
2026-09-10 00:00:00,-32.0,-138.0,23.60243,-0.50465125
2026-09-10 00:00:00,-32.0,-136.0,23.966969,-0.48042515
2026-09-10 00:00:00,-32.0,-134.0,23.625803,-0.5280602
2026-09-10 00:00:00,-32.0,-132.0,23.324492,-0.5056334
2026-09-10 00:00:00,-32.0,-130.0,23.404045,-0.54053026
2026-09-10 00:00:00,-32.0,-128.0,23.34468,-0.5633718
2026-09-10 00:00:00,-32.0,-126.0,23.298935,-0.5387356
2026-09-10 00:00:00,-32.0,-124.0,23.70359,-0.44548264
2026-09-10 00:00:00,-32.0,-122.0,23.248556,-0.51474553
2026-09-10 00:00:00,-32.0,-120.0,23.102976,-0.5393606
2026-09-10 00:00:00,-32.0,-118.0,23.438784,-0.5064566
2026-09-10 00:00:00,-32.0,-116.0,23.13516,-0.4877513
2026-09-10 00:00:00,-32.0,-114.0,23.728426,-0.52394676
2026-09-10 00:00:00,-32.0,-112.0,23.081047,-0.47802648
2026-09-10 00:00:00,-32.0,-110.0,23.419516,-0.44827184
2026-09-10 00:00:00,-32.0,-108.0,23.531994,-0.44755787
2026-09-10 00:00:00,-32.0,-106.0,23.844671,-0.41347522
2026-09-10 00:00:00,-32.0,-104.0,23.029837,-0.4234085
2026-09-10 00:00:00,-32.0,-102.0,23.41379,-0.35874712
2026-09-10 00:00:00,-32.0,-100.0,23.44549,-0.33075362
2026-09-10 00:00:00,-32.0,-98.0,23.196646,-0.357066
2026-09-10 00:00:00,-32.0,-96.0,23.202847,-0.34412545
2026-09-10 00:00:00,-32.0,-94.0,23.703033,-0.28958735
2026-09-10 00:00:00,-32.0,-92.0,23.224737,-0.26453918
2026-09-10 00:00:00,-32.0,-90.0,23.539572,-0.28336066
2026-09-10 00:00:00,-32.0,-88.0,23.44419,-0.23461924
2026-09-10 00:00:00,-32.0,-86.0,23.736776,-0.1969874
2026-09-10 00:00:00,-32.0,-84.0,23.254831,-0.23368718
2026-09-10 00:00:00,-32.0,-82.0,23.523382,-0.15999499
2026-09-10 00:00:00,-32.0,-80.0,23.916271,-0.10482372
2026-09-10 00:00:00,-32.0,-78.0,23.547892,-0.12965603
2026-09-10 00:00:00,-32.0,-76.0,23.275612,-0.11068967
2026-09-10 00:00:00,-32.0,-74.0,23.500715,-0.053607225
2026-09-10 00:00:00,-32.0,-72.0,23.34813,-0.06926804
2026-09-10 00:00:00,-32.0,-70.0,23.591354,-0.08586392
2026-09-10 00:00:00,-32.0,-68.0,23.322535,-0.077142514
2026-09-10 00:00:00,-32.0,-66.0,23.629433,0.062339965
2026-09-10 00:00:00,-32.0,-64.0,23.468866,-0.009458056
2026-09-10 00:00:00,-32.0,-62.0,23.305256,-0.06164291
2026-09-10 00:00:00,-32.0,-60.0,23.540098,-0.007907234
2026-09-10 00:00:00,-32.0,-58.0,23.559435,-0.005110122
2026-09-10 00:00:00,-32.0,-56.0,23.39438,0.026857292
2026-09-10 00:00:00,-32.0,-54.0,23.649687,0.07337867
2026-09-10 00:00:00,-32.0,-52.0,23.377695,0.0622283
2026-09-10 00:00:00,-32.0,-50.0,23.031673,0.047804985
2026-09-10 00:00:00,-32.0,-48.0,23.272697,0.0510696
2026-09-10 00:00:00,-32.0,-46.0,23.075457,0.0415062
2026-09-10 00:00:00,-32.0,-44.0,23.302341,0.04121988
2026-09-10 00:00:00,-32.0,-42.0,23.286648,-0.03490076
2026-09-10 00:00:00,-32.0,-40.0,23.660336,0.028968716
2026-09-10 00:00:00,-32.0,-38.0,23.230015,0.04931461
2026-09-10 00:00:00,-32.0,-36.0,23.882753,0.083406016
2026-09-10 00:00:00,-32.0,-34.0,23.295376,0.03717954
2026-09-10 00:00:00,-32.0,-32.0,23.074127,-0.015509892
2026-09-10 00:00:00,-32.0,-30.0,23.35428,-0.005215869
2026-09-10 00:00:00,-32.0,-28.0,23.597836,-0.07151509
2026-09-10 00:00:00,-32.0,-26.0,23.449675,-0.07246308
2026-09-10 00:00:00,-32.0,-24.0,23.56348,-0.05109207
2026-09-10 00:00:00,-32.0,-22.0,23.766293,-0.09751675
2026-09-10 00:00:00,-32.0,-20.0,23.321617,-0.07917922
2026-09-10 00:00:00,-32.0,-18.0,23.401514,-0.073266014
2026-09-10 00:00:00,-32.0,-16.0,23.530224,-0.11165148
2026-09-10 00:00:00,-32.0,-14.0,23.630995,-0.063595854
2026-09-10 00:00:00,-32.0,-12.0,23.464184,-0.07282275
2026-09-10 00:00:00,-32.0,-10.0,23.835682,-0.026008375
2026-09-10 00:00:00,-32.0,-8.0,23.648941,-0.08784724
2026-09-10 00:00:00,-32.0,-6.0,23.481205,-0.043744784
2026-09-10 00:00:00,-32.0,-4.0,23.305725,-0.09699775
2026-09-10 00:00:00,-32.0,-2.0,23.062342,-0.084577344
2026-09-10 00:00:00,-32.0,0.0,23.257092,-0.09494934
2026-09-10 00:00:00,-32.0,2.0,23.49142,-0.1043153
2026-09-10 00:00:00,-32.0,4.0,23.384218,-0.043193262
2026-09-10 00:00:00,-32.0,6.0,23.18451,-0.079279006
2026-09-10 00:00:00,-32.0,8.0,23.603674,-0.10088093
2026-09-10 00:00:00,-32.0,10.0,23.533777,-0.05521327
2026-09-10 00:00:00,-32.0,12.0,23.093834,-0.0686995
2026-09-10 00:00:00,-32.0,14.0,23.410896,-0.06019279
2026-09-10 00:00:00,-32.0,16.0,23.147953,-0.047983
2026-09-10 00:00:00,-32.0,18.0,23.624292,-0.03511435
2026-09-10 00:00:00,-32.0,20.0,23.198328,-0.09382157
2026-09-10 00:00:00,-32.0,22.0,24.072868,-0.10192037
2026-09-10 00:00:00,-32.0,24.0,23.573622,-0.097058624
2026-09-10 00:00:00,-32.0,26.0,23.922306,0.009810535
2026-09-10 00:00:00,-32.0,28.0,23.472258,0.014116856
2026-09-10 00:00:00,-32.0,30.0,23.453968,0.017966598
2026-09-10 00:00:00,-32.0,32.0,23.655365,-0.015442283
2026-09-10 00:00:00,-32.0,34.0,23.544142,0.01246523
2026-09-10 00:00:00,-32.0,36.0,23.453684,0.016799675
2026-09-10 00:00:00,-32.0,38.0,23.995384,0.020648886
2026-09-10 00:00:00,-32.0,40.0,23.194462,0.015715096
2026-09-10 00:00:00,-32.0,42.0,23.322834,0.019784784
2026-09-10 00:00:00,-32.0,44.0,23.624191,0.054229166
2026-09-10 00:00:00,-32.0,46.0,23.675684,0.05191506
2026-09-10 00:00:00,-32.0,48.0,23.549593,0.031686433
2026-09-10 00:00:00,-32.0,50.0,23.866404,0.015123496
2026-09-10 00:00:00,-32.0,52.0,23.499172,0.03387867
2026-09-10 00:00:00,-32.0,54.0,23.403366,0.08311258
2026-09-10 00:00:00,-32.0,56.0,23.549995,-0.0019017513
2026-09-10 00:00:00,-32.0,58.0,23.333708,0.015130511
2026-09-10 00:00:00,-32.0,60.0,23.76257,0.03706903
2026-09-10 00:00:00,-32.0,62.0,23.46122,0.008655955
2026-09-10 00:00:00,-32.0,64.0,23.452198,-0.012739692
2026-09-10 00:00:00,-32.0,66.0,23.731104,-0.05279624
2026-09-10 00:00:00,-32.0,68.0,23.569983,-0.0813102
2026-09-10 00:00:00,-32.0,70.0,23.987562,-0.056980923
2026-09-10 00:00:00,-32.0,72.0,23.422094,-0.09447359
2026-09-10 00:00:00,-32.0,74.0,23.783901,-0.09133804
2026-09-10 00:00:00,-32.0,76.0,23.741095,-0.08185569
2026-09-10 00:00:00,-32.0,78.0,22.919744,-0.15733293
2026-09-10 00:00:00,-32.0,80.0,23.442955,-0.17865035
2026-09-10 00:00:00,-32.0,82.0,23.28359,-0.16394167
2026-09-10 00:00:00,-32.0,84.0,23.548277,-0.19708991
2026-09-10 00:00:00,-32.0,86.0,23.367964,-0.22073004
2026-09-10 00:00:00,-32.0,88.0,23.591131,-0.29142803
2026-09-10 00:00:00,-32.0,90.0,22.74464,-0.24219841
2026-09-10 00:00:00,-32.0,92.0,23.449121,-0.30612546
2026-09-10 00:00:00,-32.0,94.0,23.561054,-0.28907368
2026-09-10 00:00:00,-32.0,96.0,23.322414,-0.3471179
2026-09-10 00:00:00,-32.0,98.0,23.257103,-0.26719105
2026-09-10 00:00:00,-32.0,100.0,23.667143,-0.3584937
2026-09-10 00:00:00,-32.0,102.0,23.06682,-0.37134945
2026-09-10 00:00:00,-32.0,104.0,23.464012,-0.3756812
2026-09-10 00:00:00,-32.0,106.0,23.069391,-0.4171436
2026-09-10 00:00:00,-32.0,108.0,23.300972,-0.4451012
2026-09-10 00:00:00,-32.0,110.0,23.39907,-0.4332113
2026-09-10 00:00:00,-32.0,112.0,23.397331,-0.41181165
2026-09-10 00:00:00,-32.0,114.0,23.316341,-0.47184527
2026-09-10 00:00:00,-32.0,116.0,23.573587,-0.45884493
2026-09-10 00:00:00,-32.0,118.0,23.639832,-0.4746581
2026-09-10 00:00:00,-32.0,120.0,23.56245,-0.55630565
2026-09-10 00:00:00,-32.0,122.0,23.14371,-0.54845625
2026-09-10 00:00:00,-32.0,124.0,23.221485,-0.5715915
2026-09-10 00:00:00,-32.0,126.0,23.366234,-0.5266529
2026-09-10 00:00:00,-32.0,128.0,23.675467,-0.5671215
2026-09-10 00:00:00,-32.0,130.0,23.302603,-0.5763403
2026-09-10 00:00:00,-32.0,132.0,23.643995,-0.55312115
2026-09-10 00:00:00,-32.0,134.0,23.579664,-0.57002336
2026-09-10 00:00:00,-32.0,136.0,23.513912,-0.50334114
2026-09-10 00:00:00,-32.0,138.0,23.548014,-0.5160511
2026-09-10 00:00:00,-32.0,140.0,23.476362,-0.5630579
2026-09-10 00:00:00,-32.0,142.0,23.410734,-0.53594875
2026-09-10 00:00:00,-32.0,144.0,23.535149,-0.49682808
2026-09-10 00:00:00,-32.0,146.0,23.555296,-0.4885834
2026-09-10 00:00:00,-32.0,148.0,23.516161,-0.55036676
2026-09-10 00:00:00,-32.0,150.0,23.278814,-0.4976376
2026-09-10 00:00:00,-32.0,152.0,23.641235,-0.46161243
2026-09-10 00:00:00,-32.0,154.0,23.487411,-0.476758
2026-09-10 00:00:00,-32.0,156.0,23.606333,-0.49935162
2026-09-10 00:00:00,-32.0,158.0,23.628267,-0.46940693
2026-09-10 00:00:00,-32.0,160.0,23.600712,-0.457285
2026-09-10 00:00:00,-32.0,162.0,23.6013,-0.44209072
2026-09-10 00:00:00,-32.0,164.0,23.87944,-0.5117326
2026-09-10 00:00:00,-32.0,166.0,23.155983,-0.39882725
2026-09-10 00:00:00,-32.0,168.0,23.83114,-0.38254416
2026-09-10 00:00:00,-32.0,170.0,23.339794,-0.4495399
2026-09-10 00:00:00,-32.0,172.0,23.355055,-0.44283926
2026-09-10 00:00:00,-32.0,174.0,23.254633,-0.4478426
2026-09-10 00:00:00,-32.0,176.0,23.611214,-0.4129297
2026-09-10 00:00:00,-32.0,178.0,23.56315,-0.45355454
2026-09-10 00:00:00,-32.0,-180.0,23.247349,-0.4111039
2026-09-10 00:00:00,-30.0,-180.0,23.66824,-0.37342134
2026-09-10 00:00:00,-30.0,-178.0,24.33627,-0.40363404
2026-09-10 00:00:00,-30.0,-176.0,24.306429,-0.42258123
2026-09-10 00:00:00,-30.0,-174.0,23.937384,-0.39958656
2026-09-10 00:00:00,-30.0,-172.0,24.066494,-0.38351333
2026-09-10 00:00:00,-30.0,-170.0,24.177513,-0.39418387
2026-09-10 00:00:00,-30.0,-168.0,24.441488,-0.42406556
2026-09-10 00:00:00,-30.0,-166.0,23.57982,-0.4804594
2026-09-10 00:00:00,-30.0,-164.0,24.206026,-0.4552845
2026-09-10 00:00:00,-30.0,-162.0,24.002213,-0.4363445
2026-09-10 00:00:00,-30.0,-160.0,24.087425,-0.4457488
2026-09-10 00:00:00,-30.0,-158.0,23.900673,-0.414305
2026-09-10 00:00:00,-30.0,-156.0,23.495134,-0.48551324
2026-09-10 00:00:00,-30.0,-154.0,24.728222,-0.44017845
2026-09-10 00:00:00,-30.0,-152.0,24.00066,-0.51216245
2026-09-10 00:00:00,-30.0,-150.0,23.99364,-0.48853222
2026-09-10 00:00:00,-30.0,-148.0,24.00055,-0.48234305
2026-09-10 00:00:00,-30.0,-146.0,24.206766,-0.42315763
2026-09-10 00:00:00,-30.0,-144.0,23.958832,-0.5012626
2026-09-10 00:00:00,-30.0,-142.0,24.083397,-0.50148463
2026-09-10 00:00:00,-30.0,-140.0,24.183865,-0.56741995
2026-09-10 00:00:00,-30.0,-138.0,24.14892,-0.56117946
2026-09-10 00:00:00,-30.0,-136.0,23.859947,-0.52322364
2026-09-10 00:00:00,-30.0,-134.0,24.149063,-0.56545967
2026-09-10 00:00:00,-30.0,-132.0,23.814482,-0.5305809
2026-09-10 00:00:00,-30.0,-130.0,23.875021,-0.50949645
2026-09-10 00:00:00,-30.0,-128.0,24.521172,-0.5643268
2026-09-10 00:00:00,-30.0,-126.0,24.077398,-0.5337339
2026-09-10 00:00:00,-30.0,-124.0,23.546358,-0.49629417
2026-09-10 00:00:00,-30.0,-122.0,24.15263,-0.52147275
2026-09-10 00:00:00,-30.0,-120.0,24.244305,-0.4972964
2026-09-10 00:00:00,-30.0,-118.0,24.302328,-0.52812594
2026-09-10 00:00:00,-30.0,-116.0,24.115995,-0.39556953
2026-09-10 00:00:00,-30.0,-114.0,23.872196,-0.44263005
2026-09-10 00:00:00,-30.0,-112.0,23.596113,-0.39672258
2026-09-10 00:00:00,-30.0,-110.0,23.908543,-0.4422671
2026-09-10 00:00:00,-30.0,-108.0,23.991404,-0.4189202
2026-09-10 00:00:00,-30.0,-106.0,23.796408,-0.38217762
2026-09-10 00:00:00,-30.0,-104.0,23.984509,-0.43061024
2026-09-10 00:00:00,-30.0,-102.0,23.823347,-0.38654834
2026-09-10 00:00:00,-30.0,-100.0,23.992887,-0.35520792
2026-09-10 00:00:00,-30.0,-98.0,23.853579,-0.372609
2026-09-10 00:00:00,-30.0,-96.0,23.598442,-0.25968742
2026-09-10 00:00:00,-30.0,-94.0,24.06265,-0.28487152
2026-09-10 00:00:00,-30.0,-92.0,24.247334,-0.27323118
2026-09-10 00:00:00,-30.0,-90.0,24.006332,-0.18480553
2026-09-10 00:00:00,-30.0,-88.0,24.09181,-0.2504443
2026-09-10 00:00:00,-30.0,-86.0,24.027983,-0.15956455
2026-09-10 00:00:00,-30.0,-84.0,24.03185,-0.20864439
2026-09-10 00:00:00,-30.0,-82.0,24.325586,-0.18920588
2026-09-10 00:00:00,-30.0,-80.0,24.00963,-0.12612939
2026-09-10 00:00:00,-30.0,-78.0,24.252224,-0.068315715
2026-09-10 00:00:00,-30.0,-76.0,23.726643,-0.10295241
2026-09-10 00:00:00,-30.0,-74.0,23.892212,-0.027755922
2026-09-10 00:00:00,-30.0,-72.0,23.99159,-0.038739022
2026-09-10 00:00:00,-30.0,-70.0,23.461954,-0.020029824
2026-09-10 00:00:00,-30.0,-68.0,23.781895,-0.04210232
2026-09-10 00:00:00,-30.0,-66.0,24.19513,-0.06554438
2026-09-10 00:00:00,-30.0,-64.0,23.948002,-0.033453744
2026-09-10 00:00:00,-30.0,-62.0,24.171022,0.043434117
2026-09-10 00:00:00,-30.0,-60.0,24.19914,0.0070187175
2026-09-10 00:00:00,-30.0,-58.0,23.872105,0.037058968
2026-09-10 00:00:00,-30.0,-56.0,23.739313,0.071910925
2026-09-10 00:00:00,-30.0,-54.0,23.542881,0.0531641
2026-09-10 00:00:00,-30.0,-52.0,23.686268,0.06607959
2026-09-10 00:00:00,-30.0,-50.0,24.027157,0.037083913
2026-09-10 00:00:00,-30.0,-48.0,24.524708,0.045421056
2026-09-10 00:00:00,-30.0,-46.0,24.0531,0.039257362
2026-09-10 00:00:00,-30.0,-44.0,24.157742,0.036022104
2026-09-10 00:00:00,-30.0,-42.0,24.084484,0.0545391
2026-09-10 00:00:00,-30.0,-40.0,24.261395,0.06280167
2026-09-10 00:00:00,-30.0,-38.0,24.57626,0.039023515
2026-09-10 00:00:00,-30.0,-36.0,24.310316,-0.0035571011
2026-09-10 00:00:00,-30.0,-34.0,23.809647,0.051128384
2026-09-10 00:00:00,-30.0,-32.0,24.07089,-0.023056425
2026-09-10 00:00:00,-30.0,-30.0,24.50399,0.07004051
2026-09-10 00:00:00,-30.0,-28.0,23.865778,0.009739421
2026-09-10 00:00:00,-30.0,-26.0,24.377651,-0.040311918
2026-09-10 00:00:00,-30.0,-24.0,24.406681,-0.036363065
2026-09-10 00:00:00,-30.0,-22.0,24.119766,-0.047060564
2026-09-10 00:00:00,-30.0,-20.0,23.891487,-0.03640864
2026-09-10 00:00:00,-30.0,-18.0,24.164446,-0.048335966
2026-09-10 00:00:00,-30.0,-16.0,23.792246,-0.03168797
2026-09-10 00:00:00,-30.0,-14.0,23.940058,-0.069710135
2026-09-10 00:00:00,-30.0,-12.0,23.902313,-0.13630627
2026-09-10 00:00:00,-30.0,-10.0,23.73504,-0.09457514
2026-09-10 00:00:00,-30.0,-8.0,23.981888,-0.08648948
2026-09-10 00:00:00,-30.0,-6.0,24.26946,-0.0662544
2026-09-10 00:00:00,-30.0,-4.0,24.360395,-0.0732759
2026-09-10 00:00:00,-30.0,-2.0,23.809175,-0.11305921
2026-09-10 00:00:00,-30.0,0.0,23.78595,-0.056596596
2026-09-10 00:00:00,-30.0,2.0,24.254515,-0.15907224
2026-09-10 00:00:00,-30.0,4.0,24.034395,-0.04937845
2026-09-10 00:00:00,-30.0,6.0,24.206068,-0.09586629
2026-09-10 00:00:00,-30.0,8.0,24.16521,-0.06019875
2026-09-10 00:00:00,-30.0,10.0,24.212145,-0.07731099
2026-09-10 00:00:00,-30.0,12.0,24.048765,-0.05769702
2026-09-10 00:00:00,-30.0,14.0,24.461805,-0.09822254
2026-09-10 00:00:00,-30.0,16.0,24.248295,-0.06353488
2026-09-10 00:00:00,-30.0,18.0,24.10302,-0.081855915
2026-09-10 00:00:00,-30.0,20.0,23.732601,-0.02873982
2026-09-10 00:00:00,-30.0,22.0,23.861294,-0.0074796225
2026-09-10 00:00:00,-30.0,24.0,24.256855,-0.00919245
2026-09-10 00:00:00,-30.0,26.0,23.893272,-0.01406499
2026-09-10 00:00:00,-30.0,28.0,24.182705,-0.023741007
2026-09-10 00:00:00,-30.0,30.0,23.8608,0.0061321165
2026-09-10 00:00:00,-30.0,32.0,24.608772,0.021963893
2026-09-10 00:00:00,-30.0,34.0,23.933075,0.012176496
2026-09-10 00:00:00,-30.0,36.0,24.02684,0.0066812295
2026-09-10 00:00:00,-30.0,38.0,24.269567,0.014145716
2026-09-10 00:00:00,-30.0,40.0,24.450916,0.031708866
2026-09-10 00:00:00,-30.0,42.0,24.326801,0.040003385
2026-09-10 00:00:00,-30.0,44.0,24.298079,0.025843717
2026-09-10 00:00:00,-30.0,46.0,24.18649,0.051901642
2026-09-10 00:00:00,-30.0,48.0,24.212067,0.104521796
2026-09-10 00:00:00,-30.0,50.0,24.130152,0.082301944
2026-09-10 00:00:00,-30.0,52.0,23.973463,0.009889033
2026-09-10 00:00:00,-30.0,54.0,24.136084,0.058312856
2026-09-10 00:00:00,-30.0,56.0,24.22125,0.049127273
2026-09-10 00:00:00,-30.0,58.0,23.753998,0.07221436
2026-09-10 00:00:00,-30.0,60.0,24.004314,-0.0027957684
2026-09-10 00:00:00,-30.0,62.0,24.043701,0.00042556092
2026-09-10 00:00:00,-30.0,64.0,24.007391,-0.01979595
2026-09-10 00:00:00,-30.0,66.0,23.800097,0.012944673
2026-09-10 00:00:00,-30.0,68.0,23.963398,-0.028607475
2026-09-10 00:00:00,-30.0,70.0,24.093912,0.055211157
2026-09-10 00:00:00,-30.0,72.0,23.8172,-0.09976775
2026-09-10 00:00:00,-30.0,74.0,24.25115,-0.044665534
2026-09-10 00:00:00,-30.0,76.0,23.56186,-0.07181151
2026-09-10 00:00:00,-30.0,78.0,24.47843,-0.07163677
2026-09-10 00:00:00,-30.0,80.0,23.798996,-0.11512016
2026-09-10 00:00:00,-30.0,82.0,23.891466,-0.15499812
2026-09-10 00:00:00,-30.0,84.0,23.962305,-0.18771863
2026-09-10 00:00:00,-30.0,86.0,24.033432,-0.19664855
2026-09-10 00:00:00,-30.0,88.0,24.432125,-0.22703664
2026-09-10 00:00:00,-30.0,90.0,23.987322,-0.2553228
2026-09-10 00:00:00,-30.0,92.0,23.638075,-0.34760332
2026-09-10 00:00:00,-30.0,94.0,23.664188,-0.3321969
2026-09-10 00:00:00,-30.0,96.0,24.167715,-0.32163045
2026-09-10 00:00:00,-30.0,98.0,23.807856,-0.29741597
2026-09-10 00:00:00,-30.0,100.0,24.50607,-0.3903627
2026-09-10 00:00:00,-30.0,102.0,23.664335,-0.38664198
2026-09-10 00:00:00,-30.0,104.0,23.860762,-0.40914044
2026-09-10 00:00:00,-30.0,106.0,24.172398,-0.50383353
2026-09-10 00:00:00,-30.0,108.0,23.649761,-0.4531021
2026-09-10 00:00:00,-30.0,110.0,23.573189,-0.48325562
2026-09-10 00:00:00,-30.0,112.0,24.391434,-0.49864885
2026-09-10 00:00:00,-30.0,114.0,24.13756,-0.4867345
2026-09-10 00:00:00,-30.0,116.0,24.048155,-0.479851
2026-09-10 00:00:00,-30.0,118.0,24.02883,-0.4717283
2026-09-10 00:00:00,-30.0,120.0,23.497849,-0.48443145
2026-09-10 00:00:00,-30.0,122.0,23.827936,-0.52887857
2026-09-10 00:00:00,-30.0,124.0,23.635704,-0.5602214
2026-09-10 00:00:00,-30.0,126.0,23.734447,-0.42887712
2026-09-10 00:00:00,-30.0,128.0,23.714476,-0.54266596
2026-09-10 00:00:00,-30.0,130.0,23.709925,-0.4792858
2026-09-10 00:00:00,-30.0,132.0,24.180132,-0.5187598
2026-09-10 00:00:00,-30.0,134.0,24.214785,-0.51179945
2026-09-10 00:00:00,-30.0,136.0,23.992296,-0.5061347
2026-09-10 00:00:00,-30.0,138.0,23.781271,-0.5555546
2026-09-10 00:00:00,-30.0,140.0,23.783365,-0.53322375
2026-09-10 00:00:00,-30.0,142.0,24.33257,-0.54986143
2026-09-10 00:00:00,-30.0,144.0,24.134893,-0.5063504
2026-09-10 00:00:00,-30.0,146.0,24.219564,-0.4734123
2026-09-10 00:00:00,-30.0,148.0,24.158255,-0.52409357
2026-09-10 00:00:00,-30.0,150.0,23.83554,-0.43378133
2026-09-10 00:00:00,-30.0,152.0,23.94179,-0.47355744
2026-09-10 00:00:00,-30.0,154.0,24.304144,-0.45247105
2026-09-10 00:00:00,-30.0,156.0,23.928143,-0.48372793
2026-09-10 00:00:00,-30.0,158.0,23.790243,-0.39523047
2026-09-10 00:00:00,-30.0,160.0,24.219564,-0.45375597
2026-09-10 00:00:00,-30.0,162.0,24.117088,-0.4279406
2026-09-10 00:00:00,-30.0,164.0,23.686972,-0.4238222
2026-09-10 00:00:00,-30.0,166.0,24.200706,-0.3599618
2026-09-10 00:00:00,-30.0,168.0,23.724741,-0.4370686
2026-09-10 00:00:00,-30.0,170.0,24.052938,-0.3562744
2026-09-10 00:00:00,-30.0,172.0,24.411552,-0.35890818
2026-09-10 00:00:00,-30.0,174.0,23.927996,-0.4108497
2026-09-10 00:00:00,-30.0,176.0,23.677126,-0.35168415
2026-09-10 00:00:00,-30.0,178.0,24.465239,-0.4154589
2026-09-10 00:00:00,-30.0,-180.0,23.875355,-0.35849714
2026-09-10 00:00:00,-28.0,-180.0,24.64421,-0.37048435
2026-09-10 00:00:00,-28.0,-178.0,24.486029,-0.40438363
2026-09-10 00:00:00,-28.0,-176.0,24.774633,-0.39942494
2026-09-10 00:00:00,-28.0,-174.0,24.58495,-0.33625838
2026-09-10 00:00:00,-28.0,-172.0,24.562489,-0.38173354
2026-09-10 00:00:00,-28.0,-170.0,24.833006,-0.33538982
2026-09-10 00:00:00,-28.0,-168.0,24.558722,-0.41352168
2026-09-10 00:00:00,-28.0,-166.0,24.391682,-0.43520853
2026-09-10 00:00:00,-28.0,-164.0,24.680424,-0.43748927
2026-09-10 00:00:00,-28.0,-162.0,24.454248,-0.43243587
2026-09-10 00:00:00,-28.0,-160.0,24.939045,-0.46575564
2026-09-10 00:00:00,-28.0,-158.0,24.784853,-0.4137591
2026-09-10 00:00:00,-28.0,-156.0,24.462852,-0.4703507
2026-09-10 00:00:00,-28.0,-154.0,24.834623,-0.44089606
2026-09-10 00:00:00,-28.0,-152.0,24.668945,-0.5398377
2026-09-10 00:00:00,-28.0,-150.0,24.733212,-0.48925152
2026-09-10 00:00:00,-28.0,-148.0,24.790203,-0.4803429
2026-09-10 00:00:00,-28.0,-146.0,23.993658,-0.5050505
2026-09-10 00:00:00,-28.0,-144.0,24.465828,-0.53736037
2026-09-10 00:00:00,-28.0,-142.0,24.690172,-0.4448438
2026-09-10 00:00:00,-28.0,-140.0,24.909046,-0.51145977
2026-09-10 00:00:00,-28.0,-138.0,24.521004,-0.5026322
2026-09-10 00:00:00,-28.0,-136.0,24.266926,-0.56190735
2026-09-10 00:00:00,-28.0,-134.0,24.193483,-0.5606162
2026-09-10 00:00:00,-28.0,-132.0,25.338945,-0.51818234
2026-09-10 00:00:00,-28.0,-130.0,24.46866,-0.5733525
2026-09-10 00:00:00,-28.0,-128.0,24.826204,-0.4911438
2026-09-10 00:00:00,-28.0,-126.0,24.785383,-0.46536684
2026-09-10 00:00:00,-28.0,-124.0,24.594969,-0.49532354
2026-09-10 00:00:00,-28.0,-122.0,24.398127,-0.50156647
2026-09-10 00:00:00,-28.0,-120.0,24.234428,-0.48328927
2026-09-10 00:00:00,-28.0,-118.0,24.110207,-0.51102775
2026-09-10 00:00:00,-28.0,-116.0,24.604696,-0.43440014
2026-09-10 00:00:00,-28.0,-114.0,24.55979,-0.53275526
2026-09-10 00:00:00,-28.0,-112.0,24.573101,-0.45505235
2026-09-10 00:00:00,-28.0,-110.0,24.28968,-0.46838555
2026-09-10 00:00:00,-28.0,-108.0,24.445162,-0.37922758
2026-09-10 00:00:00,-28.0,-106.0,24.726158,-0.46020204
2026-09-10 00:00:00,-28.0,-104.0,24.472687,-0.38696268
2026-09-10 00:00:00,-28.0,-102.0,24.328903,-0.32944056
2026-09-10 00:00:00,-28.0,-100.0,24.465715,-0.3833545
2026-09-10 00:00:00,-28.0,-98.0,24.99705,-0.32521543
2026-09-10 00:00:00,-28.0,-96.0,24.453608,-0.3456524
2026-09-10 00:00:00,-28.0,-94.0,24.687582,-0.26516053
2026-09-10 00:00:00,-28.0,-92.0,24.581568,-0.28817576
2026-09-10 00:00:00,-28.0,-90.0,24.558071,-0.18792321
2026-09-10 00:00:00,-28.0,-88.0,24.89704,-0.19417016
2026-09-10 00:00:00,-28.0,-86.0,24.696447,-0.22476456
2026-09-10 00:00:00,-28.0,-84.0,24.669872,-0.15501201
2026-09-10 00:00:00,-28.0,-82.0,25.028635,-0.1622551
2026-09-10 00:00:00,-28.0,-80.0,24.565773,-0.0893235
2026-09-10 00:00:00,-28.0,-78.0,24.476048,-0.081440814
2026-09-10 00:00:00,-28.0,-76.0,24.656858,-0.09158711
2026-09-10 00:00:00,-28.0,-74.0,24.512403,-0.037174314
2026-09-10 00:00:00,-28.0,-72.0,24.608791,-0.016773298
2026-09-10 00:00:00,-28.0,-70.0,24.28556,0.02612252
2026-09-10 00:00:00,-28.0,-68.0,24.510197,0.010074644
2026-09-10 00:00:00,-28.0,-66.0,24.426281,0.00018502648
2026-09-10 00:00:00,-28.0,-64.0,24.523155,0.030543994
2026-09-10 00:00:00,-28.0,-62.0,24.462112,0.06203539
2026-09-10 00:00:00,-28.0,-60.0,24.51648,0.024526063
2026-09-10 00:00:00,-28.0,-58.0,24.221449,0.06866262
2026-09-10 00:00:00,-28.0,-56.0,24.380737,0.09488319
2026-09-10 00:00:00,-28.0,-54.0,24.622208,0.082700685
2026-09-10 00:00:00,-28.0,-52.0,24.612143,0.10725406
2026-09-10 00:00:00,-28.0,-50.0,24.2241,0.04968776
2026-09-10 00:00:00,-28.0,-48.0,24.265097,0.043383144
2026-09-10 00:00:00,-28.0,-46.0,24.43089,0.012212621
2026-09-10 00:00:00,-28.0,-44.0,24.249502,0.054942
2026-09-10 00:00:00,-28.0,-42.0,24.655344,0.095700234
2026-09-10 00:00:00,-28.0,-40.0,24.651968,0.03638993
2026-09-10 00:00:00,-28.0,-38.0,24.047009,0.058722492
2026-09-10 00:00:00,-28.0,-36.0,24.693218,0.03358618
2026-09-10 00:00:00,-28.0,-34.0,24.907408,0.024626272
2026-09-10 00:00:00,-28.0,-32.0,24.184887,-0.0073052538
2026-09-10 00:00:00,-28.0,-30.0,24.23084,0.02166461
2026-09-10 00:00:00,-28.0,-28.0,24.657,-0.027707819
2026-09-10 00:00:00,-28.0,-26.0,24.243895,0.03950752
2026-09-10 00:00:00,-28.0,-24.0,24.402403,-0.050649967
2026-09-10 00:00:00,-28.0,-22.0,24.577206,-0.02945802
2026-09-10 00:00:00,-28.0,-20.0,24.638891,-0.00554969
2026-09-10 00:00:00,-28.0,-18.0,24.678522,-0.05388668
2026-09-10 00:00:00,-28.0,-16.0,24.650892,-0.08182989
2026-09-10 00:00:00,-28.0,-14.0,24.27775,-0.101072624
2026-09-10 00:00:00,-28.0,-12.0,24.38629,-0.08110309
2026-09-10 00:00:00,-28.0,-10.0,25.181349,-0.03510934
2026-09-10 00:00:00,-28.0,-8.0,24.621744,-0.07953526
2026-09-10 00:00:00,-28.0,-6.0,24.303127,-0.11339503
2026-09-10 00:00:00,-28.0,-4.0,24.677732,-0.09235551
2026-09-10 00:00:00,-28.0,-2.0,24.74645,-0.057667438
2026-09-10 00:00:00,-28.0,0.0,24.35982,-0.07651624
2026-09-10 00:00:00,-28.0,2.0,24.465147,-0.086445145
2026-09-10 00:00:00,-28.0,4.0,24.60776,-0.07938887
2026-09-10 00:00:00,-28.0,6.0,24.624453,-0.04099685
2026-09-10 00:00:00,-28.0,8.0,24.51769,-0.08406266
2026-09-10 00:00:00,-28.0,10.0,24.614882,-0.02310809
2026-09-10 00:00:00,-28.0,12.0,24.721535,-0.050943144
2026-09-10 00:00:00,-28.0,14.0,24.131624,-0.08286342
2026-09-10 00:00:00,-28.0,16.0,24.809925,-0.058751106
2026-09-10 00:00:00,-28.0,18.0,24.746408,-0.07010782
2026-09-10 00:00:00,-28.0,20.0,24.76056,-0.03396842
2026-09-10 00:00:00,-28.0,22.0,24.742502,-0.03590782
2026-09-10 00:00:00,-28.0,24.0,24.56852,-0.02419077
2026-09-10 00:00:00,-28.0,26.0,24.471554,-0.019096138
2026-09-10 00:00:00,-28.0,28.0,24.670498,0.008288602
2026-09-10 00:00:00,-28.0,30.0,24.353458,-0.036309075
2026-09-10 00:00:00,-28.0,32.0,24.845995,0.11712538
2026-09-10 00:00:00,-28.0,34.0,24.901161,0.025741506
2026-09-10 00:00:00,-28.0,36.0,24.231049,0.064854965
2026-09-10 00:00:00,-28.0,38.0,24.547087,0.048500217
2026-09-10 00:00:00,-28.0,40.0,24.910536,0.048100214
2026-09-10 00:00:00,-28.0,42.0,24.516405,0.070951015
2026-09-10 00:00:00,-28.0,44.0,24.290882,0.05174435
2026-09-10 00:00:00,-28.0,46.0,24.112785,0.06835646
2026-09-10 00:00:00,-28.0,48.0,24.2233,0.079781145
2026-09-10 00:00:00,-28.0,50.0,24.405518,0.06654532
2026-09-10 00:00:00,-28.0,52.0,24.492996,0.09784378
2026-09-10 00:00:00,-28.0,54.0,24.334091,0.10765874
2026-09-10 00:00:00,-28.0,56.0,24.467045,0.040348224
2026-09-10 00:00:00,-28.0,58.0,24.963226,0.039804958
2026-09-10 00:00:00,-28.0,60.0,24.297363,0.06364569
2026-09-10 00:00:00,-28.0,62.0,24.134792,-0.02419724
2026-09-10 00:00:00,-28.0,64.0,25.034945,0.045416385
2026-09-10 00:00:00,-28.0,66.0,24.754503,0.01538799
2026-09-10 00:00:00,-28.0,68.0,24.410742,0.020081544
2026-09-10 00:00:00,-28.0,70.0,24.196726,-0.00035398512
2026-09-10 00:00:00,-28.0,72.0,24.17126,-0.015834656
2026-09-10 00:00:00,-28.0,74.0,24.599768,-0.0592577
2026-09-10 00:00:00,-28.0,76.0,24.756235,-0.069630586
2026-09-10 00:00:00,-28.0,78.0,24.81879,-0.037440017
2026-09-10 00:00:00,-28.0,80.0,24.941645,-0.07380463
2026-09-10 00:00:00,-28.0,82.0,24.348183,-0.11204005
2026-09-10 00:00:00,-28.0,84.0,24.46354,-0.17996204
2026-09-10 00:00:00,-28.0,86.0,24.359701,-0.15459459
2026-09-10 00:00:00,-28.0,88.0,24.393753,-0.14129761
2026-09-10 00:00:00,-28.0,90.0,24.680056,-0.20778067
2026-09-10 00:00:00,-28.0,92.0,24.84787,-0.24543706
2026-09-10 00:00:00,-28.0,94.0,24.664381,-0.26118293
2026-09-10 00:00:00,-28.0,96.0,24.165567,-0.28312638
2026-09-10 00:00:00,-28.0,98.0,24.254465,-0.29689354
2026-09-10 00:00:00,-28.0,100.0,24.481327,-0.35800573
2026-09-10 00:00:00,-28.0,102.0,24.256126,-0.35028154
2026-09-10 00:00:00,-28.0,104.0,24.622807,-0.35677826
2026-09-10 00:00:00,-28.0,106.0,24.296255,-0.40340608
2026-09-10 00:00:00,-28.0,108.0,24.346434,-0.4247356
2026-09-10 00:00:00,-28.0,110.0,24.731459,-0.4235626
2026-09-10 00:00:00,-28.0,112.0,24.930304,-0.4777479
2026-09-10 00:00:00,-28.0,114.0,24.462305,-0.42124748
2026-09-10 00:00:00,-28.0,116.0,24.550173,-0.4316705
2026-09-10 00:00:00,-28.0,118.0,24.752157,-0.5277089
2026-09-10 00:00:00,-28.0,120.0,24.479605,-0.49540207
2026-09-10 00:00:00,-28.0,122.0,24.502853,-0.4919318
2026-09-10 00:00:00,-28.0,124.0,24.150908,-0.5324111
2026-09-10 00:00:00,-28.0,126.0,24.049477,-0.46754444
2026-09-10 00:00:00,-28.0,128.0,24.107723,-0.4605336
2026-09-10 00:00:00,-28.0,130.0,24.508202,-0.53375435
2026-09-10 00:00:00,-28.0,132.0,24.503857,-0.4837428
2026-09-10 00:00:00,-28.0,134.0,24.692179,-0.52192736
2026-09-10 00:00:00,-28.0,136.0,24.510632,-0.48174497
2026-09-10 00:00:00,-28.0,138.0,24.260113,-0.5298678
2026-09-10 00:00:00,-28.0,140.0,24.909258,-0.5468702
2026-09-10 00:00:00,-28.0,142.0,24.76587,-0.43476155
2026-09-10 00:00:00,-28.0,144.0,24.233143,-0.4810133
2026-09-10 00:00:00,-28.0,146.0,24.577362,-0.4249836
2026-09-10 00:00:00,-28.0,148.0,24.316307,-0.48332027
2026-09-10 00:00:00,-28.0,150.0,24.700573,-0.507153
2026-09-10 00:00:00,-28.0,152.0,24.398598,-0.47074047
2026-09-10 00:00:00,-28.0,154.0,24.460379,-0.50036347
2026-09-10 00:00:00,-28.0,156.0,24.191608,-0.4941284
2026-09-10 00:00:00,-28.0,158.0,24.88906,-0.39705768
2026-09-10 00:00:00,-28.0,160.0,24.533415,-0.39417014
2026-09-10 00:00:00,-28.0,162.0,24.455662,-0.4022355
2026-09-10 00:00:00,-28.0,164.0,24.457766,-0.3475951
2026-09-10 00:00:00,-28.0,166.0,24.895582,-0.43607876
2026-09-10 00:00:00,-28.0,168.0,24.656895,-0.38824818
2026-09-10 00:00:00,-28.0,170.0,24.581802,-0.40214726
2026-09-10 00:00:00,-28.0,172.0,24.292381,-0.34358442
2026-09-10 00:00:00,-28.0,174.0,24.314463,-0.37963453
2026-09-10 00:00:00,-28.0,176.0,24.605888,-0.3275544
2026-09-10 00:00:00,-28.0,178.0,24.772335,-0.35056573
2026-09-10 00:00:00,-28.0,-180.0,24.44808,-0.34045509
2026-09-10 00:00:00,-26.0,-180.0,24.733192,-0.2923598
2026-09-10 00:00:00,-26.0,-178.0,25.001066,-0.36465287
2026-09-10 00:00:00,-26.0,-176.0,24.779922,-0.3480639
2026-09-10 00:00:00,-26.0,-174.0,25.18563,-0.3587738
2026-09-10 00:00:00,-26.0,-172.0,25.199657,-0.3849501
2026-09-10 00:00:00,-26.0,-170.0,24.949665,-0.3906991
2026-09-10 00:00:00,-26.0,-168.0,24.972507,-0.3254639
2026-09-10 00:00:00,-26.0,-166.0,24.668121,-0.40043235
2026-09-10 00:00:00,-26.0,-164.0,24.706642,-0.42252982
2026-09-10 00:00:00,-26.0,-162.0,24.939528,-0.35274053
2026-09-10 00:00:00,-26.0,-160.0,24.828285,-0.36806068
2026-09-10 00:00:00,-26.0,-158.0,25.326782,-0.43794262
2026-09-10 00:00:00,-26.0,-156.0,24.869776,-0.39130247
2026-09-10 00:00:00,-26.0,-154.0,24.88983,-0.4414491
2026-09-10 00:00:00,-26.0,-152.0,24.734035,-0.44965324
2026-09-10 00:00:00,-26.0,-150.0,24.700804,-0.44978818
2026-09-10 00:00:00,-26.0,-148.0,25.380264,-0.46506247
2026-09-10 00:00:00,-26.0,-146.0,25.33543,-0.47579738
2026-09-10 00:00:00,-26.0,-144.0,24.754972,-0.48985085
2026-09-10 00:00:00,-26.0,-142.0,25.299173,-0.49182555
2026-09-10 00:00:00,-26.0,-140.0,25.273993,-0.49264234
2026-09-10 00:00:00,-26.0,-138.0,24.623749,-0.4823903
2026-09-10 00:00:00,-26.0,-136.0,24.872335,-0.47333017
2026-09-10 00:00:00,-26.0,-134.0,24.65842,-0.5050019
2026-09-10 00:00:00,-26.0,-132.0,24.991812,-0.46972814
2026-09-10 00:00:00,-26.0,-130.0,24.875078,-0.48168015
2026-09-10 00:00:00,-26.0,-128.0,25.294422,-0.543063
2026-09-10 00:00:00,-26.0,-126.0,24.836248,-0.50389636
2026-09-10 00:00:00,-26.0,-124.0,24.942596,-0.49418902
2026-09-10 00:00:00,-26.0,-122.0,24.99433,-0.5427258
2026-09-10 00:00:00,-26.0,-120.0,25.162642,-0.48694175
2026-09-10 00:00:00,-26.0,-118.0,24.848846,-0.49180073
2026-09-10 00:00:00,-26.0,-116.0,25.357792,-0.45423263
2026-09-10 00:00:00,-26.0,-114.0,25.45891,-0.51281023
2026-09-10 00:00:00,-26.0,-112.0,24.490269,-0.44926506
2026-09-10 00:00:00,-26.0,-110.0,25.12037,-0.391676
2026-09-10 00:00:00,-26.0,-108.0,24.922058,-0.40543845
2026-09-10 00:00:00,-26.0,-106.0,25.711554,-0.37585607
2026-09-10 00:00:00,-26.0,-104.0,24.974533,-0.33699855
2026-09-10 00:00:00,-26.0,-102.0,24.917112,-0.3243325
2026-09-10 00:00:00,-26.0,-100.0,24.902441,-0.2944288
2026-09-10 00:00:00,-26.0,-98.0,24.972866,-0.34706974
2026-09-10 00:00:00,-26.0,-96.0,25.754171,-0.28142947
2026-09-10 00:00:00,-26.0,-94.0,24.866713,-0.24399276
2026-09-10 00:00:00,-26.0,-92.0,25.097641,-0.2539333
2026-09-10 00:00:00,-26.0,-90.0,24.716528,-0.21209697
2026-09-10 00:00:00,-26.0,-88.0,25.36178,-0.12164003
2026-09-10 00:00:00,-26.0,-86.0,25.121475,-0.13838813
2026-09-10 00:00:00,-26.0,-84.0,25.192791,-0.11932422
2026-09-10 00:00:00,-26.0,-82.0,24.68816,-0.13400969
2026-09-10 00:00:00,-26.0,-80.0,24.759134,-0.084910676
2026-09-10 00:00:00,-26.0,-78.0,25.130423,-0.07330011
2026-09-10 00:00:00,-26.0,-76.0,24.83324,-0.07224337
2026-09-10 00:00:00,-26.0,-74.0,25.392178,-0.030121448
2026-09-10 00:00:00,-26.0,-72.0,25.064167,-0.01991906
2026-09-10 00:00:00,-26.0,-70.0,25.013416,0.015194106
2026-09-10 00:00:00,-26.0,-68.0,25.011688,0.010333661
2026-09-10 00:00:00,-26.0,-66.0,25.098795,0.06949136
2026-09-10 00:00:00,-26.0,-64.0,25.241962,0.067078866
2026-09-10 00:00:00,-26.0,-62.0,24.644512,0.065592974
2026-09-10 00:00:00,-26.0,-60.0,25.02567,0.108271666
2026-09-10 00:00:00,-26.0,-58.0,25.103771,0.12248352
2026-09-10 00:00:00,-26.0,-56.0,24.682537,0.1637615
2026-09-10 00:00:00,-26.0,-54.0,25.059643,0.070907645
2026-09-10 00:00:00,-26.0,-52.0,24.420462,0.16980805
2026-09-10 00:00:00,-26.0,-50.0,24.967264,0.12469425
2026-09-10 00:00:00,-26.0,-48.0,25.095873,0.104402885
2026-09-10 00:00:00,-26.0,-46.0,24.919315,0.051614054
2026-09-10 00:00:00,-26.0,-44.0,25.031149,0.08476716
2026-09-10 00:00:00,-26.0,-42.0,25.267128,0.066038854
2026-09-10 00:00:00,-26.0,-40.0,25.124624,0.04289534
2026-09-10 00:00:00,-26.0,-38.0,25.221607,0.057803165
2026-09-10 00:00:00,-26.0,-36.0,24.816484,0.11205165
2026-09-10 00:00:00,-26.0,-34.0,25.230284,0.091254614
2026-09-10 00:00:00,-26.0,-32.0,25.121996,0.07826474
2026-09-10 00:00:00,-26.0,-30.0,24.554363,0.018213317
2026-09-10 00:00:00,-26.0,-28.0,25.465614,0.018976346
2026-09-10 00:00:00,-26.0,-26.0,25.214178,-0.039912123
2026-09-10 00:00:00,-26.0,-24.0,25.125408,-0.016099613
2026-09-10 00:00:00,-26.0,-22.0,25.071981,-0.028653635
2026-09-10 00:00:00,-26.0,-20.0,25.466394,-0.024358878
2026-09-10 00:00:00,-26.0,-18.0,24.824541,-0.0822079
2026-09-10 00:00:00,-26.0,-16.0,24.996521,-0.008951537
2026-09-10 00:00:00,-26.0,-14.0,25.183825,-0.09733952
2026-09-10 00:00:00,-26.0,-12.0,25.329102,0.007134819
2026-09-10 00:00:00,-26.0,-10.0,24.918676,-0.06978868
2026-09-10 00:00:00,-26.0,-8.0,25.055298,-0.11591955
2026-09-10 00:00:00,-26.0,-6.0,25.442198,-0.064791836
2026-09-10 00:00:00,-26.0,-4.0,25.428694,-0.040618084
2026-09-10 00:00:00,-26.0,-2.0,25.230774,-0.090635
2026-09-10 00:00:00,-26.0,0.0,24.834736,-0.06376667
2026-09-10 00:00:00,-26.0,2.0,25.170061,-0.049836088
2026-09-10 00:00:00,-26.0,4.0,24.915722,-0.10669418
2026-09-10 00:00:00,-26.0,6.0,25.075512,-0.0505513
2026-09-10 00:00:00,-26.0,8.0,24.826519,-0.04223901
2026-09-10 00:00:00,-26.0,10.0,24.870445,-0.016199747
2026-09-10 00:00:00,-26.0,12.0,25.074245,-0.07993912
2026-09-10 00:00:00,-26.0,14.0,24.515675,-0.071024194
2026-09-10 00:00:00,-26.0,16.0,24.957888,-0.04659231
2026-09-10 00:00:00,-26.0,18.0,24.828815,-0.056288783
2026-09-10 00:00:00,-26.0,20.0,24.950802,-0.01590636
2026-09-10 00:00:00,-26.0,22.0,25.046902,0.032274343
2026-09-10 00:00:00,-26.0,24.0,24.90988,0.002826641
2026-09-10 00:00:00,-26.0,26.0,24.637959,-0.019454917
2026-09-10 00:00:00,-26.0,28.0,24.799526,0.011758779
2026-09-10 00:00:00,-26.0,30.0,24.690699,0.06251567
2026-09-10 00:00:00,-26.0,32.0,24.965166,0.09288911
2026-09-10 00:00:00,-26.0,34.0,25.242952,0.008723773
2026-09-10 00:00:00,-26.0,36.0,25.187653,0.09228872
2026-09-10 00:00:00,-26.0,38.0,25.167377,0.05805373
2026-09-10 00:00:00,-26.0,40.0,25.039806,0.081607394
2026-09-10 00:00:00,-26.0,42.0,25.02096,0.15559845
2026-09-10 00:00:00,-26.0,44.0,25.034613,0.07812191
2026-09-10 00:00:00,-26.0,46.0,25.114983,0.12197435
2026-09-10 00:00:00,-26.0,48.0,24.895025,0.103603154
2026-09-10 00:00:00,-26.0,50.0,25.105309,0.059562232
2026-09-10 00:00:00,-26.0,52.0,25.395271,0.12733434
2026-09-10 00:00:00,-26.0,54.0,25.005898,0.11517109
2026-09-10 00:00:00,-26.0,56.0,24.548372,0.06870453
2026-09-10 00:00:00,-26.0,58.0,24.956835,0.10774433
2026-09-10 00:00:00,-26.0,60.0,25.048239,0.1035214
2026-09-10 00:00:00,-26.0,62.0,24.843271,0.090860285
2026-09-10 00:00:00,-26.0,64.0,25.140133,0.028493298
2026-09-10 00:00:00,-26.0,66.0,25.35667,0.054171238
2026-09-10 00:00:00,-26.0,68.0,24.896763,0.01781301
2026-09-10 00:00:00,-26.0,70.0,25.158125,0.025142388
2026-09-10 00:00:00,-26.0,72.0,25.063452,0.035415653
2026-09-10 00:00:00,-26.0,74.0,25.174763,-0.012491159
2026-09-10 00:00:00,-26.0,76.0,24.566006,-0.07126363
2026-09-10 00:00:00,-26.0,78.0,24.61613,-0.12038442
2026-09-10 00:00:00,-26.0,80.0,24.529459,-0.0975085
2026-09-10 00:00:00,-26.0,82.0,25.156902,-0.0783939
2026-09-10 00:00:00,-26.0,84.0,25.103966,-0.1579492
2026-09-10 00:00:00,-26.0,86.0,24.837091,-0.10489825
2026-09-10 00:00:00,-26.0,88.0,25.196613,-0.20555855
2026-09-10 00:00:00,-26.0,90.0,25.233288,-0.2412645
2026-09-10 00:00:00,-26.0,92.0,25.22122,-0.17798059
2026-09-10 00:00:00,-26.0,94.0,24.760952,-0.30748174
2026-09-10 00:00:00,-26.0,96.0,24.835339,-0.22282915
2026-09-10 00:00:00,-26.0,98.0,24.923796,-0.30364934
2026-09-10 00:00:00,-26.0,100.0,25.054266,-0.32311463
2026-09-10 00:00:00,-26.0,102.0,24.83732,-0.35357264
2026-09-10 00:00:00,-26.0,104.0,24.940096,-0.37781745
2026-09-10 00:00:00,-26.0,106.0,25.092712,-0.4385192
2026-09-10 00:00:00,-26.0,108.0,25.038168,-0.4376463
2026-09-10 00:00:00,-26.0,110.0,25.158268,-0.41761816
2026-09-10 00:00:00,-26.0,112.0,25.050402,-0.45506617
2026-09-10 00:00:00,-26.0,114.0,24.602114,-0.4831248
2026-09-10 00:00:00,-26.0,116.0,24.857567,-0.49763528
2026-09-10 00:00:00,-26.0,118.0,24.265877,-0.51756173
2026-09-10 00:00:00,-26.0,120.0,24.648088,-0.48512372
2026-09-10 00:00:00,-26.0,122.0,25.16464,-0.541401
2026-09-10 00:00:00,-26.0,124.0,24.869837,-0.5203201
2026-09-10 00:00:00,-26.0,126.0,24.964106,-0.5094276
2026-09-10 00:00:00,-26.0,128.0,24.685404,-0.51051563
2026-09-10 00:00:00,-26.0,130.0,24.784817,-0.57057196
2026-09-10 00:00:00,-26.0,132.0,24.644726,-0.5111438
2026-09-10 00:00:00,-26.0,134.0,25.466707,-0.5716882
2026-09-10 00:00:00,-26.0,136.0,24.933449,-0.50004005
2026-09-10 00:00:00,-26.0,138.0,25.198486,-0.50891393
2026-09-10 00:00:00,-26.0,140.0,25.222149,-0.4655561
2026-09-10 00:00:00,-26.0,142.0,25.096094,-0.51249003
2026-09-10 00:00:00,-26.0,144.0,25.200533,-0.46031997
2026-09-10 00:00:00,-26.0,146.0,24.992409,-0.44978297
2026-09-10 00:00:00,-26.0,148.0,25.312782,-0.4853974
2026-09-10 00:00:00,-26.0,150.0,25.668642,-0.45629996
2026-09-10 00:00:00,-26.0,152.0,25.165815,-0.51270646
2026-09-10 00:00:00,-26.0,154.0,25.007832,-0.4224746
2026-09-10 00:00:00,-26.0,156.0,24.507387,-0.36779234
2026-09-10 00:00:00,-26.0,158.0,24.951883,-0.4240241
2026-09-10 00:00:00,-26.0,160.0,25.16453,-0.4004437
2026-09-10 00:00:00,-26.0,162.0,25.087564,-0.3782618
2026-09-10 00:00:00,-26.0,164.0,25.473547,-0.34857112
2026-09-10 00:00:00,-26.0,166.0,24.68055,-0.33136532
2026-09-10 00:00:00,-26.0,168.0,25.008018,-0.34456304
2026-09-10 00:00:00,-26.0,170.0,25.271431,-0.30968755
2026-09-10 00:00:00,-26.0,172.0,24.9229,-0.35426834
2026-09-10 00:00:00,-26.0,174.0,24.996006,-0.33936226
2026-09-10 00:00:00,-26.0,176.0,25.172867,-0.33325416
2026-09-10 00:00:00,-26.0,178.0,25.190866,-0.3441845
2026-09-10 00:00:00,-26.0,-180.0,25.185667,-0.33786127
2026-09-10 00:00:00,-24.0,-180.0,25.495861,-0.37359747
2026-09-10 00:00:00,-24.0,-178.0,25.272211,-0.3407935
2026-09-10 00:00:00,-24.0,-176.0,25.860174,-0.37167162
2026-09-10 00:00:00,-24.0,-174.0,25.447962,-0.3407282
2026-09-10 00:00:00,-24.0,-172.0,25.300488,-0.33021706
2026-09-10 00:00:00,-24.0,-170.0,25.276127,-0.33824807
2026-09-10 00:00:00,-24.0,-168.0,25.703115,-0.32491025
2026-09-10 00:00:00,-24.0,-166.0,25.638834,-0.3384509
2026-09-10 00:00:00,-24.0,-164.0,25.330824,-0.3470933
2026-09-10 00:00:00,-24.0,-162.0,25.384928,-0.39600402
2026-09-10 00:00:00,-24.0,-160.0,25.600658,-0.39500272
2026-09-10 00:00:00,-24.0,-158.0,25.313396,-0.38195887
2026-09-10 00:00:00,-24.0,-156.0,25.145437,-0.3937739
2026-09-10 00:00:00,-24.0,-154.0,25.40035,-0.3800085
2026-09-10 00:00:00,-24.0,-152.0,25.327427,-0.45424744
2026-09-10 00:00:00,-24.0,-150.0,25.140795,-0.39640635
2026-09-10 00:00:00,-24.0,-148.0,25.66992,-0.46594784
2026-09-10 00:00:00,-24.0,-146.0,25.758457,-0.44268188
2026-09-10 00:00:00,-24.0,-144.0,25.424902,-0.5269205
2026-09-10 00:00:00,-24.0,-142.0,25.405964,-0.448169
2026-09-10 00:00:00,-24.0,-140.0,25.504288,-0.50724626
2026-09-10 00:00:00,-24.0,-138.0,25.56635,-0.52666223
2026-09-10 00:00:00,-24.0,-136.0,25.48636,-0.4885783
2026-09-10 00:00:00,-24.0,-134.0,25.73892,-0.44474474
2026-09-10 00:00:00,-24.0,-132.0,25.377922,-0.4359965
2026-09-10 00:00:00,-24.0,-130.0,25.642487,-0.50258356
2026-09-10 00:00:00,-24.0,-128.0,25.417664,-0.50173026
2026-09-10 00:00:00,-24.0,-126.0,25.154951,-0.49369758
2026-09-10 00:00:00,-24.0,-124.0,25.458027,-0.5239966
2026-09-10 00:00:00,-24.0,-122.0,25.677408,-0.49830043
2026-09-10 00:00:00,-24.0,-120.0,25.72035,-0.48113203
2026-09-10 00:00:00,-24.0,-118.0,25.278494,-0.43163323
2026-09-10 00:00:00,-24.0,-116.0,25.673239,-0.46465227
2026-09-10 00:00:00,-24.0,-114.0,25.327185,-0.4237191
2026-09-10 00:00:00,-24.0,-112.0,25.469831,-0.43848544
2026-09-10 00:00:00,-24.0,-110.0,25.330212,-0.4069129
2026-09-10 00:00:00,-24.0,-108.0,25.636381,-0.4225968
2026-09-10 00:00:00,-24.0,-106.0,25.317822,-0.3726224
2026-09-10 00:00:00,-24.0,-104.0,25.278849,-0.37772483
2026-09-10 00:00:00,-24.0,-102.0,25.344526,-0.4026285
2026-09-10 00:00:00,-24.0,-100.0,25.387363,-0.30031687
2026-09-10 00:00:00,-24.0,-98.0,25.621248,-0.3445719
2026-09-10 00:00:00,-24.0,-96.0,25.54344,-0.2874634
2026-09-10 00:00:00,-24.0,-94.0,25.518244,-0.22296388
2026-09-10 00:00:00,-24.0,-92.0,25.696901,-0.24036247
2026-09-10 00:00:00,-24.0,-90.0,24.856222,-0.19684178
2026-09-10 00:00:00,-24.0,-88.0,24.78549,-0.21727861
2026-09-10 00:00:00,-24.0,-86.0,25.635263,-0.10621078
2026-09-10 00:00:00,-24.0,-84.0,24.843487,-0.100589484
2026-09-10 00:00:00,-24.0,-82.0,25.693544,-0.09285125
2026-09-10 00:00:00,-24.0,-80.0,25.422205,-0.0781586
2026-09-10 00:00:00,-24.0,-78.0,25.655487,-0.051337637
2026-09-10 00:00:00,-24.0,-76.0,25.364569,-0.029590508
2026-09-10 00:00:00,-24.0,-74.0,24.933617,-0.022176966
2026-09-10 00:00:00,-24.0,-72.0,24.665499,0.01271759
2026-09-10 00:00:00,-24.0,-70.0,25.5889,-0.003811929
2026-09-10 00:00:00,-24.0,-68.0,25.510529,0.0630446
2026-09-10 00:00:00,-24.0,-66.0,25.348896,0.04355607
2026-09-10 00:00:00,-24.0,-64.0,25.48533,0.025606226
2026-09-10 00:00:00,-24.0,-62.0,25.256802,0.08549458
2026-09-10 00:00:00,-24.0,-60.0,25.250347,0.080869384
2026-09-10 00:00:00,-24.0,-58.0,24.914682,0.03632826
2026-09-10 00:00:00,-24.0,-56.0,25.6114,0.12907425
2026-09-10 00:00:00,-24.0,-54.0,25.095524,0.1427458
2026-09-10 00:00:00,-24.0,-52.0,24.97182,0.10422763
2026-09-10 00:00:00,-24.0,-50.0,25.486988,0.14959462
2026-09-10 00:00:00,-24.0,-48.0,25.830679,0.14482439
2026-09-10 00:00:00,-24.0,-46.0,25.174612,0.09626116
2026-09-10 00:00:00,-24.0,-44.0,25.504765,0.08215425
2026-09-10 00:00:00,-24.0,-42.0,25.448984,0.117328875
2026-09-10 00:00:00,-24.0,-40.0,25.506172,0.12217569
2026-09-10 00:00:00,-24.0,-38.0,25.41408,0.106068626
2026-09-10 00:00:00,-24.0,-36.0,25.057919,0.09144737
2026-09-10 00:00:00,-24.0,-34.0,25.350397,0.1327202
2026-09-10 00:00:00,-24.0,-32.0,25.256355,0.1166982
2026-09-10 00:00:00,-24.0,-30.0,25.793177,0.06080609
2026-09-10 00:00:00,-24.0,-28.0,24.960918,0.0088575445
2026-09-10 00:00:00,-24.0,-26.0,25.985882,0.059326526
2026-09-10 00:00:00,-24.0,-24.0,25.513582,0.001735752
2026-09-10 00:00:00,-24.0,-22.0,25.557602,0.03725533
2026-09-10 00:00:00,-24.0,-20.0,25.410915,-0.024326405
2026-09-10 00:00:00,-24.0,-18.0,25.593166,-0.03256061
2026-09-10 00:00:00,-24.0,-16.0,25.440865,-0.067636184
2026-09-10 00:00:00,-24.0,-14.0,25.005037,-0.029419057
2026-09-10 00:00:00,-24.0,-12.0,25.574003,-0.09609478
2026-09-10 00:00:00,-24.0,-10.0,25.414597,-0.08234392
2026-09-10 00:00:00,-24.0,-8.0,25.426495,-0.055228904
2026-09-10 00:00:00,-24.0,-6.0,25.529615,-0.058502916
2026-09-10 00:00:00,-24.0,-4.0,25.220402,-0.01960462
2026-09-10 00:00:00,-24.0,-2.0,25.22434,-0.056204315
2026-09-10 00:00:00,-24.0,0.0,25.044102,-0.06184413
2026-09-10 00:00:00,-24.0,2.0,25.32838,-0.03867919
2026-09-10 00:00:00,-24.0,4.0,25.232227,-0.07671873
2026-09-10 00:00:00,-24.0,6.0,25.581144,-0.11048936
2026-09-10 00:00:00,-24.0,8.0,25.298382,-0.10379353
2026-09-10 00:00:00,-24.0,10.0,25.318943,-0.08172042
2026-09-10 00:00:00,-24.0,12.0,25.514103,-0.121257335
2026-09-10 00:00:00,-24.0,14.0,25.729351,-0.10149674
2026-09-10 00:00:00,-24.0,16.0,25.578413,-0.027233252
2026-09-10 00:00:00,-24.0,18.0,25.442053,0.0069851303
2026-09-10 00:00:00,-24.0,20.0,25.444063,-0.02564606
2026-09-10 00:00:00,-24.0,22.0,25.371485,0.028440552
2026-09-10 00:00:00,-24.0,24.0,25.394007,0.016119367
2026-09-10 00:00:00,-24.0,26.0,25.244333,0.017133221
2026-09-10 00:00:00,-24.0,28.0,25.387,0.024478028
2026-09-10 00:00:00,-24.0,30.0,25.757042,0.05716797
2026-09-10 00:00:00,-24.0,32.0,25.3232,0.041164648
2026-09-10 00:00:00,-24.0,34.0,26.220142,0.041240353
2026-09-10 00:00:00,-24.0,36.0,25.690884,0.13068904
2026-09-10 00:00:00,-24.0,38.0,25.64343,0.04843099
2026-09-10 00:00:00,-24.0,40.0,25.135088,0.11727392
2026-09-10 00:00:00,-24.0,42.0,25.621016,0.11281251
2026-09-10 00:00:00,-24.0,44.0,25.641071,0.08827238
2026-09-10 00:00:00,-24.0,46.0,25.113176,0.14203481
2026-09-10 00:00:00,-24.0,48.0,25.347607,0.11404783
2026-09-10 00:00:00,-24.0,50.0,25.46781,0.078422606
2026-09-10 00:00:00,-24.0,52.0,25.705734,0.12062606
2026-09-10 00:00:00,-24.0,54.0,25.538324,0.11102945
2026-09-10 00:00:00,-24.0,56.0,25.735247,0.10863429
2026-09-10 00:00:00,-24.0,58.0,25.329885,0.08894513
2026-09-10 00:00:00,-24.0,60.0,25.500793,0.11089823
2026-09-10 00:00:00,-24.0,62.0,25.255175,0.10614769
2026-09-10 00:00:00,-24.0,64.0,25.122581,0.016231587
2026-09-10 00:00:00,-24.0,66.0,25.388977,0.0530317
2026-09-10 00:00:00,-24.0,68.0,25.552288,0.0062374403
2026-09-10 00:00:00,-24.0,70.0,25.789608,0.017312435
2026-09-10 00:00:00,-24.0,72.0,25.63912,-0.018745888
2026-09-10 00:00:00,-24.0,74.0,25.57042,0.048509385
2026-09-10 00:00:00,-24.0,76.0,25.223442,-0.09205537
2026-09-10 00:00:00,-24.0,78.0,25.255394,-0.010934544
2026-09-10 00:00:00,-24.0,80.0,25.949486,-0.10046733
2026-09-10 00:00:00,-24.0,82.0,25.323856,-0.058876112
2026-09-10 00:00:00,-24.0,84.0,25.33762,-0.14165702
2026-09-10 00:00:00,-24.0,86.0,25.576334,-0.16149428
2026-09-10 00:00:00,-24.0,88.0,25.684622,-0.15587863
2026-09-10 00:00:00,-24.0,90.0,25.681515,-0.16284034
2026-09-10 00:00:00,-24.0,92.0,25.114342,-0.27621692
2026-09-10 00:00:00,-24.0,94.0,25.723074,-0.26498398
2026-09-10 00:00:00,-24.0,96.0,25.533258,-0.22922951
2026-09-10 00:00:00,-24.0,98.0,25.445406,-0.319181
2026-09-10 00:00:00,-24.0,100.0,25.958141,-0.34285432
2026-09-10 00:00:00,-24.0,102.0,25.304993,-0.34562823
2026-09-10 00:00:00,-24.0,104.0,25.516283,-0.35817558
2026-09-10 00:00:00,-24.0,106.0,25.228987,-0.3913157
2026-09-10 00:00:00,-24.0,108.0,25.144379,-0.4094855
2026-09-10 00:00:00,-24.0,110.0,25.01324,-0.43531007
2026-09-10 00:00:00,-24.0,112.0,25.113703,-0.4618979
2026-09-10 00:00:00,-24.0,114.0,24.965763,-0.45128298
2026-09-10 00:00:00,-24.0,116.0,24.915958,-0.50179183
2026-09-10 00:00:00,-24.0,118.0,25.091686,-0.46253234
2026-09-10 00:00:00,-24.0,120.0,24.895168,-0.47393852
2026-09-10 00:00:00,-24.0,122.0,25.106812,-0.54433286
2026-09-10 00:00:00,-24.0,124.0,25.284214,-0.54770744
2026-09-10 00:00:00,-24.0,126.0,25.515547,-0.5290074
2026-09-10 00:00:00,-24.0,128.0,25.509295,-0.50996107
2026-09-10 00:00:00,-24.0,130.0,25.21509,-0.48570305
2026-09-10 00:00:00,-24.0,132.0,24.926794,-0.5105157
2026-09-10 00:00:00,-24.0,134.0,25.024422,-0.50333977
2026-09-10 00:00:00,-24.0,136.0,24.969309,-0.52347416
2026-09-10 00:00:00,-24.0,138.0,24.970455,-0.5144201
2026-09-10 00:00:00,-24.0,140.0,25.007572,-0.52082795
2026-09-10 00:00:00,-24.0,142.0,25.040342,-0.47095272
2026-09-10 00:00:00,-24.0,144.0,25.471598,-0.4854578
2026-09-10 00:00:00,-24.0,146.0,25.079266,-0.46318305
2026-09-10 00:00:00,-24.0,148.0,25.535255,-0.4277086
2026-09-10 00:00:00,-24.0,150.0,25.743343,-0.41620365
2026-09-10 00:00:00,-24.0,152.0,25.89105,-0.4758627
2026-09-10 00:00:00,-24.0,154.0,25.515825,-0.42575592
2026-09-10 00:00:00,-24.0,156.0,25.46375,-0.3878794
2026-09-10 00:00:00,-24.0,158.0,25.593664,-0.39657336
2026-09-10 00:00:00,-24.0,160.0,25.160292,-0.39358374
2026-09-10 00:00:00,-24.0,162.0,25.565186,-0.3340979
2026-09-10 00:00:00,-24.0,164.0,25.22086,-0.36413997
2026-09-10 00:00:00,-24.0,166.0,25.399183,-0.35667157
2026-09-10 00:00:00,-24.0,168.0,25.097284,-0.33152822
2026-09-10 00:00:00,-24.0,170.0,25.081167,-0.30821642
2026-09-10 00:00:00,-24.0,172.0,25.256643,-0.3079166
2026-09-10 00:00:00,-24.0,174.0,25.515865,-0.29344368
2026-09-10 00:00:00,-24.0,176.0,25.491123,-0.33839884
2026-09-10 00:00:00,-24.0,178.0,25.52592,-0.3755275
2026-09-10 00:00:00,-24.0,-180.0,25.144611,-0.35745746
2026-09-10 00:00:00,-22.0,-180.0,25.923357,-0.33817953
2026-09-10 00:00:00,-22.0,-178.0,25.795145,-0.25042936
2026-09-10 00:00:00,-22.0,-176.0,25.631086,-0.30307904
2026-09-10 00:00:00,-22.0,-174.0,25.61804,-0.31264377
2026-09-10 00:00:00,-22.0,-172.0,25.936724,-0.32871887
2026-09-10 00:00:00,-22.0,-170.0,26.118572,-0.30793592
2026-09-10 00:00:00,-22.0,-168.0,26.07732,-0.29492566
2026-09-10 00:00:00,-22.0,-166.0,25.911829,-0.34824798
2026-09-10 00:00:00,-22.0,-164.0,26.038519,-0.38008994
2026-09-10 00:00:00,-22.0,-162.0,25.88163,-0.36125082
2026-09-10 00:00:00,-22.0,-160.0,25.686596,-0.36577326
2026-09-10 00:00:00,-22.0,-158.0,26.319838,-0.3859916
2026-09-10 00:00:00,-22.0,-156.0,25.362473,-0.39455047
2026-09-10 00:00:00,-22.0,-154.0,26.166452,-0.36566022
2026-09-10 00:00:00,-22.0,-152.0,25.807076,-0.39016864
2026-09-10 00:00:00,-22.0,-150.0,26.278069,-0.4135169
2026-09-10 00:00:00,-22.0,-148.0,25.431938,-0.4145134
2026-09-10 00:00:00,-22.0,-146.0,26.064447,-0.458485
2026-09-10 00:00:00,-22.0,-144.0,25.92695,-0.4951902
2026-09-10 00:00:00,-22.0,-142.0,26.536572,-0.48824474
2026-09-10 00:00:00,-22.0,-140.0,25.96656,-0.46402556
2026-09-10 00:00:00,-22.0,-138.0,26.238634,-0.4675132
2026-09-10 00:00:00,-22.0,-136.0,26.130873,-0.4796381
2026-09-10 00:00:00,-22.0,-134.0,25.475079,-0.512747
2026-09-10 00:00:00,-22.0,-132.0,25.823725,-0.45448428
2026-09-10 00:00:00,-22.0,-130.0,25.77151,-0.44527045
2026-09-10 00:00:00,-22.0,-128.0,25.874279,-0.501818
2026-09-10 00:00:00,-22.0,-126.0,26.329865,-0.47875848
2026-09-10 00:00:00,-22.0,-124.0,26.061182,-0.46643093
2026-09-10 00:00:00,-22.0,-122.0,25.918165,-0.4432146
2026-09-10 00:00:00,-22.0,-120.0,25.62731,-0.50899875
2026-09-10 00:00:00,-22.0,-118.0,25.676842,-0.43054873
2026-09-10 00:00:00,-22.0,-116.0,25.792307,-0.41792175
2026-09-10 00:00:00,-22.0,-114.0,25.73612,-0.4195293
2026-09-10 00:00:00,-22.0,-112.0,26.195063,-0.43216908
2026-09-10 00:00:00,-22.0,-110.0,26.04935,-0.39122465
2026-09-10 00:00:00,-22.0,-108.0,26.241692,-0.4383985
2026-09-10 00:00:00,-22.0,-106.0,26.027046,-0.3792338
2026-09-10 00:00:00,-22.0,-104.0,25.698593,-0.38267747
2026-09-10 00:00:00,-22.0,-102.0,25.9206,-0.31552148
2026-09-10 00:00:00,-22.0,-100.0,25.704441,-0.31273296
2026-09-10 00:00:00,-22.0,-98.0,25.987818,-0.30984387
2026-09-10 00:00:00,-22.0,-96.0,26.004784,-0.26672214
2026-09-10 00:00:00,-22.0,-94.0,26.138897,-0.18515918
2026-09-10 00:00:00,-22.0,-92.0,25.62375,-0.19713622
2026-09-10 00:00:00,-22.0,-90.0,26.03572,-0.23596023
2026-09-10 00:00:00,-22.0,-88.0,26.067991,-0.16882703
2026-09-10 00:00:00,-22.0,-86.0,26.141752,-0.16647261
2026-09-10 00:00:00,-22.0,-84.0,26.170876,-0.112590976
2026-09-10 00:00:00,-22.0,-82.0,25.999517,-0.07262286
2026-09-10 00:00:00,-22.0,-80.0,25.71652,-0.054230623
2026-09-10 00:00:00,-22.0,-78.0,25.957678,-0.029867286
2026-09-10 00:00:00,-22.0,-76.0,25.451273,-0.015968923
2026-09-10 00:00:00,-22.0,-74.0,26.185694,0.026702683
2026-09-10 00:00:00,-22.0,-72.0,25.785557,0.051912993
2026-09-10 00:00:00,-22.0,-70.0,25.92698,-0.00261064
2026-09-10 00:00:00,-22.0,-68.0,26.021286,0.078987926
2026-09-10 00:00:00,-22.0,-66.0,25.87431,0.09735998
2026-09-10 00:00:00,-22.0,-64.0,25.677227,0.0592657
2026-09-10 00:00:00,-22.0,-62.0,25.917715,0.038930263
2026-09-10 00:00:00,-22.0,-60.0,25.70121,0.04055047
2026-09-10 00:00:00,-22.0,-58.0,25.847382,0.15631853
2026-09-10 00:00:00,-22.0,-56.0,26.041399,0.12635879
2026-09-10 00:00:00,-22.0,-54.0,25.88639,0.1705979
2026-09-10 00:00:00,-22.0,-52.0,25.44892,0.13877878
2026-09-10 00:00:00,-22.0,-50.0,26.012804,0.13197182
2026-09-10 00:00:00,-22.0,-48.0,25.643036,0.14790958
2026-09-10 00:00:00,-22.0,-46.0,25.73858,0.10374847
2026-09-10 00:00:00,-22.0,-44.0,26.161137,0.112446986
2026-09-10 00:00:00,-22.0,-42.0,25.840355,0.09148168
2026-09-10 00:00:00,-22.0,-40.0,26.176098,0.102701195
2026-09-10 00:00:00,-22.0,-38.0,25.836983,0.086931735
2026-09-10 00:00:00,-22.0,-36.0,25.856712,0.1028657
2026-09-10 00:00:00,-22.0,-34.0,26.526325,0.09752828
2026-09-10 00:00:00,-22.0,-32.0,25.73465,0.10814843
2026-09-10 00:00:00,-22.0,-30.0,26.203108,0.08090816
2026-09-10 00:00:00,-22.0,-28.0,25.580303,0.095537335
2026-09-10 00:00:00,-22.0,-26.0,26.401976,0.036469422
2026-09-10 00:00:00,-22.0,-24.0,25.556936,0.0074458276
2026-09-10 00:00:00,-22.0,-22.0,25.812578,0.018674403
2026-09-10 00:00:00,-22.0,-20.0,25.922485,0.028685559
2026-09-10 00:00:00,-22.0,-18.0,25.85452,0.03477086
2026-09-10 00:00:00,-22.0,-16.0,25.931627,-0.045295782
2026-09-10 00:00:00,-22.0,-14.0,26.342281,-0.024166217
2026-09-10 00:00:00,-22.0,-12.0,25.911129,-0.024048131
2026-09-10 00:00:00,-22.0,-10.0,25.77126,-0.026436152
2026-09-10 00:00:00,-22.0,-8.0,25.800117,-0.019175306
2026-09-10 00:00:00,-22.0,-6.0,25.740068,-0.017490607
2026-09-10 00:00:00,-22.0,-4.0,25.930302,-0.02202814
2026-09-10 00:00:00,-22.0,-2.0,26.194752,-0.07363495
2026-09-10 00:00:00,-22.0,0.0,26.22957,-0.0704962
2026-09-10 00:00:00,-22.0,2.0,26.102234,-0.06345964
2026-09-10 00:00:00,-22.0,4.0,26.249449,-0.059878413
2026-09-10 00:00:00,-22.0,6.0,26.111712,-0.04727714
2026-09-10 00:00:00,-22.0,8.0,25.993782,-0.13046172
2026-09-10 00:00:00,-22.0,10.0,25.681644,-0.024856526
2026-09-10 00:00:00,-22.0,12.0,25.813477,-0.10817171
2026-09-10 00:00:00,-22.0,14.0,25.936573,-0.0042610765
2026-09-10 00:00:00,-22.0,16.0,25.855925,-0.028946014
2026-09-10 00:00:00,-22.0,18.0,26.118937,0.042415764
2026-09-10 00:00:00,-22.0,20.0,25.965471,0.010992102
2026-09-10 00:00:00,-22.0,22.0,25.657898,0.026357528
2026-09-10 00:00:00,-22.0,24.0,25.957905,0.015044938
2026-09-10 00:00:00,-22.0,26.0,25.861704,0.100963995
2026-09-10 00:00:00,-22.0,28.0,25.738731,0.001441226
2026-09-10 00:00:00,-22.0,30.0,25.447512,0.10990591
2026-09-10 00:00:00,-22.0,32.0,25.693487,0.03836442
2026-09-10 00:00:00,-22.0,34.0,25.927626,0.10438005
2026-09-10 00:00:00,-22.0,36.0,25.931768,0.113254726
2026-09-10 00:00:00,-22.0,38.0,25.575426,0.13160029
2026-09-10 00:00:00,-22.0,40.0,25.739067,0.05503785
2026-09-10 00:00:00,-22.0,42.0,26.016996,0.089254275
2026-09-10 00:00:00,-22.0,44.0,25.976885,0.1693709
2026-09-10 00:00:00,-22.0,46.0,25.742924,0.07607705
2026-09-10 00:00:00,-22.0,48.0,26.053795,0.1205702
2026-09-10 00:00:00,-22.0,50.0,25.873901,0.08477129
2026-09-10 00:00:00,-22.0,52.0,25.882648,0.18446991
2026-09-10 00:00:00,-22.0,54.0,25.810915,0.09793349
2026-09-10 00:00:00,-22.0,56.0,25.718098,0.09838942
2026-09-10 00:00:00,-22.0,58.0,25.61302,0.13935576
2026-09-10 00:00:00,-22.0,60.0,25.76461,0.11444644
2026-09-10 00:00:00,-22.0,62.0,25.719366,0.079943284
2026-09-10 00:00:00,-22.0,64.0,26.010967,0.090130575
2026-09-10 00:00:00,-22.0,66.0,25.500061,0.12913677
2026-09-10 00:00:00,-22.0,68.0,25.887802,0.07480173
2026-09-10 00:00:00,-22.0,70.0,25.813814,0.013004849
2026-09-10 00:00:00,-22.0,72.0,25.988,0.05554472
2026-09-10 00:00:00,-22.0,74.0,25.8805,-0.021186138
2026-09-10 00:00:00,-22.0,76.0,26.00771,-0.0076455413
2026-09-10 00:00:00,-22.0,78.0,24.948704,-0.02111835
2026-09-10 00:00:00,-22.0,80.0,25.975357,-0.08271514
2026-09-10 00:00:00,-22.0,82.0,25.667294,-0.057945356
2026-09-10 00:00:00,-22.0,84.0,25.708303,-0.06969677
2026-09-10 00:00:00,-22.0,86.0,26.161968,-0.13617258
2026-09-10 00:00:00,-22.0,88.0,25.60829,-0.13597828
2026-09-10 00:00:00,-22.0,90.0,25.810244,-0.18046802
2026-09-10 00:00:00,-22.0,92.0,25.539585,-0.22805707
2026-09-10 00:00:00,-22.0,94.0,25.717371,-0.1951124
2026-09-10 00:00:00,-22.0,96.0,26.0205,-0.22364362
2026-09-10 00:00:00,-22.0,98.0,26.209251,-0.29899088
2026-09-10 00:00:00,-22.0,100.0,26.145613,-0.28564793
2026-09-10 00:00:00,-22.0,102.0,26.36094,-0.29814085
2026-09-10 00:00:00,-22.0,104.0,25.776016,-0.30625263
2026-09-10 00:00:00,-22.0,106.0,25.763506,-0.38099894
2026-09-10 00:00:00,-22.0,108.0,25.751408,-0.3337038
2026-09-10 00:00:00,-22.0,110.0,25.662697,-0.35050067
2026-09-10 00:00:00,-22.0,112.0,25.438744,-0.43555957
2026-09-10 00:00:00,-22.0,114.0,25.417772,-0.45655355
2026-09-10 00:00:00,-22.0,116.0,25.293026,-0.46483585
2026-09-10 00:00:00,-22.0,118.0,25.21866,-0.4346783
2026-09-10 00:00:00,-22.0,120.0,25.404799,-0.49270853
2026-09-10 00:00:00,-22.0,122.0,25.592775,-0.48693103
2026-09-10 00:00:00,-22.0,124.0,25.160868,-0.44905016
2026-09-10 00:00:00,-22.0,126.0,25.37802,-0.46281046
2026-09-10 00:00:00,-22.0,128.0,25.262926,-0.51669234
2026-09-10 00:00:00,-22.0,130.0,25.606657,-0.46604222
2026-09-10 00:00:00,-22.0,132.0,25.741108,-0.5126048
2026-09-10 00:00:00,-22.0,134.0,25.454376,-0.48602682
2026-09-10 00:00:00,-22.0,136.0,25.99167,-0.49248153
2026-09-10 00:00:00,-22.0,138.0,25.507872,-0.46130154
2026-09-10 00:00:00,-22.0,140.0,25.217813,-0.45132685
2026-09-10 00:00:00,-22.0,142.0,25.621319,-0.44793192
2026-09-10 00:00:00,-22.0,144.0,26.117838,-0.38631994
2026-09-10 00:00:00,-22.0,146.0,25.892345,-0.40545753
2026-09-10 00:00:00,-22.0,148.0,25.632038,-0.4475069
2026-09-10 00:00:00,-22.0,150.0,25.937683,-0.43839517
2026-09-10 00:00:00,-22.0,152.0,25.899317,-0.40267769
2026-09-10 00:00:00,-22.0,154.0,25.86372,-0.42559168
2026-09-10 00:00:00,-22.0,156.0,26.321846,-0.40021437
2026-09-10 00:00:00,-22.0,158.0,26.091852,-0.34121105
2026-09-10 00:00:00,-22.0,160.0,25.670834,-0.3475672
2026-09-10 00:00:00,-22.0,162.0,26.147982,-0.34591272
2026-09-10 00:00:00,-22.0,164.0,25.946627,-0.3237695
2026-09-10 00:00:00,-22.0,166.0,25.951748,-0.3461888
2026-09-10 00:00:00,-22.0,168.0,25.838291,-0.34435743
2026-09-10 00:00:00,-22.0,170.0,25.702888,-0.28761658
2026-09-10 00:00:00,-22.0,172.0,25.945082,-0.36397302
2026-09-10 00:00:00,-22.0,174.0,25.945078,-0.31719288
2026-09-10 00:00:00,-22.0,176.0,26.112562,-0.2568761
2026-09-10 00:00:00,-22.0,178.0,26.278845,-0.32883215
2026-09-10 00:00:00,-22.0,-180.0,26.092169,-0.34120914
2026-09-10 00:00:00,-20.0,-180.0,26.391722,-0.3424185
2026-09-10 00:00:00,-20.0,-178.0,26.014156,-0.2529227
2026-09-10 00:00:00,-20.0,-176.0,26.145113,-0.3428643
2026-09-10 00:00:00,-20.0,-174.0,25.787209,-0.2810837
2026-09-10 00:00:00,-20.0,-172.0,26.268291,-0.31036228
2026-09-10 00:00:00,-20.0,-170.0,26.128336,-0.320883
2026-09-10 00:00:00,-20.0,-168.0,26.399452,-0.3372908
2026-09-10 00:00:00,-20.0,-166.0,26.53415,-0.32560402
2026-09-10 00:00:00,-20.0,-164.0,26.135727,-0.2917651
2026-09-10 00:00:00,-20.0,-162.0,26.404861,-0.3577814
2026-09-10 00:00:00,-20.0,-160.0,26.498047,-0.37654158
2026-09-10 00:00:00,-20.0,-158.0,26.831787,-0.42564866
2026-09-10 00:00:00,-20.0,-156.0,26.311954,-0.36024663
2026-09-10 00:00:00,-20.0,-154.0,26.19561,-0.37150955
2026-09-10 00:00:00,-20.0,-152.0,26.787872,-0.4270314
2026-09-10 00:00:00,-20.0,-150.0,25.86644,-0.37836736
2026-09-10 00:00:00,-20.0,-148.0,26.543577,-0.46631506
2026-09-10 00:00:00,-20.0,-146.0,26.143938,-0.4818922
2026-09-10 00:00:00,-20.0,-144.0,26.130915,-0.3932421
2026-09-10 00:00:00,-20.0,-142.0,26.448328,-0.44771612
2026-09-10 00:00:00,-20.0,-140.0,25.943886,-0.40474385
2026-09-10 00:00:00,-20.0,-138.0,26.280472,-0.4229661
2026-09-10 00:00:00,-20.0,-136.0,26.19575,-0.44615594
2026-09-10 00:00:00,-20.0,-134.0,26.422195,-0.46530837
2026-09-10 00:00:00,-20.0,-132.0,25.988344,-0.42697623
2026-09-10 00:00:00,-20.0,-130.0,25.546467,-0.5293307
2026-09-10 00:00:00,-20.0,-128.0,26.03613,-0.46213105
2026-09-10 00:00:00,-20.0,-126.0,25.400047,-0.44349277
2026-09-10 00:00:00,-20.0,-124.0,25.839643,-0.49979517
2026-09-10 00:00:00,-20.0,-122.0,26.14935,-0.47798574
2026-09-10 00:00:00,-20.0,-120.0,26.057253,-0.4638452
2026-09-10 00:00:00,-20.0,-118.0,25.879095,-0.4457753
2026-09-10 00:00:00,-20.0,-116.0,26.378351,-0.42445838
2026-09-10 00:00:00,-20.0,-114.0,25.985384,-0.44163287
2026-09-10 00:00:00,-20.0,-112.0,26.370083,-0.37207577
2026-09-10 00:00:00,-20.0,-110.0,26.04382,-0.39997166
2026-09-10 00:00:00,-20.0,-108.0,26.278597,-0.36184418
2026-09-10 00:00:00,-20.0,-106.0,26.30344,-0.38654134
2026-09-10 00:00:00,-20.0,-104.0,26.276598,-0.3293339
2026-09-10 00:00:00,-20.0,-102.0,26.223991,-0.27910438
2026-09-10 00:00:00,-20.0,-100.0,26.257515,-0.2270596
2026-09-10 00:00:00,-20.0,-98.0,26.151432,-0.2944135
2026-09-10 00:00:00,-20.0,-96.0,26.471605,-0.23154044
2026-09-10 00:00:00,-20.0,-94.0,26.00773,-0.22226092
2026-09-10 00:00:00,-20.0,-92.0,26.499819,-0.16356379
2026-09-10 00:00:00,-20.0,-90.0,26.097322,-0.16520554
2026-09-10 00:00:00,-20.0,-88.0,26.079914,-0.13224114
2026-09-10 00:00:00,-20.0,-86.0,26.530256,-0.09857349
2026-09-10 00:00:00,-20.0,-84.0,26.458225,-0.033680003
2026-09-10 00:00:00,-20.0,-82.0,25.945967,-0.07170932
2026-09-10 00:00:00,-20.0,-80.0,26.28971,-0.043381166
2026-09-10 00:00:00,-20.0,-78.0,26.165672,0.013225441
2026-09-10 00:00:00,-20.0,-76.0,26.326275,-0.018377192
2026-09-10 00:00:00,-20.0,-74.0,26.728292,-0.045223176
2026-09-10 00:00:00,-20.0,-72.0,26.611399,0.060058337
2026-09-10 00:00:00,-20.0,-70.0,26.255325,0.050045744
2026-09-10 00:00:00,-20.0,-68.0,26.315464,0.0673016
2026-09-10 00:00:00,-20.0,-66.0,26.204494,0.057110146
2026-09-10 00:00:00,-20.0,-64.0,26.001587,0.061696175
2026-09-10 00:00:00,-20.0,-62.0,26.381943,0.16844924
2026-09-10 00:00:00,-20.0,-60.0,25.82751,0.119271204
2026-09-10 00:00:00,-20.0,-58.0,26.177992,0.08953025
2026-09-10 00:00:00,-20.0,-56.0,26.18192,0.10334717
2026-09-10 00:00:00,-20.0,-54.0,26.473635,0.15260525
2026-09-10 00:00:00,-20.0,-52.0,26.406387,0.13452175
2026-09-10 00:00:00,-20.0,-50.0,26.37765,0.15800072
2026-09-10 00:00:00,-20.0,-48.0,26.718338,0.12773752
2026-09-10 00:00:00,-20.0,-46.0,26.301239,0.20947488
2026-09-10 00:00:00,-20.0,-44.0,26.526125,0.13238104
2026-09-10 00:00:00,-20.0,-42.0,26.394724,0.14531673
2026-09-10 00:00:00,-20.0,-40.0,25.978727,0.16507632
2026-09-10 00:00:00,-20.0,-38.0,26.32467,0.13858624
2026-09-10 00:00:00,-20.0,-36.0,25.997175,0.08366506
2026-09-10 00:00:00,-20.0,-34.0,26.297915,0.16582076
2026-09-10 00:00:00,-20.0,-32.0,26.284807,0.07671311
2026-09-10 00:00:00,-20.0,-30.0,25.97805,0.09133633
2026-09-10 00:00:00,-20.0,-28.0,26.396011,0.073090434
2026-09-10 00:00:00,-20.0,-26.0,26.529882,0.10158708
2026-09-10 00:00:00,-20.0,-24.0,26.315464,0.09019514
2026-09-10 00:00:00,-20.0,-22.0,26.317192,0.09175819
2026-09-10 00:00:00,-20.0,-20.0,26.23768,0.013771999
2026-09-10 00:00:00,-20.0,-18.0,25.89587,-0.014339822
2026-09-10 00:00:00,-20.0,-16.0,26.054878,0.05778105
2026-09-10 00:00:00,-20.0,-14.0,26.249107,-0.014505665
2026-09-10 00:00:00,-20.0,-12.0,26.249853,0.014967327
2026-09-10 00:00:00,-20.0,-10.0,26.155514,0.012819038
2026-09-10 00:00:00,-20.0,-8.0,26.236685,-0.02843197
2026-09-10 00:00:00,-20.0,-6.0,25.90961,-0.01043182
2026-09-10 00:00:00,-20.0,-4.0,25.93572,-0.017669367
2026-09-10 00:00:00,-20.0,-2.0,26.241243,0.0060627502
2026-09-10 00:00:00,-20.0,0.0,26.317976,-0.012337431
2026-09-10 00:00:00,-20.0,2.0,26.244232,-0.05089745
2026-09-10 00:00:00,-20.0,4.0,26.2721,-0.026787167
2026-09-10 00:00:00,-20.0,6.0,25.658436,-6.818568e-05
2026-09-10 00:00:00,-20.0,8.0,26.2397,-0.029265182
2026-09-10 00:00:00,-20.0,10.0,26.280302,-0.030132513
2026-09-10 00:00:00,-20.0,12.0,26.000883,-0.0022036585
2026-09-10 00:00:00,-20.0,14.0,26.610312,0.002383151
2026-09-10 00:00:00,-20.0,16.0,26.102402,-0.008255891
2026-09-10 00:00:00,-20.0,18.0,26.035372,-0.019192213
2026-09-10 00:00:00,-20.0,20.0,26.250042,0.04493855
2026-09-10 00:00:00,-20.0,22.0,25.94356,-0.0006058072
2026-09-10 00:00:00,-20.0,24.0,25.929363,0.0064088106
2026-09-10 00:00:00,-20.0,26.0,26.29238,0.07651514
2026-09-10 00:00:00,-20.0,28.0,25.922144,0.09129195
2026-09-10 00:00:00,-20.0,30.0,26.107338,0.07464468
2026-09-10 00:00:00,-20.0,32.0,26.122925,0.11341667
2026-09-10 00:00:00,-20.0,34.0,26.232952,0.070134334
2026-09-10 00:00:00,-20.0,36.0,26.498236,0.12357512
2026-09-10 00:00:00,-20.0,38.0,26.378332,0.14874801
2026-09-10 00:00:00,-20.0,40.0,26.111116,0.12245907
2026-09-10 00:00:00,-20.0,42.0,26.330248,0.12399737
2026-09-10 00:00:00,-20.0,44.0,26.059496,0.1510549
2026-09-10 00:00:00,-20.0,46.0,26.511919,0.16927904
2026-09-10 00:00:00,-20.0,48.0,26.431032,0.17771135
2026-09-10 00:00:00,-20.0,50.0,26.002102,0.20059839
2026-09-10 00:00:00,-20.0,52.0,26.129719,0.10555448
2026-09-10 00:00:00,-20.0,54.0,26.546165,0.15776795
2026-09-10 00:00:00,-20.0,56.0,26.395193,0.15739995
2026-09-10 00:00:00,-20.0,58.0,26.380861,0.15039925
2026-09-10 00:00:00,-20.0,60.0,26.187899,0.04672522
2026-09-10 00:00:00,-20.0,62.0,26.194862,0.129969
2026-09-10 00:00:00,-20.0,64.0,26.001482,0.12590468
2026-09-10 00:00:00,-20.0,66.0,25.960909,0.098196454
2026-09-10 00:00:00,-20.0,68.0,26.49593,0.08938532
2026-09-10 00:00:00,-20.0,70.0,26.362043,0.09689397
2026-09-10 00:00:00,-20.0,72.0,26.336857,0.031549845
2026-09-10 00:00:00,-20.0,74.0,26.715292,0.06985792
2026-09-10 00:00:00,-20.0,76.0,26.734877,0.05027971
2026-09-10 00:00:00,-20.0,78.0,26.485273,-0.018959133
2026-09-10 00:00:00,-20.0,80.0,25.802948,-0.029011568
2026-09-10 00:00:00,-20.0,82.0,26.657606,-0.024954809
2026-09-10 00:00:00,-20.0,84.0,26.125204,-0.070287935
2026-09-10 00:00:00,-20.0,86.0,26.686445,-0.06328716
2026-09-10 00:00:00,-20.0,88.0,25.880854,-0.12515196
2026-09-10 00:00:00,-20.0,90.0,26.531898,-0.19726543
2026-09-10 00:00:00,-20.0,92.0,26.16585,-0.17096436
2026-09-10 00:00:00,-20.0,94.0,26.611727,-0.21875748
2026-09-10 00:00:00,-20.0,96.0,26.49482,-0.22882593
2026-09-10 00:00:00,-20.0,98.0,26.013687,-0.26642066
2026-09-10 00:00:00,-20.0,100.0,26.420485,-0.25154835
2026-09-10 00:00:00,-20.0,102.0,26.15697,-0.32846192
2026-09-10 00:00:00,-20.0,104.0,26.463293,-0.33534768
2026-09-10 00:00:00,-20.0,106.0,26.256048,-0.30616942
2026-09-10 00:00:00,-20.0,108.0,26.11259,-0.35802615
2026-09-10 00:00:00,-20.0,110.0,25.917032,-0.3966121
2026-09-10 00:00:00,-20.0,112.0,26.345016,-0.3745091
2026-09-10 00:00:00,-20.0,114.0,25.25516,-0.3810699
2026-09-10 00:00:00,-20.0,116.0,25.55038,-0.423948
2026-09-10 00:00:00,-20.0,118.0,24.882023,-0.40766573
2026-09-10 00:00:00,-20.0,120.0,25.332277,-0.44501847
2026-09-10 00:00:00,-20.0,122.0,25.561241,-0.45740724
2026-09-10 00:00:00,-20.0,124.0,25.554165,-0.44327027
2026-09-10 00:00:00,-20.0,126.0,25.927597,-0.41378078
2026-09-10 00:00:00,-20.0,128.0,25.991228,-0.47360224
2026-09-10 00:00:00,-20.0,130.0,25.848576,-0.4957552
2026-09-10 00:00:00,-20.0,132.0,26.393942,-0.47390243
2026-09-10 00:00:00,-20.0,134.0,25.891464,-0.4969086
2026-09-10 00:00:00,-20.0,136.0,25.917742,-0.4833312
2026-09-10 00:00:00,-20.0,138.0,25.99387,-0.48396137
2026-09-10 00:00:00,-20.0,140.0,26.13922,-0.42773032
2026-09-10 00:00:00,-20.0,142.0,26.292368,-0.47520778
2026-09-10 00:00:00,-20.0,144.0,26.223347,-0.43088785
2026-09-10 00:00:00,-20.0,146.0,26.215652,-0.4318309
2026-09-10 00:00:00,-20.0,148.0,26.475254,-0.40655276
2026-09-10 00:00:00,-20.0,150.0,26.463934,-0.3897678
2026-09-10 00:00:00,-20.0,152.0,26.141329,-0.4374242
2026-09-10 00:00:00,-20.0,154.0,26.0454,-0.41637716
2026-09-10 00:00:00,-20.0,156.0,26.153978,-0.40010372
2026-09-10 00:00:00,-20.0,158.0,26.340834,-0.34057432
2026-09-10 00:00:00,-20.0,160.0,26.00133,-0.38786626
2026-09-10 00:00:00,-20.0,162.0,26.045303,-0.344606
2026-09-10 00:00:00,-20.0,164.0,26.18227,-0.2753559
2026-09-10 00:00:00,-20.0,166.0,26.401466,-0.3368398
2026-09-10 00:00:00,-20.0,168.0,26.412466,-0.33516076
2026-09-10 00:00:00,-20.0,170.0,26.200989,-0.31570867
2026-09-10 00:00:00,-20.0,172.0,26.12359,-0.32597747
2026-09-10 00:00:00,-20.0,174.0,25.982533,-0.3188563
2026-09-10 00:00:00,-20.0,176.0,26.578081,-0.26858944
2026-09-10 00:00:00,-20.0,178.0,26.044365,-0.32855588
2026-09-10 00:00:00,-20.0,-180.0,25.822641,-0.2955814
2026-09-10 00:00:00,-18.0,-180.0,26.706026,-0.3758721
2026-09-10 00:00:00,-18.0,-178.0,26.530388,-0.26205665
2026-09-10 00:00:00,-18.0,-176.0,26.498287,-0.25620657
2026-09-10 00:00:00,-18.0,-174.0,26.281746,-0.3299394
2026-09-10 00:00:00,-18.0,-172.0,26.60163,-0.30743825
2026-09-10 00:00:00,-18.0,-170.0,26.452396,-0.32301238
2026-09-10 00:00:00,-18.0,-168.0,26.466166,-0.33091462
2026-09-10 00:00:00,-18.0,-166.0,26.65537,-0.26400733
2026-09-10 00:00:00,-18.0,-164.0,26.698874,-0.29549238
2026-09-10 00:00:00,-18.0,-162.0,26.806932,-0.3570398
2026-09-10 00:00:00,-18.0,-160.0,26.71969,-0.372586
2026-09-10 00:00:00,-18.0,-158.0,26.680763,-0.32900083
2026-09-10 00:00:00,-18.0,-156.0,26.508106,-0.30310008
2026-09-10 00:00:00,-18.0,-154.0,26.512436,-0.35758692
2026-09-10 00:00:00,-18.0,-152.0,26.886724,-0.3502016
2026-09-10 00:00:00,-18.0,-150.0,26.689968,-0.34720963
2026-09-10 00:00:00,-18.0,-148.0,26.687656,-0.3580246
2026-09-10 00:00:00,-18.0,-146.0,26.642296,-0.42427105
2026-09-10 00:00:00,-18.0,-144.0,26.559914,-0.42123225
2026-09-10 00:00:00,-18.0,-142.0,26.579718,-0.35074317
2026-09-10 00:00:00,-18.0,-140.0,26.376862,-0.4217046
2026-09-10 00:00:00,-18.0,-138.0,26.890438,-0.48645324
2026-09-10 00:00:00,-18.0,-136.0,26.596558,-0.46258333
2026-09-10 00:00:00,-18.0,-134.0,26.076265,-0.40458995
2026-09-10 00:00:00,-18.0,-132.0,26.673895,-0.47766885
2026-09-10 00:00:00,-18.0,-130.0,26.359566,-0.43811622
2026-09-10 00:00:00,-18.0,-128.0,26.715015,-0.40858856
2026-09-10 00:00:00,-18.0,-126.0,26.56258,-0.3902319
2026-09-10 00:00:00,-18.0,-124.0,26.726522,-0.4399005
2026-09-10 00:00:00,-18.0,-122.0,26.706959,-0.43228048
2026-09-10 00:00:00,-18.0,-120.0,26.707329,-0.4505247
2026-09-10 00:00:00,-18.0,-118.0,26.610512,-0.4235174
2026-09-10 00:00:00,-18.0,-116.0,26.577957,-0.39600372
2026-09-10 00:00:00,-18.0,-114.0,26.302782,-0.35929978
2026-09-10 00:00:00,-18.0,-112.0,26.89464,-0.32484898
2026-09-10 00:00:00,-18.0,-110.0,26.395975,-0.30942097
2026-09-10 00:00:00,-18.0,-108.0,26.944298,-0.32792678
2026-09-10 00:00:00,-18.0,-106.0,26.554583,-0.37190196
2026-09-10 00:00:00,-18.0,-104.0,26.744085,-0.35234946
2026-09-10 00:00:00,-18.0,-102.0,26.744062,-0.2648384
2026-09-10 00:00:00,-18.0,-100.0,26.865683,-0.26780063
2026-09-10 00:00:00,-18.0,-98.0,26.524656,-0.29782456
2026-09-10 00:00:00,-18.0,-96.0,27.053661,-0.2846063
2026-09-10 00:00:00,-18.0,-94.0,26.621044,-0.17560571
2026-09-10 00:00:00,-18.0,-92.0,26.517105,-0.1653538
2026-09-10 00:00:00,-18.0,-90.0,26.416866,-0.124849156
2026-09-10 00:00:00,-18.0,-88.0,26.516102,-0.11626983
2026-09-10 00:00:00,-18.0,-86.0,26.509413,-0.03934394
2026-09-10 00:00:00,-18.0,-84.0,26.320086,-0.061178308
2026-09-10 00:00:00,-18.0,-82.0,26.199158,-0.049351163
2026-09-10 00:00:00,-18.0,-80.0,26.816092,0.0033330158
2026-09-10 00:00:00,-18.0,-78.0,26.439465,0.011482284
2026-09-10 00:00:00,-18.0,-76.0,26.494017,-0.03760684
2026-09-10 00:00:00,-18.0,-74.0,27.145039,-0.0024261256
2026-09-10 00:00:00,-18.0,-72.0,26.784794,0.039614696
2026-09-10 00:00:00,-18.0,-70.0,26.3723,0.06980789
2026-09-10 00:00:00,-18.0,-68.0,26.462479,0.08031592
2026-09-10 00:00:00,-18.0,-66.0,26.580488,0.14254318
2026-09-10 00:00:00,-18.0,-64.0,26.643219,0.12089679
2026-09-10 00:00:00,-18.0,-62.0,26.751043,0.11525836
2026-09-10 00:00:00,-18.0,-60.0,26.32948,0.087091275
2026-09-10 00:00:00,-18.0,-58.0,26.693125,0.13762406
2026-09-10 00:00:00,-18.0,-56.0,26.52588,0.16831064
2026-09-10 00:00:00,-18.0,-54.0,26.303856,0.15826721
2026-09-10 00:00:00,-18.0,-52.0,26.312487,0.14699441
2026-09-10 00:00:00,-18.0,-50.0,26.409458,0.10890741
2026-09-10 00:00:00,-18.0,-48.0,26.526552,0.17757379
2026-09-10 00:00:00,-18.0,-46.0,26.739765,0.14696896
2026-09-10 00:00:00,-18.0,-44.0,26.755571,0.15731633
2026-09-10 00:00:00,-18.0,-42.0,26.578632,0.12414353
2026-09-10 00:00:00,-18.0,-40.0,26.753447,0.13856652
2026-09-10 00:00:00,-18.0,-38.0,26.689949,0.12366588
2026-09-10 00:00:00,-18.0,-36.0,26.30728,0.13439293
2026-09-10 00:00:00,-18.0,-34.0,26.709455,0.038020585
2026-09-10 00:00:00,-18.0,-32.0,27.005037,0.14986235
2026-09-10 00:00:00,-18.0,-30.0,26.637323,0.08492987
2026-09-10 00:00:00,-18.0,-28.0,27.021103,0.013829749
2026-09-10 00:00:00,-18.0,-26.0,26.470856,0.10496591
2026-09-10 00:00:00,-18.0,-24.0,26.28628,0.056045886
2026-09-10 00:00:00,-18.0,-22.0,26.978329,0.099129125
2026-09-10 00:00:00,-18.0,-20.0,26.570368,0.043872815
2026-09-10 00:00:00,-18.0,-18.0,26.914146,0.04203474
2026-09-10 00:00:00,-18.0,-16.0,26.710339,0.031176046
2026-09-10 00:00:00,-18.0,-14.0,26.543533,0.039813012
2026-09-10 00:00:00,-18.0,-12.0,26.841099,0.0008754065
2026-09-10 00:00:00,-18.0,-10.0,26.470171,0.014323738
2026-09-10 00:00:00,-18.0,-8.0,26.8646,-0.024015322
2026-09-10 00:00:00,-18.0,-6.0,26.315613,-0.00043411812
2026-09-10 00:00:00,-18.0,-4.0,26.67305,-0.003838853
2026-09-10 00:00:00,-18.0,-2.0,26.43741,-0.035364754
2026-09-10 00:00:00,-18.0,0.0,26.69068,0.015941173
2026-09-10 00:00:00,-18.0,2.0,26.169765,-0.014717797
2026-09-10 00:00:00,-18.0,4.0,26.433365,0.031708706
2026-09-10 00:00:00,-18.0,6.0,26.452076,-0.01346639
2026-09-10 00:00:00,-18.0,8.0,26.85705,0.010746928
2026-09-10 00:00:00,-18.0,10.0,26.597124,-0.009046093
2026-09-10 00:00:00,-18.0,12.0,26.828257,0.004829032
2026-09-10 00:00:00,-18.0,14.0,26.483067,0.0047154473
2026-09-10 00:00:00,-18.0,16.0,26.295832,0.0018506487
2026-09-10 00:00:00,-18.0,18.0,26.19333,0.0615364
2026-09-10 00:00:00,-18.0,20.0,26.115643,0.051926013
2026-09-10 00:00:00,-18.0,22.0,26.78655,0.016878333
2026-09-10 00:00:00,-18.0,24.0,26.595697,0.055390302
2026-09-10 00:00:00,-18.0,26.0,26.558117,0.06751262
2026-09-10 00:00:00,-18.0,28.0,26.144087,0.07190265
2026-09-10 00:00:00,-18.0,30.0,26.225157,0.13586272
2026-09-10 00:00:00,-18.0,32.0,26.473398,0.08363354
2026-09-10 00:00:00,-18.0,34.0,26.830507,0.09221834
2026-09-10 00:00:00,-18.0,36.0,26.324598,0.16743821
2026-09-10 00:00:00,-18.0,38.0,26.569397,0.111212574
2026-09-10 00:00:00,-18.0,40.0,26.569458,0.15941812
2026-09-10 00:00:00,-18.0,42.0,26.508108,0.13229765
2026-09-10 00:00:00,-18.0,44.0,26.50574,0.17077026
2026-09-10 00:00:00,-18.0,46.0,26.85401,0.16151941
2026-09-10 00:00:00,-18.0,48.0,26.09456,0.1902828
2026-09-10 00:00:00,-18.0,50.0,27.131632,0.20653777
2026-09-10 00:00:00,-18.0,52.0,26.527565,0.17888677
2026-09-10 00:00:00,-18.0,54.0,26.526552,0.123721264
2026-09-10 00:00:00,-18.0,56.0,26.526718,0.123252854
2026-09-10 00:00:00,-18.0,58.0,26.757061,0.17275432
2026-09-10 00:00:00,-18.0,60.0,26.769453,0.08936351
2026-09-10 00:00:00,-18.0,62.0,26.799335,0.13436076
2026-09-10 00:00:00,-18.0,64.0,26.09375,0.08713976
2026-09-10 00:00:00,-18.0,66.0,26.594046,0.0979079
2026-09-10 00:00:00,-18.0,68.0,26.647247,0.08380978
2026-09-10 00:00:00,-18.0,70.0,27.017727,0.06347553
2026-09-10 00:00:00,-18.0,72.0,26.602314,0.024783477
2026-09-10 00:00:00,-18.0,74.0,26.435638,0.036257327
2026-09-10 00:00:00,-18.0,76.0,26.439682,-0.008261627
2026-09-10 00:00:00,-18.0,78.0,26.819931,0.0021124294
2026-09-10 00:00:00,-18.0,80.0,26.788094,-0.06299885
2026-09-10 00:00:00,-18.0,82.0,26.254358,-0.08265271
2026-09-10 00:00:00,-18.0,84.0,26.474792,-0.11640604
2026-09-10 00:00:00,-18.0,86.0,27.206139,-0.14811091
2026-09-10 00:00:00,-18.0,88.0,26.743616,-0.13450737
2026-09-10 00:00:00,-18.0,90.0,26.72358,-0.14600007
2026-09-10 00:00:00,-18.0,92.0,26.553705,-0.17319572
2026-09-10 00:00:00,-18.0,94.0,26.447515,-0.20802976
2026-09-10 00:00:00,-18.0,96.0,26.45919,-0.23511282
2026-09-10 00:00:00,-18.0,98.0,26.515345,-0.20360014
2026-09-10 00:00:00,-18.0,100.0,26.258017,-0.27246347
2026-09-10 00:00:00,-18.0,102.0,26.146986,-0.2939679
2026-09-10 00:00:00,-18.0,104.0,26.296734,-0.32570767
2026-09-10 00:00:00,-18.0,106.0,26.783249,-0.32533926
2026-09-10 00:00:00,-18.0,108.0,26.543522,-0.31117225
2026-09-10 00:00:00,-18.0,110.0,26.311024,-0.32719207
2026-09-10 00:00:00,-18.0,112.0,26.298239,-0.33316848
2026-09-10 00:00:00,-18.0,114.0,25.850584,-0.3810135
2026-09-10 00:00:00,-18.0,116.0,25.810879,-0.48051447
2026-09-10 00:00:00,-18.0,118.0,25.8574,-0.37523663
2026-09-10 00:00:00,-18.0,120.0,25.466597,-0.461813
2026-09-10 00:00:00,-18.0,122.0,25.876493,-0.43701175
2026-09-10 00:00:00,-18.0,124.0,25.988596,-0.4231944
2026-09-10 00:00:00,-18.0,126.0,25.455935,-0.5221837
2026-09-10 00:00:00,-18.0,128.0,25.804268,-0.42223775
2026-09-10 00:00:00,-18.0,130.0,26.36734,-0.4287696
2026-09-10 00:00:00,-18.0,132.0,26.624216,-0.43630746
2026-09-10 00:00:00,-18.0,134.0,26.523308,-0.41585472
2026-09-10 00:00:00,-18.0,136.0,26.509676,-0.41484344
2026-09-10 00:00:00,-18.0,138.0,26.798092,-0.3967331
2026-09-10 00:00:00,-18.0,140.0,26.889988,-0.43682623
2026-09-10 00:00:00,-18.0,142.0,26.59491,-0.37456626
2026-09-10 00:00:00,-18.0,144.0,26.668375,-0.43870348
2026-09-10 00:00:00,-18.0,146.0,26.539885,-0.4788001
2026-09-10 00:00:00,-18.0,148.0,26.384272,-0.39531198
2026-09-10 00:00:00,-18.0,150.0,26.592564,-0.43539503
2026-09-10 00:00:00,-18.0,152.0,26.839558,-0.38357845
2026-09-10 00:00:00,-18.0,154.0,26.100817,-0.37152714
2026-09-10 00:00:00,-18.0,156.0,26.999315,-0.37136889
2026-09-10 00:00:00,-18.0,158.0,26.76596,-0.34942147
2026-09-10 00:00:00,-18.0,160.0,26.717115,-0.32004467
2026-09-10 00:00:00,-18.0,162.0,26.249199,-0.2903692
2026-09-10 00:00:00,-18.0,164.0,26.204933,-0.30731064
2026-09-10 00:00:00,-18.0,166.0,26.849922,-0.30447465
2026-09-10 00:00:00,-18.0,168.0,27.007309,-0.3283312
2026-09-10 00:00:00,-18.0,170.0,26.688152,-0.3052981
2026-09-10 00:00:00,-18.0,172.0,26.14385,-0.2849138
2026-09-10 00:00:00,-18.0,174.0,26.376719,-0.29750127
2026-09-10 00:00:00,-18.0,176.0,26.42071,-0.31522086
2026-09-10 00:00:00,-18.0,178.0,26.239048,-0.26302877
2026-09-10 00:00:00,-18.0,-180.0,26.74291,-0.34161955
2026-09-10 00:00:00,-16.0,-180.0,26.77672,-0.28251433
2026-09-10 00:00:00,-16.0,-178.0,27.066013,-0.27373818
2026-09-10 00:00:00,-16.0,-176.0,27.121502,-0.3109221
2026-09-10 00:00:00,-16.0,-174.0,26.624989,-0.29674527
2026-09-10 00:00:00,-16.0,-172.0,27.184381,-0.22779883
2026-09-10 00:00:00,-16.0,-170.0,26.636787,-0.26947802
2026-09-10 00:00:00,-16.0,-168.0,26.667677,-0.2854309
2026-09-10 00:00:00,-16.0,-166.0,27.314774,-0.28915837
2026-09-10 00:00:00,-16.0,-164.0,26.809818,-0.30552864
2026-09-10 00:00:00,-16.0,-162.0,26.500698,-0.32482892
2026-09-10 00:00:00,-16.0,-160.0,26.441704,-0.27766377
2026-09-10 00:00:00,-16.0,-158.0,26.488405,-0.34144813
2026-09-10 00:00:00,-16.0,-156.0,27.071913,-0.33016905
2026-09-10 00:00:00,-16.0,-154.0,26.93856,-0.36912903
2026-09-10 00:00:00,-16.0,-152.0,26.922829,-0.32348806
2026-09-10 00:00:00,-16.0,-150.0,26.69771,-0.4047525
2026-09-10 00:00:00,-16.0,-148.0,27.088037,-0.39505345
2026-09-10 00:00:00,-16.0,-146.0,26.964066,-0.38424167
2026-09-10 00:00:00,-16.0,-144.0,26.686924,-0.41521022
2026-09-10 00:00:00,-16.0,-142.0,27.086515,-0.4669575
2026-09-10 00:00:00,-16.0,-140.0,26.895058,-0.41778755
2026-09-10 00:00:00,-16.0,-138.0,26.76871,-0.40680328
2026-09-10 00:00:00,-16.0,-136.0,26.683853,-0.40608564
2026-09-10 00:00:00,-16.0,-134.0,27.373348,-0.43959785
2026-09-10 00:00:00,-16.0,-132.0,27.302488,-0.4185776
2026-09-10 00:00:00,-16.0,-130.0,26.964025,-0.42619112
2026-09-10 00:00:00,-16.0,-128.0,26.939775,-0.4364156
2026-09-10 00:00:00,-16.0,-126.0,27.469688,-0.43442088
2026-09-10 00:00:00,-16.0,-124.0,26.96575,-0.40678018
2026-09-10 00:00:00,-16.0,-122.0,26.843052,-0.41747567
2026-09-10 00:00:00,-16.0,-120.0,27.061153,-0.37658176
2026-09-10 00:00:00,-16.0,-118.0,27.00573,-0.4034668
2026-09-10 00:00:00,-16.0,-116.0,27.319798,-0.36895952
2026-09-10 00:00:00,-16.0,-114.0,26.70718,-0.3653099
2026-09-10 00:00:00,-16.0,-112.0,26.798845,-0.33247826
2026-09-10 00:00:00,-16.0,-110.0,27.158537,-0.3632478
2026-09-10 00:00:00,-16.0,-108.0,27.143126,-0.34750593
2026-09-10 00:00:00,-16.0,-106.0,26.850733,-0.35031602
2026-09-10 00:00:00,-16.0,-104.0,26.826914,-0.33149794
2026-09-10 00:00:00,-16.0,-102.0,26.984089,-0.2976679
2026-09-10 00:00:00,-16.0,-100.0,27.00731,-0.26037455
2026-09-10 00:00:00,-16.0,-98.0,27.073093,-0.20303778
2026-09-10 00:00:00,-16.0,-96.0,27.14856,-0.19766872
2026-09-10 00:00:00,-16.0,-94.0,26.97704,-0.13253297
2026-09-10 00:00:00,-16.0,-92.0,27.074247,-0.17330118
2026-09-10 00:00:00,-16.0,-90.0,26.897003,-0.12321158
2026-09-10 00:00:00,-16.0,-88.0,27.165152,-0.14895825
2026-09-10 00:00:00,-16.0,-86.0,27.412474,-0.10637033
2026-09-10 00:00:00,-16.0,-84.0,27.082582,-0.10603893
2026-09-10 00:00:00,-16.0,-82.0,27.150991,-0.09677195
2026-09-10 00:00:00,-16.0,-80.0,26.5815,-0.036082774
2026-09-10 00:00:00,-16.0,-78.0,26.330397,-0.012568847
2026-09-10 00:00:00,-16.0,-76.0,26.94287,0.09143216
2026-09-10 00:00:00,-16.0,-74.0,27.169197,0.0046057547
2026-09-10 00:00:00,-16.0,-72.0,26.767607,0.08450035
2026-09-10 00:00:00,-16.0,-70.0,27.039736,0.025895797
2026-09-10 00:00:00,-16.0,-68.0,26.986214,0.055589557
2026-09-10 00:00:00,-16.0,-66.0,26.951885,0.15324491
2026-09-10 00:00:00,-16.0,-64.0,27.194914,0.122505225
2026-09-10 00:00:00,-16.0,-62.0,26.74499,0.13576661
2026-09-10 00:00:00,-16.0,-60.0,26.938263,0.07522422
2026-09-10 00:00:00,-16.0,-58.0,26.779465,0.13050571
2026-09-10 00:00:00,-16.0,-56.0,26.518005,0.17295913
2026-09-10 00:00:00,-16.0,-54.0,26.895695,0.25345597
2026-09-10 00:00:00,-16.0,-52.0,27.03318,0.17170654
2026-09-10 00:00:00,-16.0,-50.0,27.075539,0.12676129
2026-09-10 00:00:00,-16.0,-48.0,26.99915,0.16343029
2026-09-10 00:00:00,-16.0,-46.0,27.380854,0.1756277
2026-09-10 00:00:00,-16.0,-44.0,27.012867,0.1957314
2026-09-10 00:00:00,-16.0,-42.0,26.737703,0.14353405
2026-09-10 00:00:00,-16.0,-40.0,26.984266,0.19053891
2026-09-10 00:00:00,-16.0,-38.0,26.679062,0.11813209
2026-09-10 00:00:00,-16.0,-36.0,27.210102,0.15130652
2026-09-10 00:00:00,-16.0,-34.0,26.845533,0.107023686
2026-09-10 00:00:00,-16.0,-32.0,26.381823,0.16359884
2026-09-10 00:00:00,-16.0,-30.0,26.852917,0.12166253
2026-09-10 00:00:00,-16.0,-28.0,27.159094,0.10949836
2026-09-10 00:00:00,-16.0,-26.0,26.61739,0.0077843154
2026-09-10 00:00:00,-16.0,-24.0,27.26226,0.0075809173
2026-09-10 00:00:00,-16.0,-22.0,27.008562,0.051734805
2026-09-10 00:00:00,-16.0,-20.0,26.3242,0.07249571
2026-09-10 00:00:00,-16.0,-18.0,26.93304,0.02201102
2026-09-10 00:00:00,-16.0,-16.0,27.254154,0.049232714
2026-09-10 00:00:00,-16.0,-14.0,27.019415,0.04290304
2026-09-10 00:00:00,-16.0,-12.0,27.161943,0.06026814
2026-09-10 00:00:00,-16.0,-10.0,26.994606,0.03659158
2026-09-10 00:00:00,-16.0,-8.0,26.807035,0.012794795
2026-09-10 00:00:00,-16.0,-6.0,26.853476,-0.019816216
2026-09-10 00:00:00,-16.0,-4.0,26.812847,0.013372945
2026-09-10 00:00:00,-16.0,-2.0,26.821716,0.041352566
2026-09-10 00:00:00,-16.0,0.0,26.797007,0.023017565
2026-09-10 00:00:00,-16.0,2.0,27.068037,-0.005206152
2026-09-10 00:00:00,-16.0,4.0,27.032167,0.04862946
2026-09-10 00:00:00,-16.0,6.0,27.407145,0.051290136
2026-09-10 00:00:00,-16.0,8.0,26.871191,0.008504259
2026-09-10 00:00:00,-16.0,10.0,26.99794,0.054528303
2026-09-10 00:00:00,-16.0,12.0,26.480106,0.103718415
2026-09-10 00:00:00,-16.0,14.0,26.727146,-0.00090972724
2026-09-10 00:00:00,-16.0,16.0,26.888624,0.016726086
2026-09-10 00:00:00,-16.0,18.0,26.59053,0.064907074
2026-09-10 00:00:00,-16.0,20.0,26.654346,0.08529625
2026-09-10 00:00:00,-16.0,22.0,26.467976,0.042689376
2026-09-10 00:00:00,-16.0,24.0,27.337683,0.101315424
2026-09-10 00:00:00,-16.0,26.0,26.91327,0.111097574
2026-09-10 00:00:00,-16.0,28.0,26.946957,0.107413314
2026-09-10 00:00:00,-16.0,30.0,27.342337,0.10752805
2026-09-10 00:00:00,-16.0,32.0,26.76795,0.13082014
2026-09-10 00:00:00,-16.0,34.0,26.996317,0.15773442
2026-09-10 00:00:00,-16.0,36.0,27.423784,0.040503744
2026-09-10 00:00:00,-16.0,38.0,27.06828,0.11695557
2026-09-10 00:00:00,-16.0,40.0,26.855219,0.2113711
2026-09-10 00:00:00,-16.0,42.0,27.533075,0.1488641
2026-09-10 00:00:00,-16.0,44.0,27.11072,0.14133497
2026-09-10 00:00:00,-16.0,46.0,26.98701,0.14286035
2026-09-10 00:00:00,-16.0,48.0,27.085302,0.1490293
2026-09-10 00:00:00,-16.0,50.0,26.70187,0.15443665
2026-09-10 00:00:00,-16.0,52.0,27.09151,0.19486247
2026-09-10 00:00:00,-16.0,54.0,26.518574,0.15599488
2026-09-10 00:00:00,-16.0,56.0,26.796728,0.15507594
2026-09-10 00:00:00,-16.0,58.0,26.643913,0.15105323
2026-09-10 00:00:00,-16.0,60.0,27.067924,0.14453126
2026-09-10 00:00:00,-16.0,62.0,26.823668,0.1437156
2026-09-10 00:00:00,-16.0,64.0,27.235052,0.15116535
2026-09-10 00:00:00,-16.0,66.0,27.061539,0.14918438
2026-09-10 00:00:00,-16.0,68.0,27.149454,0.058654886
2026-09-10 00:00:00,-16.0,70.0,26.767761,0.06518603
2026-09-10 00:00:00,-16.0,72.0,27.156279,0.06244268
2026-09-10 00:00:00,-16.0,74.0,27.079422,0.017229278
2026-09-10 00:00:00,-16.0,76.0,27.044159,0.0023327959
2026-09-10 00:00:00,-16.0,78.0,27.07154,0.04257702
2026-09-10 00:00:00,-16.0,80.0,26.973259,0.0076537933
2026-09-10 00:00:00,-16.0,82.0,26.55614,-0.027482657
2026-09-10 00:00:00,-16.0,84.0,26.873312,-0.08109549
2026-09-10 00:00:00,-16.0,86.0,26.17419,-0.059467424
2026-09-10 00:00:00,-16.0,88.0,26.68221,-0.12360823
2026-09-10 00:00:00,-16.0,90.0,26.698397,-0.09829255
2026-09-10 00:00:00,-16.0,92.0,27.018461,-0.13356704
2026-09-10 00:00:00,-16.0,94.0,26.54819,-0.18973051
2026-09-10 00:00:00,-16.0,96.0,27.123575,-0.1794572
2026-09-10 00:00:00,-16.0,98.0,26.657043,-0.25984454
2026-09-10 00:00:00,-16.0,100.0,26.840485,-0.28624824
2026-09-10 00:00:00,-16.0,102.0,26.896528,-0.21596743
2026-09-10 00:00:00,-16.0,104.0,26.724625,-0.29350036
2026-09-10 00:00:00,-16.0,106.0,27.126312,-0.2411371
2026-09-10 00:00:00,-16.0,108.0,26.63304,-0.41518006
2026-09-10 00:00:00,-16.0,110.0,26.438086,-0.35916543
2026-09-10 00:00:00,-16.0,112.0,26.660816,-0.42491734
2026-09-10 00:00:00,-16.0,114.0,26.070509,-0.3764032
2026-09-10 00:00:00,-16.0,116.0,25.493248,-0.3889371
2026-09-10 00:00:00,-16.0,118.0,25.498283,-0.3715925
2026-09-10 00:00:00,-16.0,120.0,25.479183,-0.38576093
2026-09-10 00:00:00,-16.0,122.0,25.69029,-0.4357294
2026-09-10 00:00:00,-16.0,124.0,26.124945,-0.42183584
2026-09-10 00:00:00,-16.0,126.0,26.291027,-0.41538006
2026-09-10 00:00:00,-16.0,128.0,26.405375,-0.47467992
2026-09-10 00:00:00,-16.0,130.0,26.708635,-0.49077788
2026-09-10 00:00:00,-16.0,132.0,26.429728,-0.48460403
2026-09-10 00:00:00,-16.0,134.0,26.482462,-0.47956342
2026-09-10 00:00:00,-16.0,136.0,26.55017,-0.42670292
2026-09-10 00:00:00,-16.0,138.0,26.361021,-0.42369652
2026-09-10 00:00:00,-16.0,140.0,27.191633,-0.4722477
2026-09-10 00:00:00,-16.0,142.0,26.699617,-0.41320434
2026-09-10 00:00:00,-16.0,144.0,27.03021,-0.4017872
2026-09-10 00:00:00,-16.0,146.0,26.78244,-0.36531007
2026-09-10 00:00:00,-16.0,148.0,26.943935,-0.37719825
2026-09-10 00:00:00,-16.0,150.0,26.77607,-0.3679728
2026-09-10 00:00:00,-16.0,152.0,26.736702,-0.40441102
2026-09-10 00:00:00,-16.0,154.0,27.03247,-0.33831012
2026-09-10 00:00:00,-16.0,156.0,26.99397,-0.3924318
2026-09-10 00:00:00,-16.0,158.0,26.997126,-0.35360283
2026-09-10 00:00:00,-16.0,160.0,27.535002,-0.34207842
2026-09-10 00:00:00,-16.0,162.0,27.157722,-0.31265667
2026-09-10 00:00:00,-16.0,164.0,26.955074,-0.30857092
2026-09-10 00:00:00,-16.0,166.0,26.547575,-0.2965893
2026-09-10 00:00:00,-16.0,168.0,26.591162,-0.31176683
2026-09-10 00:00:00,-16.0,170.0,27.172161,-0.27176902
2026-09-10 00:00:00,-16.0,172.0,26.715416,-0.31846562
2026-09-10 00:00:00,-16.0,174.0,27.433937,-0.29692107
2026-09-10 00:00:00,-16.0,176.0,27.23572,-0.29718584
2026-09-10 00:00:00,-16.0,178.0,26.9571,-0.23363034
2026-09-10 00:00:00,-16.0,-180.0,27.358105,-0.28296548
2026-09-10 00:00:00,-14.0,-180.0,27.316238,-0.29554796
2026-09-10 00:00:00,-14.0,-178.0,27.084251,-0.29183522
2026-09-10 00:00:00,-14.0,-176.0,27.21293,-0.29670513
2026-09-10 00:00:00,-14.0,-174.0,27.560873,-0.26901102
2026-09-10 00:00:00,-14.0,-172.0,27.16719,-0.32365325
2026-09-10 00:00:00,-14.0,-170.0,27.466206,-0.24540843
2026-09-10 00:00:00,-14.0,-168.0,26.89557,-0.2669414
2026-09-10 00:00:00,-14.0,-166.0,27.437586,-0.30778766
2026-09-10 00:00:00,-14.0,-164.0,27.394802,-0.34755772
2026-09-10 00:00:00,-14.0,-162.0,27.072952,-0.26224095
2026-09-10 00:00:00,-14.0,-160.0,27.428019,-0.30890462
2026-09-10 00:00:00,-14.0,-158.0,27.09737,-0.31698656
2026-09-10 00:00:00,-14.0,-156.0,27.576805,-0.37404227
2026-09-10 00:00:00,-14.0,-154.0,27.515882,-0.3339488
2026-09-10 00:00:00,-14.0,-152.0,27.111338,-0.38701084
2026-09-10 00:00:00,-14.0,-150.0,26.928589,-0.37515527
2026-09-10 00:00:00,-14.0,-148.0,27.26977,-0.30990347
2026-09-10 00:00:00,-14.0,-146.0,27.488346,-0.39775044
2026-09-10 00:00:00,-14.0,-144.0,27.051044,-0.35052332
2026-09-10 00:00:00,-14.0,-142.0,26.998564,-0.3559663
2026-09-10 00:00:00,-14.0,-140.0,26.895643,-0.4002375
2026-09-10 00:00:00,-14.0,-138.0,26.892096,-0.4441718
2026-09-10 00:00:00,-14.0,-136.0,27.094576,-0.44162336
2026-09-10 00:00:00,-14.0,-134.0,27.286953,-0.42196512
2026-09-10 00:00:00,-14.0,-132.0,27.138124,-0.37821007
2026-09-10 00:00:00,-14.0,-130.0,26.739023,-0.4377319
2026-09-10 00:00:00,-14.0,-128.0,26.914557,-0.39010268
2026-09-10 00:00:00,-14.0,-126.0,27.314112,-0.41542518
2026-09-10 00:00:00,-14.0,-124.0,27.148329,-0.37123254
2026-09-10 00:00:00,-14.0,-122.0,27.280533,-0.38466227
2026-09-10 00:00:00,-14.0,-120.0,26.954666,-0.4216576
2026-09-10 00:00:00,-14.0,-118.0,27.341557,-0.42223412
2026-09-10 00:00:00,-14.0,-116.0,27.239662,-0.3396461
2026-09-10 00:00:00,-14.0,-114.0,26.909582,-0.33262652
2026-09-10 00:00:00,-14.0,-112.0,26.923847,-0.34023276
2026-09-10 00:00:00,-14.0,-110.0,26.99591,-0.32456556
2026-09-10 00:00:00,-14.0,-108.0,27.363964,-0.31184897
2026-09-10 00:00:00,-14.0,-106.0,26.956526,-0.244079
2026-09-10 00:00:00,-14.0,-104.0,27.043564,-0.19745034
2026-09-10 00:00:00,-14.0,-102.0,27.052736,-0.24026653
2026-09-10 00:00:00,-14.0,-100.0,26.96277,-0.19230558
2026-09-10 00:00:00,-14.0,-98.0,27.111069,-0.20989838
2026-09-10 00:00:00,-14.0,-96.0,27.034945,-0.2035295
2026-09-10 00:00:00,-14.0,-94.0,27.327694,-0.1472505
2026-09-10 00:00:00,-14.0,-92.0,27.620174,-0.11270968
2026-09-10 00:00:00,-14.0,-90.0,26.9048,-0.08779914
2026-09-10 00:00:00,-14.0,-88.0,26.875847,-0.08294694
2026-09-10 00:00:00,-14.0,-86.0,27.931446,-0.07355138
2026-09-10 00:00:00,-14.0,-84.0,27.477976,-0.074230716
2026-09-10 00:00:00,-14.0,-82.0,27.11625,0.011620966
2026-09-10 00:00:00,-14.0,-80.0,27.046946,-0.0053135655
2026-09-10 00:00:00,-14.0,-78.0,27.442461,0.05156183
2026-09-10 00:00:00,-14.0,-76.0,27.30229,-0.023851102
2026-09-10 00:00:00,-14.0,-74.0,27.033575,0.075430304
2026-09-10 00:00:00,-14.0,-72.0,27.49258,0.07122272
2026-09-10 00:00:00,-14.0,-70.0,27.478796,0.119166315
2026-09-10 00:00:00,-14.0,-68.0,27.086807,0.040185317
2026-09-10 00:00:00,-14.0,-66.0,27.693546,0.1294547
2026-09-10 00:00:00,-14.0,-64.0,27.130838,0.1062345
2026-09-10 00:00:00,-14.0,-62.0,27.149027,0.14677684
2026-09-10 00:00:00,-14.0,-60.0,27.200571,0.16045728
2026-09-10 00:00:00,-14.0,-58.0,26.958176,0.14970256
2026-09-10 00:00:00,-14.0,-56.0,27.380424,0.18764696
2026-09-10 00:00:00,-14.0,-54.0,26.969389,0.19802701
2026-09-10 00:00:00,-14.0,-52.0,27.276094,0.16798735
2026-09-10 00:00:00,-14.0,-50.0,27.566647,0.15323994
2026-09-10 00:00:00,-14.0,-48.0,26.976156,0.19535255
2026-09-10 00:00:00,-14.0,-46.0,27.137888,0.207702
2026-09-10 00:00:00,-14.0,-44.0,27.218111,0.17563151
2026-09-10 00:00:00,-14.0,-42.0,27.31929,0.1329756
2026-09-10 00:00:00,-14.0,-40.0,26.71253,0.16412061
2026-09-10 00:00:00,-14.0,-38.0,27.217468,0.15798557
2026-09-10 00:00:00,-14.0,-36.0,27.488192,0.17230207
2026-09-10 00:00:00,-14.0,-34.0,26.944204,0.18330906
2026-09-10 00:00:00,-14.0,-32.0,26.952179,0.1410768
2026-09-10 00:00:00,-14.0,-30.0,27.375875,0.11527181
2026-09-10 00:00:00,-14.0,-28.0,27.322048,0.162646
2026-09-10 00:00:00,-14.0,-26.0,26.930944,0.11343105
2026-09-10 00:00:00,-14.0,-24.0,27.552639,0.05603503
2026-09-10 00:00:00,-14.0,-22.0,26.775782,0.086913146
2026-09-10 00:00:00,-14.0,-20.0,27.159817,0.06076384
2026-09-10 00:00:00,-14.0,-18.0,27.477116,0.08117099
2026-09-10 00:00:00,-14.0,-16.0,27.75097,0.102874294
2026-09-10 00:00:00,-14.0,-14.0,26.858835,0.053183194
2026-09-10 00:00:00,-14.0,-12.0,27.041536,0.05120629
2026-09-10 00:00:00,-14.0,-10.0,26.855705,0.051382024
2026-09-10 00:00:00,-14.0,-8.0,27.101437,0.06874313
2026-09-10 00:00:00,-14.0,-6.0,27.209354,0.016848808
2026-09-10 00:00:00,-14.0,-4.0,27.456936,0.09999112
2026-09-10 00:00:00,-14.0,-2.0,27.276808,0.058457743
2026-09-10 00:00:00,-14.0,0.0,27.1275,0.003911956
2026-09-10 00:00:00,-14.0,2.0,27.620674,0.088108525
2026-09-10 00:00:00,-14.0,4.0,27.543198,0.011442882
2026-09-10 00:00:00,-14.0,6.0,26.799273,-0.032176156
2026-09-10 00:00:00,-14.0,8.0,27.470032,0.043764222
2026-09-10 00:00:00,-14.0,10.0,27.086084,0.07998383
2026-09-10 00:00:00,-14.0,12.0,27.085684,0.083015375
2026-09-10 00:00:00,-14.0,14.0,27.396904,-0.0014948355
2026-09-10 00:00:00,-14.0,16.0,26.822151,0.056033295
2026-09-10 00:00:00,-14.0,18.0,27.606386,0.05212442
2026-09-10 00:00:00,-14.0,20.0,26.984215,0.07947252
2026-09-10 00:00:00,-14.0,22.0,27.63114,0.13505736
2026-09-10 00:00:00,-14.0,24.0,27.129793,0.13912739
2026-09-10 00:00:00,-14.0,26.0,27.161316,0.10069565
2026-09-10 00:00:00,-14.0,28.0,27.119965,0.14460482
2026-09-10 00:00:00,-14.0,30.0,27.243427,0.090255134
2026-09-10 00:00:00,-14.0,32.0,27.37712,0.16248617
2026-09-10 00:00:00,-14.0,34.0,27.036114,0.19439751
2026-09-10 00:00:00,-14.0,36.0,27.116556,0.11380115
2026-09-10 00:00:00,-14.0,38.0,27.155884,0.22269432
2026-09-10 00:00:00,-14.0,40.0,27.346085,0.1801675
2026-09-10 00:00:00,-14.0,42.0,27.16188,0.13035862
2026-09-10 00:00:00,-14.0,44.0,27.260143,0.16041578
2026-09-10 00:00:00,-14.0,46.0,27.412046,0.17308505
2026-09-10 00:00:00,-14.0,48.0,27.059093,0.1687429
2026-09-10 00:00:00,-14.0,50.0,27.130346,0.16601878
2026-09-10 00:00:00,-14.0,52.0,27.116083,0.16698445
2026-09-10 00:00:00,-14.0,54.0,27.47154,0.13712016
2026-09-10 00:00:00,-14.0,56.0,27.061314,0.17225659
2026-09-10 00:00:00,-14.0,58.0,27.189747,0.14314762
2026-09-10 00:00:00,-14.0,60.0,27.332842,0.20319293
2026-09-10 00:00:00,-14.0,62.0,26.809618,0.19621806
2026-09-10 00:00:00,-14.0,64.0,27.29642,0.13375473
2026-09-10 00:00:00,-14.0,66.0,27.399351,0.06547341
2026-09-10 00:00:00,-14.0,68.0,27.114342,0.110994905
2026-09-10 00:00:00,-14.0,70.0,27.379543,0.08934767
2026-09-10 00:00:00,-14.0,72.0,27.036339,0.06907574
2026-09-10 00:00:00,-14.0,74.0,27.315783,0.042813744
2026-09-10 00:00:00,-14.0,76.0,27.129478,0.024486417
2026-09-10 00:00:00,-14.0,78.0,27.064587,0.034458183
2026-09-10 00:00:00,-14.0,80.0,27.05869,0.017405033
2026-09-10 00:00:00,-14.0,82.0,27.323023,-0.04456908
2026-09-10 00:00:00,-14.0,84.0,26.895489,-0.025374154
2026-09-10 00:00:00,-14.0,86.0,27.267372,-0.11572628
2026-09-10 00:00:00,-14.0,88.0,27.39155,-0.088022396
2026-09-10 00:00:00,-14.0,90.0,27.073597,-0.17201087
2026-09-10 00:00:00,-14.0,92.0,27.37716,-0.1349264
2026-09-10 00:00:00,-14.0,94.0,27.09527,-0.16583887
2026-09-10 00:00:00,-14.0,96.0,27.691198,-0.16083
2026-09-10 00:00:00,-14.0,98.0,27.028238,-0.19530909
2026-09-10 00:00:00,-14.0,100.0,26.827961,-0.2256229
2026-09-10 00:00:00,-14.0,102.0,27.32052,-0.23271027
2026-09-10 00:00:00,-14.0,104.0,27.023746,-0.26168495
2026-09-10 00:00:00,-14.0,106.0,27.43067,-0.2716691
2026-09-10 00:00:00,-14.0,108.0,26.424322,-0.26925042
2026-09-10 00:00:00,-14.0,110.0,26.809505,-0.34797004
2026-09-10 00:00:00,-14.0,112.0,26.343864,-0.32382098
2026-09-10 00:00:00,-14.0,114.0,26.615711,-0.24477138
2026-09-10 00:00:00,-14.0,116.0,26.481504,-0.2964358
2026-09-10 00:00:00,-14.0,118.0,26.008163,-0.38218054
2026-09-10 00:00:00,-14.0,120.0,25.777039,-0.36411554
2026-09-10 00:00:00,-14.0,122.0,26.16731,-0.3936895
2026-09-10 00:00:00,-14.0,124.0,26.10984,-0.36840487
2026-09-10 00:00:00,-14.0,126.0,26.547106,-0.4172676
2026-09-10 00:00:00,-14.0,128.0,26.14809,-0.3665048
2026-09-10 00:00:00,-14.0,130.0,26.459776,-0.42823938
2026-09-10 00:00:00,-14.0,132.0,27.033913,-0.43276188
2026-09-10 00:00:00,-14.0,134.0,27.076778,-0.40850437
2026-09-10 00:00:00,-14.0,136.0,26.906445,-0.42590657
2026-09-10 00:00:00,-14.0,138.0,26.97105,-0.38880742
2026-09-10 00:00:00,-14.0,140.0,27.225721,-0.37143642
2026-09-10 00:00:00,-14.0,142.0,26.958115,-0.35324168
2026-09-10 00:00:00,-14.0,144.0,27.421106,-0.3551269
2026-09-10 00:00:00,-14.0,146.0,27.250463,-0.37018767
2026-09-10 00:00:00,-14.0,148.0,27.022135,-0.38213542
2026-09-10 00:00:00,-14.0,150.0,27.646116,-0.34132165
2026-09-10 00:00:00,-14.0,152.0,27.363081,-0.32130527
2026-09-10 00:00:00,-14.0,154.0,27.079319,-0.33864692
2026-09-10 00:00:00,-14.0,156.0,27.220396,-0.37310347
2026-09-10 00:00:00,-14.0,158.0,26.95838,-0.34266236
2026-09-10 00:00:00,-14.0,160.0,27.272951,-0.3102356
2026-09-10 00:00:00,-14.0,162.0,26.79236,-0.37821564
2026-09-10 00:00:00,-14.0,164.0,27.053877,-0.25964022
2026-09-10 00:00:00,-14.0,166.0,26.577175,-0.27359992
2026-09-10 00:00:00,-14.0,168.0,27.487997,-0.28482032
2026-09-10 00:00:00,-14.0,170.0,27.388166,-0.24085435
2026-09-10 00:00:00,-14.0,172.0,26.632252,-0.3186048
2026-09-10 00:00:00,-14.0,174.0,27.172,-0.3072845
2026-09-10 00:00:00,-14.0,176.0,27.090101,-0.25708458
2026-09-10 00:00:00,-14.0,178.0,26.959995,-0.27318546
2026-09-10 00:00:00,-14.0,-180.0,27.308485,-0.27903742
2026-09-10 00:00:00,-12.0,-180.0,27.309782,-0.21399142
2026-09-10 00:00:00,-12.0,-178.0,27.605875,-0.33681858
2026-09-10 00:00:00,-12.0,-176.0,27.52256,-0.24317154
2026-09-10 00:00:00,-12.0,-174.0,27.406612,-0.27363133
2026-09-10 00:00:00,-12.0,-172.0,27.343283,-0.28582555
2026-09-10 00:00:00,-12.0,-170.0,27.59934,-0.27639136
2026-09-10 00:00:00,-12.0,-168.0,27.284147,-0.28623012
2026-09-10 00:00:00,-12.0,-166.0,27.163147,-0.30081233
2026-09-10 00:00:00,-12.0,-164.0,27.161345,-0.3309851
2026-09-10 00:00:00,-12.0,-162.0,27.54577,-0.27052325
2026-09-10 00:00:00,-12.0,-160.0,27.327862,-0.30805746
2026-09-10 00:00:00,-12.0,-158.0,27.457077,-0.3092707
2026-09-10 00:00:00,-12.0,-156.0,27.323387,-0.36416075
2026-09-10 00:00:00,-12.0,-154.0,27.353872,-0.32243085
2026-09-10 00:00:00,-12.0,-152.0,27.932468,-0.32875538
2026-09-10 00:00:00,-12.0,-150.0,27.634457,-0.35036996
2026-09-10 00:00:00,-12.0,-148.0,27.482618,-0.3349624
2026-09-10 00:00:00,-12.0,-146.0,27.66948,-0.3249689
2026-09-10 00:00:00,-12.0,-144.0,27.664839,-0.37630558
2026-09-10 00:00:00,-12.0,-142.0,27.149254,-0.3648128
2026-09-10 00:00:00,-12.0,-140.0,27.70738,-0.39946815
2026-09-10 00:00:00,-12.0,-138.0,27.595417,-0.3232142
2026-09-10 00:00:00,-12.0,-136.0,27.549618,-0.41465136
2026-09-10 00:00:00,-12.0,-134.0,27.220606,-0.4038753
2026-09-10 00:00:00,-12.0,-132.0,27.560564,-0.37713307
2026-09-10 00:00:00,-12.0,-130.0,27.426985,-0.39783356
2026-09-10 00:00:00,-12.0,-128.0,27.520288,-0.4081805
2026-09-10 00:00:00,-12.0,-126.0,27.351835,-0.33738604
2026-09-10 00:00:00,-12.0,-124.0,26.948727,-0.37430963
2026-09-10 00:00:00,-12.0,-122.0,27.124546,-0.37548444
2026-09-10 00:00:00,-12.0,-120.0,27.634912,-0.32688674
2026-09-10 00:00:00,-12.0,-118.0,27.233105,-0.33074865
2026-09-10 00:00:00,-12.0,-116.0,27.437094,-0.36045995
2026-09-10 00:00:00,-12.0,-114.0,27.34169,-0.33269373
2026-09-10 00:00:00,-12.0,-112.0,27.332346,-0.28840473
2026-09-10 00:00:00,-12.0,-110.0,27.126318,-0.36931396
2026-09-10 00:00:00,-12.0,-108.0,27.39523,-0.29426876
2026-09-10 00:00:00,-12.0,-106.0,27.494902,-0.2557474
2026-09-10 00:00:00,-12.0,-104.0,27.656824,-0.25311086
2026-09-10 00:00:00,-12.0,-102.0,27.199656,-0.19822416
2026-09-10 00:00:00,-12.0,-100.0,27.789158,-0.23580652
2026-09-10 00:00:00,-12.0,-98.0,27.66071,-0.19427659
2026-09-10 00:00:00,-12.0,-96.0,27.46658,-0.21744052
2026-09-10 00:00:00,-12.0,-94.0,27.174938,-0.1433235
2026-09-10 00:00:00,-12.0,-92.0,27.242723,-0.13679278
2026-09-10 00:00:00,-12.0,-90.0,27.401186,-0.08059682
2026-09-10 00:00:00,-12.0,-88.0,27.319574,-0.09510847
2026-09-10 00:00:00,-12.0,-86.0,27.394014,-0.07592687
2026-09-10 00:00:00,-12.0,-84.0,27.297483,-0.020550566
2026-09-10 00:00:00,-12.0,-82.0,27.58752,0.00010873318
2026-09-10 00:00:00,-12.0,-80.0,27.47397,-0.0056316126
2026-09-10 00:00:00,-12.0,-78.0,27.550077,-0.022516707
2026-09-10 00:00:00,-12.0,-76.0,27.390944,0.012279315
2026-09-10 00:00:00,-12.0,-74.0,27.624027,0.04088993
2026-09-10 00:00:00,-12.0,-72.0,27.201302,0.046432137
2026-09-10 00:00:00,-12.0,-70.0,27.709812,0.0950044
2026-09-10 00:00:00,-12.0,-68.0,27.41336,0.10441331
2026-09-10 00:00:00,-12.0,-66.0,27.2956,0.092115134
2026-09-10 00:00:00,-12.0,-64.0,27.644495,0.13300018
2026-09-10 00:00:00,-12.0,-62.0,27.019537,0.15465163
2026-09-10 00:00:00,-12.0,-60.0,27.383875,0.14577496
2026-09-10 00:00:00,-12.0,-58.0,27.396568,0.15513314
2026-09-10 00:00:00,-12.0,-56.0,27.359234,0.14344305
2026-09-10 00:00:00,-12.0,-54.0,27.436243,0.14249095
2026-09-10 00:00:00,-12.0,-52.0,26.999014,0.13935219
2026-09-10 00:00:00,-12.0,-50.0,27.082867,0.16849601
2026-09-10 00:00:00,-12.0,-48.0,27.469105,0.15566127
2026-09-10 00:00:00,-12.0,-46.0,27.077913,0.19012213
2026-09-10 00:00:00,-12.0,-44.0,27.246078,0.1853265
2026-09-10 00:00:00,-12.0,-42.0,26.991762,0.17683068
2026-09-10 00:00:00,-12.0,-40.0,27.242239,0.24558087
2026-09-10 00:00:00,-12.0,-38.0,27.665886,0.14718777
2026-09-10 00:00:00,-12.0,-36.0,27.29879,0.12897393
2026-09-10 00:00:00,-12.0,-34.0,27.542465,0.1409176
2026-09-10 00:00:00,-12.0,-32.0,27.053698,0.15613092
2026-09-10 00:00:00,-12.0,-30.0,27.319338,0.18181916
2026-09-10 00:00:00,-12.0,-28.0,27.945112,0.12756969
2026-09-10 00:00:00,-12.0,-26.0,27.682545,0.16946775
2026-09-10 00:00:00,-12.0,-24.0,27.455194,0.058258913
2026-09-10 00:00:00,-12.0,-22.0,26.659683,0.10984249
2026-09-10 00:00:00,-12.0,-20.0,27.31393,0.06952759
2026-09-10 00:00:00,-12.0,-18.0,27.222794,0.10419566
2026-09-10 00:00:00,-12.0,-16.0,27.607367,0.0648263
2026-09-10 00:00:00,-12.0,-14.0,27.560028,0.090211056
2026-09-10 00:00:00,-12.0,-12.0,28.100403,0.0688454
2026-09-10 00:00:00,-12.0,-10.0,27.562353,0.0601347
2026-09-10 00:00:00,-12.0,-8.0,27.214083,0.053983208
2026-09-10 00:00:00,-12.0,-6.0,27.629389,0.12546007
2026-09-10 00:00:00,-12.0,-4.0,27.383362,0.05495742
2026-09-10 00:00:00,-12.0,-2.0,27.647966,0.095087625
2026-09-10 00:00:00,-12.0,0.0,27.876162,0.110599056
2026-09-10 00:00:00,-12.0,2.0,27.550749,0.10128316
2026-09-10 00:00:00,-12.0,4.0,27.62441,0.10079746
2026-09-10 00:00:00,-12.0,6.0,27.6528,0.083666004
2026-09-10 00:00:00,-12.0,8.0,27.247402,0.06616511
2026-09-10 00:00:00,-12.0,10.0,27.473381,0.114796214
2026-09-10 00:00:00,-12.0,12.0,27.525743,0.05662401
2026-09-10 00:00:00,-12.0,14.0,27.21098,0.07662124
2026-09-10 00:00:00,-12.0,16.0,27.305674,0.10255468
2026-09-10 00:00:00,-12.0,18.0,27.41299,0.050574046
2026-09-10 00:00:00,-12.0,20.0,27.288433,0.1046774
2026-09-10 00:00:00,-12.0,22.0,27.680645,0.13115516
2026-09-10 00:00:00,-12.0,24.0,27.480257,0.123740286
2026-09-10 00:00:00,-12.0,26.0,27.227661,0.106269
2026-09-10 00:00:00,-12.0,28.0,27.807283,0.12015121
2026-09-10 00:00:00,-12.0,30.0,27.385904,0.17573346
2026-09-10 00:00:00,-12.0,32.0,27.198765,0.10575625
2026-09-10 00:00:00,-12.0,34.0,27.529713,0.13532048
2026-09-10 00:00:00,-12.0,36.0,27.98831,0.18116799
2026-09-10 00:00:00,-12.0,38.0,27.136545,0.20575853
2026-09-10 00:00:00,-12.0,40.0,27.678696,0.17718224
2026-09-10 00:00:00,-12.0,42.0,27.548012,0.12586185
2026-09-10 00:00:00,-12.0,44.0,27.417406,0.21950632
2026-09-10 00:00:00,-12.0,46.0,27.39894,0.1550612
2026-09-10 00:00:00,-12.0,48.0,27.70205,0.16161816
2026-09-10 00:00:00,-12.0,50.0,27.658943,0.1754528
2026-09-10 00:00:00,-12.0,52.0,27.156668,0.20093076
2026-09-10 00:00:00,-12.0,54.0,27.166386,0.1702974
2026-09-10 00:00:00,-12.0,56.0,27.157215,0.1643533
2026-09-10 00:00:00,-12.0,58.0,27.431322,0.16210668
2026-09-10 00:00:00,-12.0,60.0,27.506596,0.14510064
2026-09-10 00:00:00,-12.0,62.0,27.051601,0.16219851
2026-09-10 00:00:00,-12.0,64.0,27.496065,0.13360761
2026-09-10 00:00:00,-12.0,66.0,27.37985,0.14973293
2026-09-10 00:00:00,-12.0,68.0,27.425156,0.08481452
2026-09-10 00:00:00,-12.0,70.0,27.905989,0.09900837
2026-09-10 00:00:00,-12.0,72.0,27.206541,0.05125365
2026-09-10 00:00:00,-12.0,74.0,27.735422,0.07767452
2026-09-10 00:00:00,-12.0,76.0,27.206936,0.034297958
2026-09-10 00:00:00,-12.0,78.0,27.272028,0.0132656805
2026-09-10 00:00:00,-12.0,80.0,27.225107,-0.002616121
2026-09-10 00:00:00,-12.0,82.0,26.686827,-0.048002016
2026-09-10 00:00:00,-12.0,84.0,27.596262,-0.051331192
2026-09-10 00:00:00,-12.0,86.0,27.098312,-0.064307846
2026-09-10 00:00:00,-12.0,88.0,27.73944,-0.13373742
2026-09-10 00:00:00,-12.0,90.0,27.679066,-0.1110136
2026-09-10 00:00:00,-12.0,92.0,27.299463,-0.13719615
2026-09-10 00:00:00,-12.0,94.0,27.133394,-0.09504989
2026-09-10 00:00:00,-12.0,96.0,27.341873,-0.14717865
2026-09-10 00:00:00,-12.0,98.0,27.673798,-0.1253134
2026-09-10 00:00:00,-12.0,100.0,27.427774,-0.20611385
2026-09-10 00:00:00,-12.0,102.0,27.466528,-0.18213429
2026-09-10 00:00:00,-12.0,104.0,27.68625,-0.25549734
2026-09-10 00:00:00,-12.0,106.0,27.110199,-0.28525335
2026-09-10 00:00:00,-12.0,108.0,27.468729,-0.24902868
2026-09-10 00:00:00,-12.0,110.0,27.523066,-0.247979
2026-09-10 00:00:00,-12.0,112.0,26.778772,-0.28437567
2026-09-10 00:00:00,-12.0,114.0,26.49373,-0.30164787
2026-09-10 00:00:00,-12.0,116.0,26.52268,-0.29663217
2026-09-10 00:00:00,-12.0,118.0,26.324196,-0.30332756
2026-09-10 00:00:00,-12.0,120.0,26.239573,-0.37294915
2026-09-10 00:00:00,-12.0,122.0,26.300547,-0.33999354
2026-09-10 00:00:00,-12.0,124.0,26.215496,-0.3836727
2026-09-10 00:00:00,-12.0,126.0,26.226408,-0.31656858
2026-09-10 00:00:00,-12.0,128.0,26.796638,-0.4224791
2026-09-10 00:00:00,-12.0,130.0,27.187994,-0.40136006
2026-09-10 00:00:00,-12.0,132.0,26.905167,-0.36288494
2026-09-10 00:00:00,-12.0,134.0,27.375425,-0.39522505
2026-09-10 00:00:00,-12.0,136.0,26.922672,-0.38549402
2026-09-10 00:00:00,-12.0,138.0,27.54685,-0.41251382
2026-09-10 00:00:00,-12.0,140.0,26.82636,-0.3742043
2026-09-10 00:00:00,-12.0,142.0,27.457737,-0.36170495
2026-09-10 00:00:00,-12.0,144.0,27.860966,-0.4154897
2026-09-10 00:00:00,-12.0,146.0,27.504066,-0.338694
2026-09-10 00:00:00,-12.0,148.0,27.701593,-0.3399509
2026-09-10 00:00:00,-12.0,150.0,27.383316,-0.373428
2026-09-10 00:00:00,-12.0,152.0,27.470667,-0.31111896
2026-09-10 00:00:00,-12.0,154.0,27.146894,-0.3385682
2026-09-10 00:00:00,-12.0,156.0,27.161476,-0.3037621
2026-09-10 00:00:00,-12.0,158.0,27.453638,-0.30941057
2026-09-10 00:00:00,-12.0,160.0,27.857872,-0.31500593
2026-09-10 00:00:00,-12.0,162.0,27.38747,-0.27187896
2026-09-10 00:00:00,-12.0,164.0,27.51174,-0.307465
2026-09-10 00:00:00,-12.0,166.0,27.568367,-0.3174925
2026-09-10 00:00:00,-12.0,168.0,27.450684,-0.3232306
2026-09-10 00:00:00,-12.0,170.0,27.176332,-0.26597923
2026-09-10 00:00:00,-12.0,172.0,27.210247,-0.3022204
2026-09-10 00:00:00,-12.0,174.0,27.424469,-0.25347188
2026-09-10 00:00:00,-12.0,176.0,27.915764,-0.30764621
2026-09-10 00:00:00,-12.0,178.0,27.089916,-0.24302526
2026-09-10 00:00:00,-12.0,-180.0,27.448145,-0.21965271
2026-09-10 00:00:00,-10.0,-180.0,27.6102,-0.2901225
2026-09-10 00:00:00,-10.0,-178.0,27.711924,-0.22948882
2026-09-10 00:00:00,-10.0,-176.0,28.093838,-0.2925461
2026-09-10 00:00:00,-10.0,-174.0,27.658964,-0.23863322
2026-09-10 00:00:00,-10.0,-172.0,27.781752,-0.29318994
2026-09-10 00:00:00,-10.0,-170.0,27.507458,-0.3210131
2026-09-10 00:00:00,-10.0,-168.0,27.413631,-0.27000335
2026-09-10 00:00:00,-10.0,-166.0,27.840448,-0.29408038
2026-09-10 00:00:00,-10.0,-164.0,27.352266,-0.3054466
2026-09-10 00:00:00,-10.0,-162.0,27.439482,-0.31664205
2026-09-10 00:00:00,-10.0,-160.0,27.436031,-0.31700203
2026-09-10 00:00:00,-10.0,-158.0,28.001173,-0.2901563
2026-09-10 00:00:00,-10.0,-156.0,27.394897,-0.33896214
2026-09-10 00:00:00,-10.0,-154.0,27.510527,-0.30249205
2026-09-10 00:00:00,-10.0,-152.0,27.31508,-0.30897164
2026-09-10 00:00:00,-10.0,-150.0,27.47576,-0.3751242
2026-09-10 00:00:00,-10.0,-148.0,27.383297,-0.36154583
2026-09-10 00:00:00,-10.0,-146.0,27.868734,-0.32030973
2026-09-10 00:00:00,-10.0,-144.0,27.967138,-0.32357788
2026-09-10 00:00:00,-10.0,-142.0,28.108047,-0.3801148
2026-09-10 00:00:00,-10.0,-140.0,27.722727,-0.34748027
2026-09-10 00:00:00,-10.0,-138.0,27.777729,-0.345829
2026-09-10 00:00:00,-10.0,-136.0,27.821665,-0.30347142
2026-09-10 00:00:00,-10.0,-134.0,27.506584,-0.28005776
2026-09-10 00:00:00,-10.0,-132.0,28.035404,-0.36287773
2026-09-10 00:00:00,-10.0,-130.0,27.951761,-0.32561657
2026-09-10 00:00:00,-10.0,-128.0,27.857912,-0.3003873
2026-09-10 00:00:00,-10.0,-126.0,28.314814,-0.34705383
2026-09-10 00:00:00,-10.0,-124.0,27.993204,-0.34562162
2026-09-10 00:00:00,-10.0,-122.0,27.798033,-0.32950684
2026-09-10 00:00:00,-10.0,-120.0,27.5121,-0.31988427
2026-09-10 00:00:00,-10.0,-118.0,27.710667,-0.26665652
2026-09-10 00:00:00,-10.0,-116.0,27.727978,-0.28715014
2026-09-10 00:00:00,-10.0,-114.0,27.650928,-0.3273848
2026-09-10 00:00:00,-10.0,-112.0,27.859999,-0.25312713
2026-09-10 00:00:00,-10.0,-110.0,27.496172,-0.21331404
2026-09-10 00:00:00,-10.0,-108.0,27.45212,-0.27977955
2026-09-10 00:00:00,-10.0,-106.0,27.689663,-0.23251587
2026-09-10 00:00:00,-10.0,-104.0,27.6382,-0.23287742
2026-09-10 00:00:00,-10.0,-102.0,28.018877,-0.25189713
2026-09-10 00:00:00,-10.0,-100.0,27.835583,-0.20257348
2026-09-10 00:00:00,-10.0,-98.0,28.283781,-0.16940938
2026-09-10 00:00:00,-10.0,-96.0,28.104467,-0.16972826
2026-09-10 00:00:00,-10.0,-94.0,27.589832,-0.13835892
2026-09-10 00:00:00,-10.0,-92.0,27.854631,-0.08103339
2026-09-10 00:00:00,-10.0,-90.0,27.937664,-0.106992446
2026-09-10 00:00:00,-10.0,-88.0,27.501072,-0.024156462
2026-09-10 00:00:00,-10.0,-86.0,27.486746,-0.076194316
2026-09-10 00:00:00,-10.0,-84.0,27.272589,-0.012885145
2026-09-10 00:00:00,-10.0,-82.0,28.002077,0.06373432
2026-09-10 00:00:00,-10.0,-80.0,27.458334,0.028756496
2026-09-10 00:00:00,-10.0,-78.0,27.605896,0.045991488
2026-09-10 00:00:00,-10.0,-76.0,27.607813,0.018125834
2026-09-10 00:00:00,-10.0,-74.0,27.767687,0.05641242
2026-09-10 00:00:00,-10.0,-72.0,27.567286,0.09987484
2026-09-10 00:00:00,-10.0,-70.0,27.468775,0.12176434
2026-09-10 00:00:00,-10.0,-68.0,27.488747,0.13075279
2026-09-10 00:00:00,-10.0,-66.0,27.656368,0.11631241
2026-09-10 00:00:00,-10.0,-64.0,27.254784,0.13728186
2026-09-10 00:00:00,-10.0,-62.0,27.73658,0.09948244
2026-09-10 00:00:00,-10.0,-60.0,27.762318,0.17424488
2026-09-10 00:00:00,-10.0,-58.0,27.638157,0.18329233
2026-09-10 00:00:00,-10.0,-56.0,27.488289,0.19580479
2026-09-10 00:00:00,-10.0,-54.0,27.961378,0.1578664
2026-09-10 00:00:00,-10.0,-52.0,27.921297,0.14308794
2026-09-10 00:00:00,-10.0,-50.0,27.433125,0.20690545
2026-09-10 00:00:00,-10.0,-48.0,27.626507,0.21367645
2026-09-10 00:00:00,-10.0,-46.0,27.809237,0.18757409
2026-09-10 00:00:00,-10.0,-44.0,27.367085,0.1615519
2026-09-10 00:00:00,-10.0,-42.0,27.991287,0.26543853
2026-09-10 00:00:00,-10.0,-40.0,27.513983,0.14620003
2026-09-10 00:00:00,-10.0,-38.0,27.472439,0.17605655
2026-09-10 00:00:00,-10.0,-36.0,27.695143,0.16564415
2026-09-10 00:00:00,-10.0,-34.0,27.910067,0.14352125
2026-09-10 00:00:00,-10.0,-32.0,27.445711,0.1397332
2026-09-10 00:00:00,-10.0,-30.0,27.593264,0.11989347
2026-09-10 00:00:00,-10.0,-28.0,27.857573,0.11646985
2026-09-10 00:00:00,-10.0,-26.0,28.246887,0.15550649
2026-09-10 00:00:00,-10.0,-24.0,27.494333,0.14326869
2026-09-10 00:00:00,-10.0,-22.0,27.727005,0.10412927
2026-09-10 00:00:00,-10.0,-20.0,27.44483,0.15356182
2026-09-10 00:00:00,-10.0,-18.0,27.318419,0.12941238
2026-09-10 00:00:00,-10.0,-16.0,27.71668,0.11196352
2026-09-10 00:00:00,-10.0,-14.0,27.513315,0.15912285
2026-09-10 00:00:00,-10.0,-12.0,27.875143,0.12827122
2026-09-10 00:00:00,-10.0,-10.0,27.526052,0.09023352
2026-09-10 00:00:00,-10.0,-8.0,27.755585,0.15835096
2026-09-10 00:00:00,-10.0,-6.0,27.337683,0.09924124
2026-09-10 00:00:00,-10.0,-4.0,27.701708,0.10876102
2026-09-10 00:00:00,-10.0,-2.0,27.591484,0.11365678
2026-09-10 00:00:00,-10.0,0.0,27.509842,0.0925412
2026-09-10 00:00:00,-10.0,2.0,27.649258,0.095029704
2026-09-10 00:00:00,-10.0,4.0,27.580273,0.11298752
2026-09-10 00:00:00,-10.0,6.0,27.317621,0.09683432
2026-09-10 00:00:00,-10.0,8.0,27.74057,0.04978167
2026-09-10 00:00:00,-10.0,10.0,27.273466,0.121213526
2026-09-10 00:00:00,-10.0,12.0,27.609118,0.09583342
2026-09-10 00:00:00,-10.0,14.0,27.738783,0.10699678
2026-09-10 00:00:00,-10.0,16.0,27.237108,0.10684312
2026-09-10 00:00:00,-10.0,18.0,27.85411,0.120669335
2026-09-10 00:00:00,-10.0,20.0,27.32636,0.14123644
2026-09-10 00:00:00,-10.0,22.0,27.557104,0.16126232
2026-09-10 00:00:00,-10.0,24.0,27.533352,0.10555625
2026-09-10 00:00:00,-10.0,26.0,27.344608,0.14659764
2026-09-10 00:00:00,-10.0,28.0,27.711538,0.13530362
2026-09-10 00:00:00,-10.0,30.0,27.976393,0.16887385
2026-09-10 00:00:00,-10.0,32.0,28.018393,0.16447747
2026-09-10 00:00:00,-10.0,34.0,27.671412,0.15707217
2026-09-10 00:00:00,-10.0,36.0,27.549976,0.12481138
2026-09-10 00:00:00,-10.0,38.0,27.247972,0.1936988
2026-09-10 00:00:00,-10.0,40.0,27.5017,0.19400942
2026-09-10 00:00:00,-10.0,42.0,28.062094,0.19069706
2026-09-10 00:00:00,-10.0,44.0,27.4829,0.09647311
2026-09-10 00:00:00,-10.0,46.0,27.62643,0.10311131
2026-09-10 00:00:00,-10.0,48.0,27.51947,0.17775907
2026-09-10 00:00:00,-10.0,50.0,27.54881,0.14646532
2026-09-10 00:00:00,-10.0,52.0,27.546293,0.17694527
2026-09-10 00:00:00,-10.0,54.0,27.569763,0.13341014
2026-09-10 00:00:00,-10.0,56.0,27.598207,0.18900786
2026-09-10 00:00:00,-10.0,58.0,27.307148,0.18257608
2026-09-10 00:00:00,-10.0,60.0,27.15188,0.17280173
2026-09-10 00:00:00,-10.0,62.0,27.36182,0.1842783
2026-09-10 00:00:00,-10.0,64.0,27.52547,0.09511166
2026-09-10 00:00:00,-10.0,66.0,27.570581,0.13966195
2026-09-10 00:00:00,-10.0,68.0,27.486708,0.14022884
2026-09-10 00:00:00,-10.0,70.0,27.949997,0.09787773
2026-09-10 00:00:00,-10.0,72.0,27.482056,0.08279482
2026-09-10 00:00:00,-10.0,74.0,27.622011,0.09117946
2026-09-10 00:00:00,-10.0,76.0,27.60437,0.049377218
2026-09-10 00:00:00,-10.0,78.0,27.820726,0.0670423
2026-09-10 00:00:00,-10.0,80.0,27.514385,0.0010319257
2026-09-10 00:00:00,-10.0,82.0,27.929161,-0.017094353
2026-09-10 00:00:00,-10.0,84.0,27.608213,-0.01852652
2026-09-10 00:00:00,-10.0,86.0,27.441666,-0.070795156
2026-09-10 00:00:00,-10.0,88.0,27.786196,-0.06656872
2026-09-10 00:00:00,-10.0,90.0,27.724085,-0.12108871
2026-09-10 00:00:00,-10.0,92.0,27.642866,-0.08522791
2026-09-10 00:00:00,-10.0,94.0,27.577442,-0.12881951
2026-09-10 00:00:00,-10.0,96.0,27.328434,-0.14714074
2026-09-10 00:00:00,-10.0,98.0,27.30491,-0.15203379
2026-09-10 00:00:00,-10.0,100.0,27.931808,-0.16767128
2026-09-10 00:00:00,-10.0,102.0,27.245646,-0.21725123
2026-09-10 00:00:00,-10.0,104.0,27.046328,-0.23597336
2026-09-10 00:00:00,-10.0,106.0,27.42335,-0.21919458
2026-09-10 00:00:00,-10.0,108.0,27.184036,-0.23505844
2026-09-10 00:00:00,-10.0,110.0,27.249252,-0.26235548
2026-09-10 00:00:00,-10.0,112.0,26.730297,-0.20231336
2026-09-10 00:00:00,-10.0,114.0,26.76767,-0.2690391
2026-09-10 00:00:00,-10.0,116.0,26.791082,-0.31603825
2026-09-10 00:00:00,-10.0,118.0,26.80481,-0.28666875
2026-09-10 00:00:00,-10.0,120.0,26.556402,-0.28535953
2026-09-10 00:00:00,-10.0,122.0,26.789442,-0.3694854
2026-09-10 00:00:00,-10.0,124.0,26.966534,-0.32101896
2026-09-10 00:00:00,-10.0,126.0,26.921808,-0.3729212
2026-09-10 00:00:00,-10.0,128.0,27.03806,-0.34445065
2026-09-10 00:00:00,-10.0,130.0,27.078672,-0.35669526
2026-09-10 00:00:00,-10.0,132.0,26.951635,-0.34027988
2026-09-10 00:00:00,-10.0,134.0,27.247164,-0.33536446
2026-09-10 00:00:00,-10.0,136.0,28.06331,-0.3132251
2026-09-10 00:00:00,-10.0,138.0,28.448458,-0.34370932
2026-09-10 00:00:00,-10.0,140.0,27.753649,-0.3243611
2026-09-10 00:00:00,-10.0,142.0,27.187408,-0.3814493
2026-09-10 00:00:00,-10.0,144.0,27.687443,-0.42560616
2026-09-10 00:00:00,-10.0,146.0,28.104023,-0.30161116
2026-09-10 00:00:00,-10.0,148.0,27.949701,-0.3297639
2026-09-10 00:00:00,-10.0,150.0,28.00759,-0.39766136
2026-09-10 00:00:00,-10.0,152.0,27.718908,-0.31280723
2026-09-10 00:00:00,-10.0,154.0,27.749302,-0.3369465
2026-09-10 00:00:00,-10.0,156.0,27.473194,-0.31963992
2026-09-10 00:00:00,-10.0,158.0,27.66048,-0.27977747
2026-09-10 00:00:00,-10.0,160.0,27.690825,-0.28481105
2026-09-10 00:00:00,-10.0,162.0,27.90158,-0.35503554
2026-09-10 00:00:00,-10.0,164.0,27.748928,-0.24349998
2026-09-10 00:00:00,-10.0,166.0,27.339375,-0.34143344
2026-09-10 00:00:00,-10.0,168.0,27.52359,-0.28555775
2026-09-10 00:00:00,-10.0,170.0,27.818897,-0.2531768
2026-09-10 00:00:00,-10.0,172.0,27.655119,-0.2827735
2026-09-10 00:00:00,-10.0,174.0,27.35595,-0.27821591
2026-09-10 00:00:00,-10.0,176.0,27.429562,-0.2899081
2026-09-10 00:00:00,-10.0,178.0,27.472506,-0.29515764
2026-09-10 00:00:00,-10.0,-180.0,27.407707,-0.29309177
2026-09-10 00:00:00,-8.0,-180.0,27.66791,-0.27518934
2026-09-10 00:00:00,-8.0,-178.0,27.873838,-0.3373306
2026-09-10 00:00:00,-8.0,-176.0,27.868645,-0.3222988
2026-09-10 00:00:00,-8.0,-174.0,28.049551,-0.18650971
2026-09-10 00:00:00,-8.0,-172.0,28.486767,-0.26149854
2026-09-10 00:00:00,-8.0,-170.0,27.636536,-0.3274974
2026-09-10 00:00:00,-8.0,-168.0,27.638323,-0.24817614
2026-09-10 00:00:00,-8.0,-166.0,27.709482,-0.26032788
2026-09-10 00:00:00,-8.0,-164.0,27.716639,-0.32235402
2026-09-10 00:00:00,-8.0,-162.0,27.941916,-0.31564713
2026-09-10 00:00:00,-8.0,-160.0,28.04616,-0.27595794
2026-09-10 00:00:00,-8.0,-158.0,27.841806,-0.30962616
2026-09-10 00:00:00,-8.0,-156.0,27.667072,-0.3320534
2026-09-10 00:00:00,-8.0,-154.0,28.21169,-0.31019643
2026-09-10 00:00:00,-8.0,-152.0,27.75621,-0.2961987
2026-09-10 00:00:00,-8.0,-150.0,27.97479,-0.2945179
2026-09-10 00:00:00,-8.0,-148.0,27.759895,-0.33608526
2026-09-10 00:00:00,-8.0,-146.0,27.6695,-0.30701232
2026-09-10 00:00:00,-8.0,-144.0,27.922955,-0.37370396
2026-09-10 00:00:00,-8.0,-142.0,28.15081,-0.31326255
2026-09-10 00:00:00,-8.0,-140.0,28.036982,-0.30277297
2026-09-10 00:00:00,-8.0,-138.0,27.91576,-0.31362155
2026-09-10 00:00:00,-8.0,-136.0,27.949413,-0.25530246
2026-09-10 00:00:00,-8.0,-134.0,27.475388,-0.32447165
2026-09-10 00:00:00,-8.0,-132.0,27.631735,-0.3142321
2026-09-10 00:00:00,-8.0,-130.0,28.139046,-0.2971134
2026-09-10 00:00:00,-8.0,-128.0,27.67757,-0.32826212
2026-09-10 00:00:00,-8.0,-126.0,27.787403,-0.32415935
2026-09-10 00:00:00,-8.0,-124.0,27.870626,-0.27575272
2026-09-10 00:00:00,-8.0,-122.0,27.651709,-0.37055206
2026-09-10 00:00:00,-8.0,-120.0,27.88419,-0.2930219
2026-09-10 00:00:00,-8.0,-118.0,28.170929,-0.3135513
2026-09-10 00:00:00,-8.0,-116.0,27.537008,-0.23250672
2026-09-10 00:00:00,-8.0,-114.0,28.071404,-0.24622604
2026-09-10 00:00:00,-8.0,-112.0,28.023672,-0.2903745
2026-09-10 00:00:00,-8.0,-110.0,28.219242,-0.18083629
2026-09-10 00:00:00,-8.0,-108.0,28.222586,-0.2020151
2026-09-10 00:00:00,-8.0,-106.0,27.837986,-0.20944154
2026-09-10 00:00:00,-8.0,-104.0,27.43136,-0.18045154
2026-09-10 00:00:00,-8.0,-102.0,27.988306,-0.23241821
2026-09-10 00:00:00,-8.0,-100.0,28.27838,-0.19422519
2026-09-10 00:00:00,-8.0,-98.0,27.736536,-0.10061049
2026-09-10 00:00:00,-8.0,-96.0,27.888113,-0.1870469
2026-09-10 00:00:00,-8.0,-94.0,28.075201,-0.107976064
2026-09-10 00:00:00,-8.0,-92.0,27.657297,-0.027962655
2026-09-10 00:00:00,-8.0,-90.0,27.606295,-0.09066496
2026-09-10 00:00:00,-8.0,-88.0,28.188671,-0.038903285
2026-09-10 00:00:00,-8.0,-86.0,27.850367,0.003632626
2026-09-10 00:00:00,-8.0,-84.0,28.07327,0.036218356
2026-09-10 00:00:00,-8.0,-82.0,27.765863,0.009193607
2026-09-10 00:00:00,-8.0,-80.0,27.784613,0.034076482
2026-09-10 00:00:00,-8.0,-78.0,27.898857,0.0324338
2026-09-10 00:00:00,-8.0,-76.0,28.05949,0.10875532
2026-09-10 00:00:00,-8.0,-74.0,27.892162,0.10210032
2026-09-10 00:00:00,-8.0,-72.0,27.945616,0.10011104
2026-09-10 00:00:00,-8.0,-70.0,28.129892,0.11596323
2026-09-10 00:00:00,-8.0,-68.0,27.840208,0.079993665
2026-09-10 00:00:00,-8.0,-66.0,27.108377,0.06503769
2026-09-10 00:00:00,-8.0,-64.0,27.68891,0.1540555
2026-09-10 00:00:00,-8.0,-62.0,27.543608,0.11035451
2026-09-10 00:00:00,-8.0,-60.0,27.469059,0.13600048
2026-09-10 00:00:00,-8.0,-58.0,27.721949,0.16900672
2026-09-10 00:00:00,-8.0,-56.0,27.733932,0.17821032
2026-09-10 00:00:00,-8.0,-54.0,28.126667,0.15611933
2026-09-10 00:00:00,-8.0,-52.0,28.122433,0.18471858
2026-09-10 00:00:00,-8.0,-50.0,28.225578,0.19659577
2026-09-10 00:00:00,-8.0,-48.0,28.060099,0.18265225
2026-09-10 00:00:00,-8.0,-46.0,27.567993,0.15691574
2026-09-10 00:00:00,-8.0,-44.0,27.702995,0.17773843
2026-09-10 00:00:00,-8.0,-42.0,27.377836,0.168635
2026-09-10 00:00:00,-8.0,-40.0,27.718449,0.16245775
2026-09-10 00:00:00,-8.0,-38.0,28.526604,0.16089678
2026-09-10 00:00:00,-8.0,-36.0,27.715666,0.19940381
2026-09-10 00:00:00,-8.0,-34.0,27.821545,0.17194253
2026-09-10 00:00:00,-8.0,-32.0,28.08745,0.1870257
2026-09-10 00:00:00,-8.0,-30.0,27.661358,0.20015866
2026-09-10 00:00:00,-8.0,-28.0,27.96743,0.20377408
2026-09-10 00:00:00,-8.0,-26.0,28.02293,0.1940618
2026-09-10 00:00:00,-8.0,-24.0,27.667675,0.21260309
2026-09-10 00:00:00,-8.0,-22.0,28.008984,0.1856692
2026-09-10 00:00:00,-8.0,-20.0,27.906044,0.107715026
2026-09-10 00:00:00,-8.0,-18.0,27.62965,0.18161051
2026-09-10 00:00:00,-8.0,-16.0,27.350887,0.16584784
2026-09-10 00:00:00,-8.0,-14.0,27.801895,0.14370835
2026-09-10 00:00:00,-8.0,-12.0,28.017242,0.13416477
2026-09-10 00:00:00,-8.0,-10.0,27.64263,0.10844216
2026-09-10 00:00:00,-8.0,-8.0,28.334742,0.13347502
2026-09-10 00:00:00,-8.0,-6.0,27.825853,0.08612575
2026-09-10 00:00:00,-8.0,-4.0,28.215944,0.10130434
2026-09-10 00:00:00,-8.0,-2.0,27.275972,0.11623626
2026-09-10 00:00:00,-8.0,0.0,27.711025,0.13704951
2026-09-10 00:00:00,-8.0,2.0,27.694338,0.18352704
2026-09-10 00:00:00,-8.0,4.0,27.784782,0.1451382
2026-09-10 00:00:00,-8.0,6.0,28.031336,0.16483723
2026-09-10 00:00:00,-8.0,8.0,27.65306,0.10852444
2026-09-10 00:00:00,-8.0,10.0,28.193064,0.1617744
2026-09-10 00:00:00,-8.0,12.0,27.72604,0.15754674
2026-09-10 00:00:00,-8.0,14.0,27.603027,0.14751123
2026-09-10 00:00:00,-8.0,16.0,28.043827,0.14286569
2026-09-10 00:00:00,-8.0,18.0,28.101444,0.17525643
2026-09-10 00:00:00,-8.0,20.0,27.430456,0.117858365
2026-09-10 00:00:00,-8.0,22.0,28.038073,0.13718416
2026-09-10 00:00:00,-8.0,24.0,27.827122,0.13382506
2026-09-10 00:00:00,-8.0,26.0,27.726835,0.19889428
2026-09-10 00:00:00,-8.0,28.0,27.49892,0.21717304
2026-09-10 00:00:00,-8.0,30.0,27.77735,0.14916487
2026-09-10 00:00:00,-8.0,32.0,27.389917,0.222875
2026-09-10 00:00:00,-8.0,34.0,27.90533,0.13160634
2026-09-10 00:00:00,-8.0,36.0,27.8412,0.20954941
2026-09-10 00:00:00,-8.0,38.0,27.86717,0.21153279
2026-09-10 00:00:00,-8.0,40.0,27.948608,0.17051877
2026-09-10 00:00:00,-8.0,42.0,28.184221,0.16929643
2026-09-10 00:00:00,-8.0,44.0,27.761742,0.22301574
2026-09-10 00:00:00,-8.0,46.0,27.711315,0.16003041
2026-09-10 00:00:00,-8.0,48.0,27.840063,0.15317407
2026-09-10 00:00:00,-8.0,50.0,28.074854,0.19821969
2026-09-10 00:00:00,-8.0,52.0,27.592018,0.19442546
2026-09-10 00:00:00,-8.0,54.0,27.947937,0.17438386
2026-09-10 00:00:00,-8.0,56.0,27.653028,0.1377377
2026-09-10 00:00:00,-8.0,58.0,27.679882,0.16295575
2026-09-10 00:00:00,-8.0,60.0,27.672045,0.18324378
2026-09-10 00:00:00,-8.0,62.0,27.905321,0.1582023
2026-09-10 00:00:00,-8.0,64.0,27.588156,0.11368875
2026-09-10 00:00:00,-8.0,66.0,28.090235,0.1465384
2026-09-10 00:00:00,-8.0,68.0,27.592552,0.17891985
2026-09-10 00:00:00,-8.0,70.0,27.90758,0.039982855
2026-09-10 00:00:00,-8.0,72.0,27.622576,0.13112384
2026-09-10 00:00:00,-8.0,74.0,27.690626,0.12537971
2026-09-10 00:00:00,-8.0,76.0,27.593985,0.018288378
2026-09-10 00:00:00,-8.0,78.0,27.800394,0.04925626
2026-09-10 00:00:00,-8.0,80.0,27.787134,-0.005279342
2026-09-10 00:00:00,-8.0,82.0,27.601229,0.046872154
2026-09-10 00:00:00,-8.0,84.0,27.576511,0.024955342
2026-09-10 00:00:00,-8.0,86.0,27.548464,-0.020639213
2026-09-10 00:00:00,-8.0,88.0,27.884283,-0.061356697
2026-09-10 00:00:00,-8.0,90.0,27.80773,-0.08787388
2026-09-10 00:00:00,-8.0,92.0,27.687925,-0.14911641
2026-09-10 00:00:00,-8.0,94.0,28.240252,-0.0847811
2026-09-10 00:00:00,-8.0,96.0,27.795086,-0.14951254
2026-09-10 00:00:00,-8.0,98.0,27.880005,-0.17343606
2026-09-10 00:00:00,-8.0,100.0,27.925879,-0.15883228
2026-09-10 00:00:00,-8.0,102.0,27.622536,-0.20112093
2026-09-10 00:00:00,-8.0,104.0,27.49633,-0.1710929
2026-09-10 00:00:00,-8.0,106.0,27.693886,-0.22596253
2026-09-10 00:00:00,-8.0,108.0,28.10517,-0.26135126
2026-09-10 00:00:00,-8.0,110.0,27.609837,-0.25852302
2026-09-10 00:00:00,-8.0,112.0,27.435072,-0.24275954
2026-09-10 00:00:00,-8.0,114.0,27.253445,-0.29256043
2026-09-10 00:00:00,-8.0,116.0,27.434177,-0.27415833
2026-09-10 00:00:00,-8.0,118.0,27.111254,-0.2901848
2026-09-10 00:00:00,-8.0,120.0,27.212753,-0.2974811
2026-09-10 00:00:00,-8.0,122.0,27.394775,-0.3060011
2026-09-10 00:00:00,-8.0,124.0,27.044079,-0.29063272
2026-09-10 00:00:00,-8.0,126.0,27.150564,-0.26982504
2026-09-10 00:00:00,-8.0,128.0,27.676737,-0.34690654
2026-09-10 00:00:00,-8.0,130.0,27.541344,-0.3672139
2026-09-10 00:00:00,-8.0,132.0,27.57136,-0.32613167
2026-09-10 00:00:00,-8.0,134.0,27.819387,-0.32654124
2026-09-10 00:00:00,-8.0,136.0,27.426645,-0.34284946
2026-09-10 00:00:00,-8.0,138.0,27.804348,-0.3395237
2026-09-10 00:00:00,-8.0,140.0,27.79389,-0.36636302
2026-09-10 00:00:00,-8.0,142.0,27.826595,-0.31328884
2026-09-10 00:00:00,-8.0,144.0,27.712402,-0.33392987
2026-09-10 00:00:00,-8.0,146.0,28.07289,-0.29491723
2026-09-10 00:00:00,-8.0,148.0,28.073729,-0.27354422
2026-09-10 00:00:00,-8.0,150.0,27.849445,-0.27394336
2026-09-10 00:00:00,-8.0,152.0,28.32121,-0.33372495
2026-09-10 00:00:00,-8.0,154.0,27.64492,-0.2983952
2026-09-10 00:00:00,-8.0,156.0,28.337727,-0.25605685
2026-09-10 00:00:00,-8.0,158.0,27.448492,-0.2805714
2026-09-10 00:00:00,-8.0,160.0,27.952475,-0.30359906
2026-09-10 00:00:00,-8.0,162.0,27.47086,-0.2644268
2026-09-10 00:00:00,-8.0,164.0,28.043797,-0.28322732
2026-09-10 00:00:00,-8.0,166.0,27.942041,-0.27277002
2026-09-10 00:00:00,-8.0,168.0,27.83846,-0.27953866
2026-09-10 00:00:00,-8.0,170.0,27.885504,-0.26712504
2026-09-10 00:00:00,-8.0,172.0,27.727268,-0.3000278
2026-09-10 00:00:00,-8.0,174.0,28.55567,-0.32370505
2026-09-10 00:00:00,-8.0,176.0,27.464766,-0.27516463
2026-09-10 00:00:00,-8.0,178.0,27.832722,-0.3112678
2026-09-10 00:00:00,-8.0,-180.0,27.778185,-0.21983768
2026-09-10 00:00:00,-6.0,-180.0,27.935043,-0.2333113
2026-09-10 00:00:00,-6.0,-178.0,28.138851,-0.25489253
2026-09-10 00:00:00,-6.0,-176.0,27.928032,-0.29476526
2026-09-10 00:00:00,-6.0,-174.0,28.363941,-0.28792223
2026-09-10 00:00:00,-6.0,-172.0,28.029537,-0.2528047
2026-09-10 00:00:00,-6.0,-170.0,27.767944,-0.24408358
2026-09-10 00:00:00,-6.0,-168.0,27.711647,-0.3141142
2026-09-10 00:00:00,-6.0,-166.0,27.895048,-0.28591213
2026-09-10 00:00:00,-6.0,-164.0,28.260895,-0.3187718
2026-09-10 00:00:00,-6.0,-162.0,27.591377,-0.29149237
2026-09-10 00:00:00,-6.0,-160.0,27.830465,-0.29132518
2026-09-10 00:00:00,-6.0,-158.0,27.734293,-0.2790298
2026-09-10 00:00:00,-6.0,-156.0,28.27073,-0.3321575
2026-09-10 00:00:00,-6.0,-154.0,27.841604,-0.29374337
2026-09-10 00:00:00,-6.0,-152.0,28.050404,-0.2907271
2026-09-10 00:00:00,-6.0,-150.0,27.824478,-0.28892913
2026-09-10 00:00:00,-6.0,-148.0,28.510778,-0.3409755
2026-09-10 00:00:00,-6.0,-146.0,28.139849,-0.34461784
2026-09-10 00:00:00,-6.0,-144.0,27.99066,-0.3006083
2026-09-10 00:00:00,-6.0,-142.0,27.864151,-0.3297347
2026-09-10 00:00:00,-6.0,-140.0,28.01386,-0.30014065
2026-09-10 00:00:00,-6.0,-138.0,27.636774,-0.34285197
2026-09-10 00:00:00,-6.0,-136.0,27.956478,-0.27915505
2026-09-10 00:00:00,-6.0,-134.0,27.990826,-0.26873764
2026-09-10 00:00:00,-6.0,-132.0,27.976933,-0.31215385
2026-09-10 00:00:00,-6.0,-130.0,28.105453,-0.36005428
2026-09-10 00:00:00,-6.0,-128.0,27.40346,-0.21584108
2026-09-10 00:00:00,-6.0,-126.0,27.845459,-0.24495421
2026-09-10 00:00:00,-6.0,-124.0,28.31687,-0.23136051
2026-09-10 00:00:00,-6.0,-122.0,28.29112,-0.27580702
2026-09-10 00:00:00,-6.0,-120.0,28.252497,-0.23452647
2026-09-10 00:00:00,-6.0,-118.0,27.79077,-0.25224113
2026-09-10 00:00:00,-6.0,-116.0,27.450987,-0.23422584
2026-09-10 00:00:00,-6.0,-114.0,28.315014,-0.1780252
2026-09-10 00:00:00,-6.0,-112.0,27.409231,-0.16342366
2026-09-10 00:00:00,-6.0,-110.0,27.765144,-0.23146455
2026-09-10 00:00:00,-6.0,-108.0,28.523048,-0.18301909
2026-09-10 00:00:00,-6.0,-106.0,28.341915,-0.16894428
2026-09-10 00:00:00,-6.0,-104.0,27.792881,-0.13703631
2026-09-10 00:00:00,-6.0,-102.0,27.801538,-0.18759254
2026-09-10 00:00:00,-6.0,-100.0,28.15899,-0.07919377
2026-09-10 00:00:00,-6.0,-98.0,27.867,-0.06413985
2026-09-10 00:00:00,-6.0,-96.0,28.186811,-0.12594917
2026-09-10 00:00:00,-6.0,-94.0,28.03493,-0.09497291
2026-09-10 00:00:00,-6.0,-92.0,28.013365,-0.10896502
2026-09-10 00:00:00,-6.0,-90.0,28.21906,-0.05816184
2026-09-10 00:00:00,-6.0,-88.0,28.148523,-0.03353702
2026-09-10 00:00:00,-6.0,-86.0,27.677399,-0.016494993
2026-09-10 00:00:00,-6.0,-84.0,27.997879,-0.005211962
2026-09-10 00:00:00,-6.0,-82.0,28.021309,-0.009829204
2026-09-10 00:00:00,-6.0,-80.0,27.793665,-0.0025784755
2026-09-10 00:00:00,-6.0,-78.0,27.857565,0.05147569
2026-09-10 00:00:00,-6.0,-76.0,28.249735,0.110467404
2026-09-10 00:00:00,-6.0,-74.0,27.631552,0.077105984
2026-09-10 00:00:00,-6.0,-72.0,28.206495,0.062345408
2026-09-10 00:00:00,-6.0,-70.0,27.653711,0.11611536
2026-09-10 00:00:00,-6.0,-68.0,27.5709,0.102197506
2026-09-10 00:00:00,-6.0,-66.0,28.116879,0.13009498
2026-09-10 00:00:00,-6.0,-64.0,28.149776,0.15613244
2026-09-10 00:00:00,-6.0,-62.0,28.42947,0.19280414
2026-09-10 00:00:00,-6.0,-60.0,28.113285,0.15056922
2026-09-10 00:00:00,-6.0,-58.0,27.990738,0.18991831
2026-09-10 00:00:00,-6.0,-56.0,28.197838,0.18391988
2026-09-10 00:00:00,-6.0,-54.0,27.645372,0.15109813
2026-09-10 00:00:00,-6.0,-52.0,28.20705,0.21751875
2026-09-10 00:00:00,-6.0,-50.0,27.788933,0.170934
2026-09-10 00:00:00,-6.0,-48.0,28.128344,0.21456237
2026-09-10 00:00:00,-6.0,-46.0,28.151215,0.14683808
2026-09-10 00:00:00,-6.0,-44.0,28.15862,0.15678328
2026-09-10 00:00:00,-6.0,-42.0,27.963678,0.16535105
2026-09-10 00:00:00,-6.0,-40.0,28.320024,0.2237911
2026-09-10 00:00:00,-6.0,-38.0,27.934675,0.20468098
2026-09-10 00:00:00,-6.0,-36.0,27.799208,0.16450308
2026-09-10 00:00:00,-6.0,-34.0,27.818672,0.22856809
2026-09-10 00:00:00,-6.0,-32.0,28.064753,0.21908431
2026-09-10 00:00:00,-6.0,-30.0,28.281387,0.16252872
2026-09-10 00:00:00,-6.0,-28.0,27.964247,0.18432645
2026-09-10 00:00:00,-6.0,-26.0,27.957504,0.20476608
2026-09-10 00:00:00,-6.0,-24.0,27.671532,0.20196363
2026-09-10 00:00:00,-6.0,-22.0,28.17622,0.21273386
2026-09-10 00:00:00,-6.0,-20.0,27.527353,0.24479592
2026-09-10 00:00:00,-6.0,-18.0,27.705248,0.1855075
2026-09-10 00:00:00,-6.0,-16.0,27.93418,0.17201473
2026-09-10 00:00:00,-6.0,-14.0,27.923986,0.19133021
2026-09-10 00:00:00,-6.0,-12.0,28.027119,0.17337053
2026-09-10 00:00:00,-6.0,-10.0,28.098364,0.1640365
2026-09-10 00:00:00,-6.0,-8.0,28.087671,0.17170042
2026-09-10 00:00:00,-6.0,-6.0,27.430183,0.14770457
2026-09-10 00:00:00,-6.0,-4.0,28.22961,0.1727813
2026-09-10 00:00:00,-6.0,-2.0,28.040316,0.11898021
2026-09-10 00:00:00,-6.0,0.0,27.837364,0.17034201
2026-09-10 00:00:00,-6.0,2.0,28.043133,0.17908186
2026-09-10 00:00:00,-6.0,4.0,27.696484,0.13080798
2026-09-10 00:00:00,-6.0,6.0,27.813452,0.20345885
2026-09-10 00:00:00,-6.0,8.0,27.47191,0.14923024
2026-09-10 00:00:00,-6.0,10.0,28.12149,0.18277785
2026-09-10 00:00:00,-6.0,12.0,27.932846,0.11740803
2026-09-10 00:00:00,-6.0,14.0,28.26208,0.16671473
2026-09-10 00:00:00,-6.0,16.0,27.828188,0.12541416
2026-09-10 00:00:00,-6.0,18.0,27.643848,0.17042015
2026-09-10 00:00:00,-6.0,20.0,27.93987,0.18259616
2026-09-10 00:00:00,-6.0,22.0,27.732151,0.12753414
2026-09-10 00:00:00,-6.0,24.0,28.24937,0.19542487
2026-09-10 00:00:00,-6.0,26.0,27.882145,0.23235086
2026-09-10 00:00:00,-6.0,28.0,27.77992,0.13636513
2026-09-10 00:00:00,-6.0,30.0,28.560955,0.15353669
2026-09-10 00:00:00,-6.0,32.0,27.84303,0.21365526
2026-09-10 00:00:00,-6.0,34.0,28.321966,0.16963248
2026-09-10 00:00:00,-6.0,36.0,27.965479,0.14423615
2026-09-10 00:00:00,-6.0,38.0,28.04701,0.17037022
2026-09-10 00:00:00,-6.0,40.0,27.650476,0.16678528
2026-09-10 00:00:00,-6.0,42.0,28.278988,0.22696313
2026-09-10 00:00:00,-6.0,44.0,27.742477,0.17515656
2026-09-10 00:00:00,-6.0,46.0,28.039125,0.18530768
2026-09-10 00:00:00,-6.0,48.0,28.086248,0.2126639
2026-09-10 00:00:00,-6.0,50.0,27.82897,0.12198251
2026-09-10 00:00:00,-6.0,52.0,27.842882,0.09531462
2026-09-10 00:00:00,-6.0,54.0,28.074575,0.11399297
2026-09-10 00:00:00,-6.0,56.0,27.808443,0.19080295
2026-09-10 00:00:00,-6.0,58.0,28.318245,0.21037288
2026-09-10 00:00:00,-6.0,60.0,28.012733,0.19043522
2026-09-10 00:00:00,-6.0,62.0,27.8974,0.14085631
2026-09-10 00:00:00,-6.0,64.0,27.599438,0.122161694
2026-09-10 00:00:00,-6.0,66.0,28.007225,0.10764802
2026-09-10 00:00:00,-6.0,68.0,28.253778,0.1522299
2026-09-10 00:00:00,-6.0,70.0,27.927832,0.09166355
2026-09-10 00:00:00,-6.0,72.0,28.043549,0.110948086
2026-09-10 00:00:00,-6.0,74.0,28.544031,0.08818258
2026-09-10 00:00:00,-6.0,76.0,27.775171,0.026812838
2026-09-10 00:00:00,-6.0,78.0,28.131935,0.012667757
2026-09-10 00:00:00,-6.0,80.0,28.535345,0.04611533
2026-09-10 00:00:00,-6.0,82.0,28.24392,0.01076126
2026-09-10 00:00:00,-6.0,84.0,27.40073,0.033893354
2026-09-10 00:00:00,-6.0,86.0,28.006643,0.032994136
2026-09-10 00:00:00,-6.0,88.0,27.872967,-0.05559515
2026-09-10 00:00:00,-6.0,90.0,28.141897,-0.022846438
2026-09-10 00:00:00,-6.0,92.0,27.97672,-0.05453545
2026-09-10 00:00:00,-6.0,94.0,27.421213,-0.060193144
2026-09-10 00:00:00,-6.0,96.0,28.32439,-0.101794705
2026-09-10 00:00:00,-6.0,98.0,28.23897,-0.11138587
2026-09-10 00:00:00,-6.0,100.0,27.671062,-0.16306785
2026-09-10 00:00:00,-6.0,102.0,27.566748,-0.08076482
2026-09-10 00:00:00,-6.0,104.0,27.978878,-0.15435262
2026-09-10 00:00:00,-6.0,106.0,28.01294,-0.21635646
2026-09-10 00:00:00,-6.0,108.0,27.813562,-0.22067662
2026-09-10 00:00:00,-6.0,110.0,27.627552,-0.2784407
2026-09-10 00:00:00,-6.0,112.0,27.923819,-0.19246003
2026-09-10 00:00:00,-6.0,114.0,27.67813,-0.22755452
2026-09-10 00:00:00,-6.0,116.0,27.589384,-0.30174288
2026-09-10 00:00:00,-6.0,118.0,27.001131,-0.22276074
2026-09-10 00:00:00,-6.0,120.0,27.40126,-0.24189168
2026-09-10 00:00:00,-6.0,122.0,27.280025,-0.2701441
2026-09-10 00:00:00,-6.0,124.0,27.631989,-0.27647468
2026-09-10 00:00:00,-6.0,126.0,27.447712,-0.26193675
2026-09-10 00:00:00,-6.0,128.0,28.244024,-0.25348485
2026-09-10 00:00:00,-6.0,130.0,27.6414,-0.3010117
2026-09-10 00:00:00,-6.0,132.0,27.88149,-0.22322905
2026-09-10 00:00:00,-6.0,134.0,28.060493,-0.28735274
2026-09-10 00:00:00,-6.0,136.0,28.02035,-0.28790724
2026-09-10 00:00:00,-6.0,138.0,28.156324,-0.24822636
2026-09-10 00:00:00,-6.0,140.0,27.576412,-0.2721366
2026-09-10 00:00:00,-6.0,142.0,28.023571,-0.35053098
2026-09-10 00:00:00,-6.0,144.0,28.234941,-0.3112307
2026-09-10 00:00:00,-6.0,146.0,27.555283,-0.32644635
2026-09-10 00:00:00,-6.0,148.0,27.917187,-0.2570269
2026-09-10 00:00:00,-6.0,150.0,28.067593,-0.30645552
2026-09-10 00:00:00,-6.0,152.0,27.432804,-0.25341085
2026-09-10 00:00:00,-6.0,154.0,28.070456,-0.290255
2026-09-10 00:00:00,-6.0,156.0,27.41214,-0.3250289
2026-09-10 00:00:00,-6.0,158.0,28.184048,-0.2941371
2026-09-10 00:00:00,-6.0,160.0,28.13801,-0.31105667
2026-09-10 00:00:00,-6.0,162.0,27.910223,-0.26369727
2026-09-10 00:00:00,-6.0,164.0,27.600075,-0.27897224
2026-09-10 00:00:00,-6.0,166.0,27.903152,-0.2633479
2026-09-10 00:00:00,-6.0,168.0,27.751589,-0.2725419
2026-09-10 00:00:00,-6.0,170.0,28.104471,-0.23963754
2026-09-10 00:00:00,-6.0,172.0,28.037703,-0.30062458
2026-09-10 00:00:00,-6.0,174.0,28.159746,-0.291339
2026-09-10 00:00:00,-6.0,176.0,27.625568,-0.2739932
2026-09-10 00:00:00,-6.0,178.0,28.17689,-0.22966506
2026-09-10 00:00:00,-6.0,-180.0,28.132431,-0.2666314
2026-09-10 00:00:00,-4.0,-180.0,28.083431,-0.29882628
2026-09-10 00:00:00,-4.0,-178.0,28.470701,-0.34760556
2026-09-10 00:00:00,-4.0,-176.0,28.204538,-0.27009362
2026-09-10 00:00:00,-4.0,-174.0,28.256529,-0.2797368
2026-09-10 00:00:00,-4.0,-172.0,28.1586,-0.30390358
2026-09-10 00:00:00,-4.0,-170.0,27.777697,-0.20312174
2026-09-10 00:00:00,-4.0,-168.0,28.2809,-0.27615437
2026-09-10 00:00:00,-4.0,-166.0,27.877089,-0.28578395
2026-09-10 00:00:00,-4.0,-164.0,27.490026,-0.2404162
2026-09-10 00:00:00,-4.0,-162.0,27.974003,-0.30034858
2026-09-10 00:00:00,-4.0,-160.0,28.234266,-0.2846573
2026-09-10 00:00:00,-4.0,-158.0,28.490995,-0.27592826
2026-09-10 00:00:00,-4.0,-156.0,28.174614,-0.25933534
2026-09-10 00:00:00,-4.0,-154.0,27.898829,-0.25128093
2026-09-10 00:00:00,-4.0,-152.0,27.709812,-0.303029
2026-09-10 00:00:00,-4.0,-150.0,28.204422,-0.2405013
2026-09-10 00:00:00,-4.0,-148.0,27.831762,-0.2748188
2026-09-10 00:00:00,-4.0,-146.0,28.297138,-0.28296196
2026-09-10 00:00:00,-4.0,-144.0,27.836903,-0.21104963
2026-09-10 00:00:00,-4.0,-142.0,28.066494,-0.27281156
2026-09-10 00:00:00,-4.0,-140.0,28.059443,-0.25527525
2026-09-10 00:00:00,-4.0,-138.0,28.00582,-0.3077643
2026-09-10 00:00:00,-4.0,-136.0,27.897974,-0.27007303
2026-09-10 00:00:00,-4.0,-134.0,27.782572,-0.2560539
2026-09-10 00:00:00,-4.0,-132.0,28.054571,-0.25100097
2026-09-10 00:00:00,-4.0,-130.0,28.07675,-0.23080134
2026-09-10 00:00:00,-4.0,-128.0,27.904594,-0.28532255
2026-09-10 00:00:00,-4.0,-126.0,27.976686,-0.2522701
2026-09-10 00:00:00,-4.0,-124.0,27.7835,-0.22072616
2026-09-10 00:00:00,-4.0,-122.0,28.17726,-0.22508909
2026-09-10 00:00:00,-4.0,-120.0,28.199993,-0.23804528
2026-09-10 00:00:00,-4.0,-118.0,28.039078,-0.20218028
2026-09-10 00:00:00,-4.0,-116.0,28.179623,-0.15778425
2026-09-10 00:00:00,-4.0,-114.0,27.924568,-0.23868485
2026-09-10 00:00:00,-4.0,-112.0,28.191998,-0.16563267
2026-09-10 00:00:00,-4.0,-110.0,28.196735,-0.14809866
2026-09-10 00:00:00,-4.0,-108.0,27.96715,-0.12654217
2026-09-10 00:00:00,-4.0,-106.0,28.092978,-0.15601297
2026-09-10 00:00:00,-4.0,-104.0,28.18626,-0.16101168
2026-09-10 00:00:00,-4.0,-102.0,28.082777,-0.09959658
2026-09-10 00:00:00,-4.0,-100.0,28.192896,-0.14084996
2026-09-10 00:00:00,-4.0,-98.0,28.249578,-0.14213176
2026-09-10 00:00:00,-4.0,-96.0,27.911959,-0.062070947
2026-09-10 00:00:00,-4.0,-94.0,28.721825,-0.08533716
2026-09-10 00:00:00,-4.0,-92.0,28.013672,-0.04854836
2026-09-10 00:00:00,-4.0,-90.0,27.867207,-0.028965464
2026-09-10 00:00:00,-4.0,-88.0,27.879076,-0.013808986
2026-09-10 00:00:00,-4.0,-86.0,28.18492,-0.07458965
2026-09-10 00:00:00,-4.0,-84.0,28.064474,0.04203374
2026-09-10 00:00:00,-4.0,-82.0,28.517904,-0.015823085
2026-09-10 00:00:00,-4.0,-80.0,28.284967,0.048546214
2026-09-10 00:00:00,-4.0,-78.0,28.241114,0.0360314
2026-09-10 00:00:00,-4.0,-76.0,28.426783,0.0533893
2026-09-10 00:00:00,-4.0,-74.0,28.040443,0.09840795
2026-09-10 00:00:00,-4.0,-72.0,27.670105,0.05250279
2026-09-10 00:00:00,-4.0,-70.0,28.156223,0.11903748
2026-09-10 00:00:00,-4.0,-68.0,27.890602,0.09913774
2026-09-10 00:00:00,-4.0,-66.0,27.950016,0.116625555
2026-09-10 00:00:00,-4.0,-64.0,28.138449,0.14932387
2026-09-10 00:00:00,-4.0,-62.0,28.025187,0.1291864
2026-09-10 00:00:00,-4.0,-60.0,28.391417,0.10528628
2026-09-10 00:00:00,-4.0,-58.0,27.264229,0.17032064
2026-09-10 00:00:00,-4.0,-56.0,28.073889,0.17870419
2026-09-10 00:00:00,-4.0,-54.0,28.098719,0.15426667
2026-09-10 00:00:00,-4.0,-52.0,27.751007,0.19079772
2026-09-10 00:00:00,-4.0,-50.0,27.761202,0.22579475
2026-09-10 00:00:00,-4.0,-48.0,28.170204,0.21931775
2026-09-10 00:00:00,-4.0,-46.0,28.209074,0.20208226
2026-09-10 00:00:00,-4.0,-44.0,27.684906,0.22978199
2026-09-10 00:00:00,-4.0,-42.0,27.565144,0.23723555
2026-09-10 00:00:00,-4.0,-40.0,27.883696,0.16131935
2026-09-10 00:00:00,-4.0,-38.0,27.944828,0.18468285
2026-09-10 00:00:00,-4.0,-36.0,27.736034,0.19325818
2026-09-10 00:00:00,-4.0,-34.0,28.358358,0.2360885
2026-09-10 00:00:00,-4.0,-32.0,27.948067,0.24433662
2026-09-10 00:00:00,-4.0,-30.0,27.884974,0.23869947
2026-09-10 00:00:00,-4.0,-28.0,28.100502,0.24119088
2026-09-10 00:00:00,-4.0,-26.0,28.221905,0.23383455
2026-09-10 00:00:00,-4.0,-24.0,28.086163,0.23877767
2026-09-10 00:00:00,-4.0,-22.0,28.045778,0.21222551
2026-09-10 00:00:00,-4.0,-20.0,28.232346,0.19148979
2026-09-10 00:00:00,-4.0,-18.0,28.281878,0.20981129
2026-09-10 00:00:00,-4.0,-16.0,27.679605,0.22491065
2026-09-10 00:00:00,-4.0,-14.0,28.198816,0.20069721
2026-09-10 00:00:00,-4.0,-12.0,27.955809,0.21698219
2026-09-10 00:00:00,-4.0,-10.0,28.20935,0.19418076
2026-09-10 00:00:00,-4.0,-8.0,28.473522,0.2693111
2026-09-10 00:00:00,-4.0,-6.0,27.679302,0.18280405
2026-09-10 00:00:00,-4.0,-4.0,27.65384,0.193984
2026-09-10 00:00:00,-4.0,-2.0,28.240713,0.18453999
2026-09-10 00:00:00,-4.0,0.0,28.45359,0.17208122
2026-09-10 00:00:00,-4.0,2.0,27.841814,0.21336055
2026-09-10 00:00:00,-4.0,4.0,28.14984,0.20632036
2026-09-10 00:00:00,-4.0,6.0,28.221094,0.21122052
2026-09-10 00:00:00,-4.0,8.0,28.076109,0.19151963
2026-09-10 00:00:00,-4.0,10.0,28.398268,0.23316832
2026-09-10 00:00:00,-4.0,12.0,28.234262,0.2042053
2026-09-10 00:00:00,-4.0,14.0,28.156057,0.23805794
2026-09-10 00:00:00,-4.0,16.0,28.095314,0.18970878
2026-09-10 00:00:00,-4.0,18.0,28.069057,0.15596686
2026-09-10 00:00:00,-4.0,20.0,27.81313,0.22319518
2026-09-10 00:00:00,-4.0,22.0,27.586843,0.23576732
2026-09-10 00:00:00,-4.0,24.0,27.826912,0.24086371
2026-09-10 00:00:00,-4.0,26.0,28.10067,0.15255766
2026-09-10 00:00:00,-4.0,28.0,27.878624,0.1701886
2026-09-10 00:00:00,-4.0,30.0,27.804367,0.17830801
2026-09-10 00:00:00,-4.0,32.0,27.750826,0.14746712
2026-09-10 00:00:00,-4.0,34.0,28.483204,0.21952386
2026-09-10 00:00:00,-4.0,36.0,28.27928,0.2253772
2026-09-10 00:00:00,-4.0,38.0,28.289373,0.21687993
2026-09-10 00:00:00,-4.0,40.0,27.953638,0.17985861
2026-09-10 00:00:00,-4.0,42.0,28.199604,0.19403079
2026-09-10 00:00:00,-4.0,44.0,28.057432,0.19521572
2026-09-10 00:00:00,-4.0,46.0,28.105377,0.21137647
2026-09-10 00:00:00,-4.0,48.0,28.297829,0.1277822
2026-09-10 00:00:00,-4.0,50.0,28.351006,0.14331715
2026-09-10 00:00:00,-4.0,52.0,28.22486,0.18270312
2026-09-10 00:00:00,-4.0,54.0,28.421183,0.15914348
2026-09-10 00:00:00,-4.0,56.0,28.130207,0.16769631
2026-09-10 00:00:00,-4.0,58.0,27.995855,0.13909407
2026-09-10 00:00:00,-4.0,60.0,27.973143,0.12890376
2026-09-10 00:00:00,-4.0,62.0,28.179022,0.13951713
2026-09-10 00:00:00,-4.0,64.0,27.645212,0.06921443
2026-09-10 00:00:00,-4.0,66.0,28.419298,0.105410606
2026-09-10 00:00:00,-4.0,68.0,28.075476,0.17182335
2026-09-10 00:00:00,-4.0,70.0,27.85998,0.10774671
2026-09-10 00:00:00,-4.0,72.0,27.719877,0.08097659
2026-09-10 00:00:00,-4.0,74.0,28.286024,0.052076463
2026-09-10 00:00:00,-4.0,76.0,28.285496,0.051964965
2026-09-10 00:00:00,-4.0,78.0,27.934551,0.070708685
2026-09-10 00:00:00,-4.0,80.0,28.087923,0.032070037
2026-09-10 00:00:00,-4.0,82.0,27.799639,0.014106628
2026-09-10 00:00:00,-4.0,84.0,28.303017,0.0052405563
2026-09-10 00:00:00,-4.0,86.0,28.153107,-0.008304993
2026-09-10 00:00:00,-4.0,88.0,28.17066,-0.04159256
2026-09-10 00:00:00,-4.0,90.0,28.387312,-0.0515432
2026-09-10 00:00:00,-4.0,92.0,28.012325,-0.056737673
2026-09-10 00:00:00,-4.0,94.0,28.405024,-0.04721809
2026-09-10 00:00:00,-4.0,96.0,28.008335,-0.040125575
2026-09-10 00:00:00,-4.0,98.0,27.612942,-0.094800025
2026-09-10 00:00:00,-4.0,100.0,28.273008,-0.056088194
2026-09-10 00:00:00,-4.0,102.0,28.146141,-0.1138364
2026-09-10 00:00:00,-4.0,104.0,28.347485,-0.13277866
2026-09-10 00:00:00,-4.0,106.0,28.002031,-0.12621938
2026-09-10 00:00:00,-4.0,108.0,28.511972,-0.14492574
2026-09-10 00:00:00,-4.0,110.0,28.291014,-0.16187783
2026-09-10 00:00:00,-4.0,112.0,28.045261,-0.15583156
2026-09-10 00:00:00,-4.0,114.0,27.744942,-0.17255738
2026-09-10 00:00:00,-4.0,116.0,27.902763,-0.20704234
2026-09-10 00:00:00,-4.0,118.0,27.663153,-0.20244765
2026-09-10 00:00:00,-4.0,120.0,27.067585,-0.22395393
2026-09-10 00:00:00,-4.0,122.0,27.62916,-0.23715493
2026-09-10 00:00:00,-4.0,124.0,27.821314,-0.22144917
2026-09-10 00:00:00,-4.0,126.0,28.06459,-0.17587316
2026-09-10 00:00:00,-4.0,128.0,28.166677,-0.22296001
2026-09-10 00:00:00,-4.0,130.0,28.155674,-0.25993904
2026-09-10 00:00:00,-4.0,132.0,27.72049,-0.2476292
2026-09-10 00:00:00,-4.0,134.0,28.132086,-0.27758378
2026-09-10 00:00:00,-4.0,136.0,27.740763,-0.27135786
2026-09-10 00:00:00,-4.0,138.0,27.73776,-0.2931279
2026-09-10 00:00:00,-4.0,140.0,27.706137,-0.2646023
2026-09-10 00:00:00,-4.0,142.0,28.191591,-0.2518566
2026-09-10 00:00:00,-4.0,144.0,27.920776,-0.21611619
2026-09-10 00:00:00,-4.0,146.0,27.776012,-0.28374714
2026-09-10 00:00:00,-4.0,148.0,28.076845,-0.25478426
2026-09-10 00:00:00,-4.0,150.0,28.032822,-0.2401907
2026-09-10 00:00:00,-4.0,152.0,27.710474,-0.24445494
2026-09-10 00:00:00,-4.0,154.0,27.958996,-0.27296063
2026-09-10 00:00:00,-4.0,156.0,28.340595,-0.2901323
2026-09-10 00:00:00,-4.0,158.0,28.01209,-0.28067863
2026-09-10 00:00:00,-4.0,160.0,28.199955,-0.2984925
2026-09-10 00:00:00,-4.0,162.0,28.076721,-0.26715708
2026-09-10 00:00:00,-4.0,164.0,28.027168,-0.21416381
2026-09-10 00:00:00,-4.0,166.0,27.875462,-0.272388
2026-09-10 00:00:00,-4.0,168.0,27.789225,-0.25653878
2026-09-10 00:00:00,-4.0,170.0,28.27722,-0.29272747
2026-09-10 00:00:00,-4.0,172.0,27.828835,-0.25677326
2026-09-10 00:00:00,-4.0,174.0,28.440372,-0.25789028
2026-09-10 00:00:00,-4.0,176.0,28.30032,-0.28843534
2026-09-10 00:00:00,-4.0,178.0,28.223845,-0.22720855
2026-09-10 00:00:00,-4.0,-180.0,28.071564,-0.2653187
2026-09-10 00:00:00,-2.0,-180.0,28.192953,-0.30096713
2026-09-10 00:00:00,-2.0,-178.0,28.084332,-0.328163
2026-09-10 00:00:00,-2.0,-176.0,28.438673,-0.23359123
2026-09-10 00:00:00,-2.0,-174.0,28.545391,-0.2884986
2026-09-10 00:00:00,-2.0,-172.0,27.718445,-0.2502065
2026-09-10 00:00:00,-2.0,-170.0,28.119757,-0.2871775
2026-09-10 00:00:00,-2.0,-168.0,28.032799,-0.3155871
2026-09-10 00:00:00,-2.0,-166.0,28.239355,-0.29334104
2026-09-10 00:00:00,-2.0,-164.0,28.70607,-0.30140585
2026-09-10 00:00:00,-2.0,-162.0,28.402998,-0.27534238
2026-09-10 00:00:00,-2.0,-160.0,28.051931,-0.2972815
2026-09-10 00:00:00,-2.0,-158.0,28.012463,-0.22595981
2026-09-10 00:00:00,-2.0,-156.0,28.007534,-0.22020817
2026-09-10 00:00:00,-2.0,-154.0,28.73338,-0.26832408
2026-09-10 00:00:00,-2.0,-152.0,27.854486,-0.28853974
2026-09-10 00:00:00,-2.0,-150.0,28.20348,-0.21107109
2026-09-10 00:00:00,-2.0,-148.0,28.442883,-0.22168644
2026-09-10 00:00:00,-2.0,-146.0,28.014969,-0.26211634
2026-09-10 00:00:00,-2.0,-144.0,28.287256,-0.26342297
2026-09-10 00:00:00,-2.0,-142.0,28.200127,-0.21913853
2026-09-10 00:00:00,-2.0,-140.0,28.066193,-0.26941153
2026-09-10 00:00:00,-2.0,-138.0,28.073824,-0.1855329
2026-09-10 00:00:00,-2.0,-136.0,27.86374,-0.16008984
2026-09-10 00:00:00,-2.0,-134.0,27.980091,-0.23740128
2026-09-10 00:00:00,-2.0,-132.0,28.186565,-0.16811043
2026-09-10 00:00:00,-2.0,-130.0,27.75493,-0.25121212
2026-09-10 00:00:00,-2.0,-128.0,28.228567,-0.20478655
2026-09-10 00:00:00,-2.0,-126.0,28.40209,-0.20154887
2026-09-10 00:00:00,-2.0,-124.0,28.148037,-0.2202372
2026-09-10 00:00:00,-2.0,-122.0,28.110163,-0.20903966
2026-09-10 00:00:00,-2.0,-120.0,28.22853,-0.1386047
2026-09-10 00:00:00,-2.0,-118.0,28.405483,-0.17094222
2026-09-10 00:00:00,-2.0,-116.0,27.923128,-0.15008216
2026-09-10 00:00:00,-2.0,-114.0,28.230503,-0.11382076
2026-09-10 00:00:00,-2.0,-112.0,28.407223,-0.12414041
2026-09-10 00:00:00,-2.0,-110.0,28.312737,-0.078666806
2026-09-10 00:00:00,-2.0,-108.0,28.069052,-0.088363156
2026-09-10 00:00:00,-2.0,-106.0,27.62959,-0.10626507
2026-09-10 00:00:00,-2.0,-104.0,27.93124,-0.14645708
2026-09-10 00:00:00,-2.0,-102.0,28.06628,-0.10882946
2026-09-10 00:00:00,-2.0,-100.0,28.253443,-0.054203182
2026-09-10 00:00:00,-2.0,-98.0,28.155167,-0.057409737
2026-09-10 00:00:00,-2.0,-96.0,27.730078,-0.090658434
2026-09-10 00:00:00,-2.0,-94.0,27.879389,-0.04334473
2026-09-10 00:00:00,-2.0,-92.0,28.086462,-0.09639527
2026-09-10 00:00:00,-2.0,-90.0,27.76151,-0.030864343
2026-09-10 00:00:00,-2.0,-88.0,28.201096,0.0017931104
2026-09-10 00:00:00,-2.0,-86.0,28.159851,0.10086452
2026-09-10 00:00:00,-2.0,-84.0,28.098295,0.020728366
2026-09-10 00:00:00,-2.0,-82.0,28.30838,0.05476805
2026-09-10 00:00:00,-2.0,-80.0,28.210464,0.09598114
2026-09-10 00:00:00,-2.0,-78.0,28.42645,0.0025322312
2026-09-10 00:00:00,-2.0,-76.0,28.146599,0.05953933
2026-09-10 00:00:00,-2.0,-74.0,27.855436,0.04542124
2026-09-10 00:00:00,-2.0,-72.0,28.008936,0.10942327
2026-09-10 00:00:00,-2.0,-70.0,27.730146,0.04553363
2026-09-10 00:00:00,-2.0,-68.0,27.97568,0.1567813
2026-09-10 00:00:00,-2.0,-66.0,27.837046,0.12807404
2026-09-10 00:00:00,-2.0,-64.0,28.326672,0.108637676
2026-09-10 00:00:00,-2.0,-62.0,28.395033,0.10510824
2026-09-10 00:00:00,-2.0,-60.0,28.155863,0.13513991
2026-09-10 00:00:00,-2.0,-58.0,28.378178,0.11535105
2026-09-10 00:00:00,-2.0,-56.0,28.433193,0.17498282
2026-09-10 00:00:00,-2.0,-54.0,28.407831,0.14338714
2026-09-10 00:00:00,-2.0,-52.0,27.99099,0.12055796
2026-09-10 00:00:00,-2.0,-50.0,27.904354,0.16541837
2026-09-10 00:00:00,-2.0,-48.0,27.945578,0.19209334
2026-09-10 00:00:00,-2.0,-46.0,28.243542,0.15273836
2026-09-10 00:00:00,-2.0,-44.0,27.82882,0.19862586
2026-09-10 00:00:00,-2.0,-42.0,28.039684,0.20929094
2026-09-10 00:00:00,-2.0,-40.0,28.105043,0.19189937
2026-09-10 00:00:00,-2.0,-38.0,28.044712,0.22708645
2026-09-10 00:00:00,-2.0,-36.0,28.26934,0.1915996
2026-09-10 00:00:00,-2.0,-34.0,27.921629,0.25179884
2026-09-10 00:00:00,-2.0,-32.0,28.852287,0.2889953
2026-09-10 00:00:00,-2.0,-30.0,28.124891,0.23845975
2026-09-10 00:00:00,-2.0,-28.0,27.999311,0.23063159
2026-09-10 00:00:00,-2.0,-26.0,28.042217,0.20813175
2026-09-10 00:00:00,-2.0,-24.0,28.03078,0.22442521
2026-09-10 00:00:00,-2.0,-22.0,28.033722,0.25183806
2026-09-10 00:00:00,-2.0,-20.0,28.025583,0.2648918
2026-09-10 00:00:00,-2.0,-18.0,28.343765,0.24438427
2026-09-10 00:00:00,-2.0,-16.0,28.082693,0.22282453
2026-09-10 00:00:00,-2.0,-14.0,28.303686,0.28280246
2026-09-10 00:00:00,-2.0,-12.0,27.726803,0.2678368
2026-09-10 00:00:00,-2.0,-10.0,27.765305,0.23575178
2026-09-10 00:00:00,-2.0,-8.0,28.35606,0.2820334
2026-09-10 00:00:00,-2.0,-6.0,28.53941,0.22490744
2026-09-10 00:00:00,-2.0,-4.0,28.15262,0.24200957
2026-09-10 00:00:00,-2.0,-2.0,28.24047,0.24129061
2026-09-10 00:00:00,-2.0,0.0,27.913582,0.28813592
2026-09-10 00:00:00,-2.0,2.0,28.040049,0.21792178
2026-09-10 00:00:00,-2.0,4.0,27.857058,0.2343683
2026-09-10 00:00:00,-2.0,6.0,27.610558,0.22777008
2026-09-10 00:00:00,-2.0,8.0,27.993484,0.29990688
2026-09-10 00:00:00,-2.0,10.0,28.130342,0.19028418
2026-09-10 00:00:00,-2.0,12.0,28.090946,0.21861963
2026-09-10 00:00:00,-2.0,14.0,28.515757,0.22250198
2026-09-10 00:00:00,-2.0,16.0,28.430344,0.25111973
2026-09-10 00:00:00,-2.0,18.0,28.418438,0.21750113
2026-09-10 00:00:00,-2.0,20.0,28.840193,0.21036708
2026-09-10 00:00:00,-2.0,22.0,28.029097,0.22505163
2026-09-10 00:00:00,-2.0,24.0,28.266464,0.18386553
2026-09-10 00:00:00,-2.0,26.0,27.971582,0.2620952
2026-09-10 00:00:00,-2.0,28.0,28.402496,0.23112524
2026-09-10 00:00:00,-2.0,30.0,28.282204,0.26066917
2026-09-10 00:00:00,-2.0,32.0,28.01658,0.16346405
2026-09-10 00:00:00,-2.0,34.0,28.014498,0.21778563
2026-09-10 00:00:00,-2.0,36.0,28.481842,0.20095715
2026-09-10 00:00:00,-2.0,38.0,28.414497,0.26145434
2026-09-10 00:00:00,-2.0,40.0,28.229284,0.17525186
2026-09-10 00:00:00,-2.0,42.0,28.188559,0.20691493
2026-09-10 00:00:00,-2.0,44.0,28.565742,0.22742045
2026-09-10 00:00:00,-2.0,46.0,28.434801,0.20678592
2026-09-10 00:00:00,-2.0,48.0,27.887423,0.24433026
2026-09-10 00:00:00,-2.0,50.0,27.752956,0.18196484
2026-09-10 00:00:00,-2.0,52.0,27.91118,0.18894134
2026-09-10 00:00:00,-2.0,54.0,28.226992,0.13421614
2026-09-10 00:00:00,-2.0,56.0,28.33309,0.1324822
2026-09-10 00:00:00,-2.0,58.0,28.138395,0.14309016
2026-09-10 00:00:00,-2.0,60.0,28.29384,0.16024062
2026-09-10 00:00:00,-2.0,62.0,28.049582,0.15473855
2026-09-10 00:00:00,-2.0,64.0,28.19576,0.06794508
2026-09-10 00:00:00,-2.0,66.0,27.827862,0.08345092
2026-09-10 00:00:00,-2.0,68.0,28.026045,0.14084218
2026-09-10 00:00:00,-2.0,70.0,28.070328,0.15322307
2026-09-10 00:00:00,-2.0,72.0,28.494112,0.10525449
2026-09-10 00:00:00,-2.0,74.0,28.05338,0.052885838
2026-09-10 00:00:00,-2.0,76.0,28.291199,0.050688103
2026-09-10 00:00:00,-2.0,78.0,28.172558,0.06854035
2026-09-10 00:00:00,-2.0,80.0,27.903511,0.027520796
2026-09-10 00:00:00,-2.0,82.0,27.678633,0.023366142
2026-09-10 00:00:00,-2.0,84.0,28.281792,-0.04579982
2026-09-10 00:00:00,-2.0,86.0,28.276072,0.017372606
2026-09-10 00:00:00,-2.0,88.0,27.87626,0.0038676814
2026-09-10 00:00:00,-2.0,90.0,28.30686,-0.069262855
2026-09-10 00:00:00,-2.0,92.0,28.209667,-0.010549239
2026-09-10 00:00:00,-2.0,94.0,28.177153,-0.07923102
2026-09-10 00:00:00,-2.0,96.0,27.875303,-0.06332503
2026-09-10 00:00:00,-2.0,98.0,28.352257,-0.018884234
2026-09-10 00:00:00,-2.0,100.0,28.21036,-0.07154816
2026-09-10 00:00:00,-2.0,102.0,28.246742,-0.08452593
2026-09-10 00:00:00,-2.0,104.0,27.926327,-0.113884665
2026-09-10 00:00:00,-2.0,106.0,28.023453,-0.102380045
2026-09-10 00:00:00,-2.0,108.0,27.972607,-0.17287664
2026-09-10 00:00:00,-2.0,110.0,28.180243,-0.13178897
2026-09-10 00:00:00,-2.0,112.0,27.867891,-0.099239744
2026-09-10 00:00:00,-2.0,114.0,28.259748,-0.13243529
2026-09-10 00:00:00,-2.0,116.0,27.470703,-0.1801401
2026-09-10 00:00:00,-2.0,118.0,27.778881,-0.20690766
2026-09-10 00:00:00,-2.0,120.0,27.609549,-0.1768767
2026-09-10 00:00:00,-2.0,122.0,28.234447,-0.18148951
2026-09-10 00:00:00,-2.0,124.0,28.04025,-0.18028532
2026-09-10 00:00:00,-2.0,126.0,27.481392,-0.19938035
2026-09-10 00:00:00,-2.0,128.0,27.952778,-0.16977808
2026-09-10 00:00:00,-2.0,130.0,28.279686,-0.24892668
2026-09-10 00:00:00,-2.0,132.0,28.0071,-0.28749076
2026-09-10 00:00:00,-2.0,134.0,27.531887,-0.2384216
2026-09-10 00:00:00,-2.0,136.0,28.351332,-0.22002852
2026-09-10 00:00:00,-2.0,138.0,27.982979,-0.22899224
2026-09-10 00:00:00,-2.0,140.0,28.292097,-0.26158985
2026-09-10 00:00:00,-2.0,142.0,28.286932,-0.27220196
2026-09-10 00:00:00,-2.0,144.0,27.856041,-0.27809006
2026-09-10 00:00:00,-2.0,146.0,27.93458,-0.2288792
2026-09-10 00:00:00,-2.0,148.0,27.936605,-0.17758106
2026-09-10 00:00:00,-2.0,150.0,28.073591,-0.26202133
2026-09-10 00:00:00,-2.0,152.0,28.483593,-0.21884747
2026-09-10 00:00:00,-2.0,154.0,28.166916,-0.22883298
2026-09-10 00:00:00,-2.0,156.0,28.10228,-0.21501765
2026-09-10 00:00:00,-2.0,158.0,28.125046,-0.23716395
2026-09-10 00:00:00,-2.0,160.0,28.315386,-0.25787258
2026-09-10 00:00:00,-2.0,162.0,28.243082,-0.24575023
2026-09-10 00:00:00,-2.0,164.0,28.08756,-0.2534337
2026-09-10 00:00:00,-2.0,166.0,28.072937,-0.2633206
2026-09-10 00:00:00,-2.0,168.0,28.041658,-0.25755945
2026-09-10 00:00:00,-2.0,170.0,27.88177,-0.27499896
2026-09-10 00:00:00,-2.0,172.0,28.510376,-0.31571963
2026-09-10 00:00:00,-2.0,174.0,28.411036,-0.31194407
2026-09-10 00:00:00,-2.0,176.0,27.978615,-0.27990705
2026-09-10 00:00:00,-2.0,178.0,27.953302,-0.26889274
2026-09-10 00:00:00,-2.0,-180.0,28.542286,-0.31163445
2026-09-10 00:00:00,0.0,-180.0,28.316217,-0.265139
2026-09-10 00:00:00,0.0,-178.0,28.349096,-0.25778365
2026-09-10 00:00:00,0.0,-176.0,28.259527,-0.3468276
2026-09-10 00:00:00,0.0,-174.0,28.33445,-0.24383193
2026-09-10 00:00:00,0.0,-172.0,27.918509,-0.24922471
2026-09-10 00:00:00,0.0,-170.0,27.836851,-0.3156638
2026-09-10 00:00:00,0.0,-168.0,28.179539,-0.26497257
2026-09-10 00:00:00,0.0,-166.0,28.090605,-0.3126554
2026-09-10 00:00:00,0.0,-164.0,28.49397,-0.25117126
2026-09-10 00:00:00,0.0,-162.0,28.159704,-0.28253907
2026-09-10 00:00:00,0.0,-160.0,28.125576,-0.21383929
2026-09-10 00:00:00,0.0,-158.0,28.33858,-0.348548
2026-09-10 00:00:00,0.0,-156.0,28.31544,-0.25218046
2026-09-10 00:00:00,0.0,-154.0,28.760881,-0.27670935
2026-09-10 00:00:00,0.0,-152.0,28.617487,-0.18009022
2026-09-10 00:00:00,0.0,-150.0,28.071047,-0.2545959
2026-09-10 00:00:00,0.0,-148.0,28.468882,-0.2547692
2026-09-10 00:00:00,0.0,-146.0,28.374582,-0.24680696
2026-09-10 00:00:00,0.0,-144.0,28.167994,-0.21573256
2026-09-10 00:00:00,0.0,-142.0,28.483055,-0.24438483
2026-09-10 00:00:00,0.0,-140.0,28.255077,-0.20109521
2026-09-10 00:00:00,0.0,-138.0,28.112888,-0.22537886
2026-09-10 00:00:00,0.0,-136.0,28.253153,-0.19120175
2026-09-10 00:00:00,0.0,-134.0,28.49168,-0.2430755
2026-09-10 00:00:00,0.0,-132.0,28.629663,-0.19646439
2026-09-10 00:00:00,0.0,-130.0,28.361595,-0.17921308
2026-09-10 00:00:00,0.0,-128.0,28.540178,-0.13940464
2026-09-10 00:00:00,0.0,-126.0,28.637947,-0.19444104
2026-09-10 00:00:00,0.0,-124.0,28.12641,-0.14787666
2026-09-10 00:00:00,0.0,-122.0,28.414549,-0.17877093
2026-09-10 00:00:00,0.0,-120.0,28.041,-0.16755445
2026-09-10 00:00:00,0.0,-118.0,28.57075,-0.13161957
2026-09-10 00:00:00,0.0,-116.0,28.343485,-0.13278443
2026-09-10 00:00:00,0.0,-114.0,28.097208,-0.1294287
2026-09-10 00:00:00,0.0,-112.0,28.334322,-0.10720029
2026-09-10 00:00:00,0.0,-110.0,28.361584,-0.14883861
2026-09-10 00:00:00,0.0,-108.0,27.864756,-0.094893634
2026-09-10 00:00:00,0.0,-106.0,28.30278,-0.08954511
2026-09-10 00:00:00,0.0,-104.0,28.063202,-0.07921599
2026-09-10 00:00:00,0.0,-102.0,28.197903,-0.058296874
2026-09-10 00:00:00,0.0,-100.0,27.949203,-0.0644127
2026-09-10 00:00:00,0.0,-98.0,27.897709,0.011053059
2026-09-10 00:00:00,0.0,-96.0,27.536509,-0.055638827
2026-09-10 00:00:00,0.0,-94.0,28.1146,0.063780114
2026-09-10 00:00:00,0.0,-92.0,28.112486,-0.015067255
2026-09-10 00:00:00,0.0,-90.0,28.262415,-0.02661835
2026-09-10 00:00:00,0.0,-88.0,27.994896,-0.046846233
2026-09-10 00:00:00,0.0,-86.0,27.879063,-0.054605458
2026-09-10 00:00:00,0.0,-84.0,28.579313,0.033876188
2026-09-10 00:00:00,0.0,-82.0,28.061384,0.070684314
2026-09-10 00:00:00,0.0,-80.0,27.957457,0.070201896
2026-09-10 00:00:00,0.0,-78.0,27.8554,0.084202744
2026-09-10 00:00:00,0.0,-76.0,28.716803,0.06882167
2026-09-10 00:00:00,0.0,-74.0,28.1548,0.08425398
2026-09-10 00:00:00,0.0,-72.0,28.149885,0.10671645
2026-09-10 00:00:00,0.0,-70.0,28.553555,0.07721071
2026-09-10 00:00:00,0.0,-68.0,28.337402,0.16523483
2026-09-10 00:00:00,0.0,-66.0,28.503576,0.1648705
2026-09-10 00:00:00,0.0,-64.0,28.371368,0.17575827
2026-09-10 00:00:00,0.0,-62.0,27.992819,0.13647513
2026-09-10 00:00:00,0.0,-60.0,28.047094,0.14575261
2026-09-10 00:00:00,0.0,-58.0,28.271769,0.16331887
2026-09-10 00:00:00,0.0,-56.0,28.189749,0.16991895
2026-09-10 00:00:00,0.0,-54.0,27.715364,0.17192002
2026-09-10 00:00:00,0.0,-52.0,28.907797,0.1469614
2026-09-10 00:00:00,0.0,-50.0,27.899176,0.18105489
2026-09-10 00:00:00,0.0,-48.0,27.683622,0.19646372
2026-09-10 00:00:00,0.0,-46.0,28.487833,0.15330212
2026-09-10 00:00:00,0.0,-44.0,27.477243,0.21209165
2026-09-10 00:00:00,0.0,-42.0,28.145193,0.19319732
2026-09-10 00:00:00,0.0,-40.0,28.30737,0.21050699
2026-09-10 00:00:00,0.0,-38.0,28.381142,0.26412317
2026-09-10 00:00:00,0.0,-36.0,28.485664,0.23860306
2026-09-10 00:00:00,0.0,-34.0,28.1879,0.24953155
2026-09-10 00:00:00,0.0,-32.0,28.093916,0.2503893
2026-09-10 00:00:00,0.0,-30.0,28.714727,0.26847187
2026-09-10 00:00:00,0.0,-28.0,28.206564,0.22325207
2026-09-10 00:00:00,0.0,-26.0,28.013422,0.25528544
2026-09-10 00:00:00,0.0,-24.0,28.3737,0.26204365
2026-09-10 00:00:00,0.0,-22.0,27.87102,0.2797549
2026-09-10 00:00:00,0.0,-20.0,28.191399,0.3265777
2026-09-10 00:00:00,0.0,-18.0,28.145664,0.25198025
2026-09-10 00:00:00,0.0,-16.0,27.899511,0.3017521
2026-09-10 00:00:00,0.0,-14.0,28.072594,0.2965942
2026-09-10 00:00:00,0.0,-12.0,28.02967,0.20268525
2026-09-10 00:00:00,0.0,-10.0,27.74088,0.30106574
2026-09-10 00:00:00,0.0,-8.0,27.919054,0.24523687
2026-09-10 00:00:00,0.0,-6.0,27.70343,0.29189578
2026-09-10 00:00:00,0.0,-4.0,28.114283,0.3009978
2026-09-10 00:00:00,0.0,-2.0,28.419832,0.23792893
2026-09-10 00:00:00,0.0,0.0,28.634537,0.30809873
2026-09-10 00:00:00,0.0,2.0,28.274002,0.25983632
2026-09-10 00:00:00,0.0,4.0,28.26969,0.26101342
2026-09-10 00:00:00,0.0,6.0,28.094608,0.27035427
2026-09-10 00:00:00,0.0,8.0,28.08663,0.29100558
2026-09-10 00:00:00,0.0,10.0,27.972271,0.25862515
2026-09-10 00:00:00,0.0,12.0,28.166258,0.26009402
2026-09-10 00:00:00,0.0,14.0,27.980585,0.27437457
2026-09-10 00:00:00,0.0,16.0,28.22095,0.24055895
2026-09-10 00:00:00,0.0,18.0,28.558712,0.29038343
2026-09-10 00:00:00,0.0,20.0,27.958097,0.2485955
2026-09-10 00:00:00,0.0,22.0,28.13519,0.2934778
2026-09-10 00:00:00,0.0,24.0,28.214119,0.22667806
2026-09-10 00:00:00,0.0,26.0,27.96254,0.22008786
2026-09-10 00:00:00,0.0,28.0,28.29062,0.2985507
2026-09-10 00:00:00,0.0,30.0,28.50676,0.22861634
2026-09-10 00:00:00,0.0,32.0,28.21985,0.2527284
2026-09-10 00:00:00,0.0,34.0,27.9686,0.19003953
2026-09-10 00:00:00,0.0,36.0,28.37835,0.22265743
2026-09-10 00:00:00,0.0,38.0,28.20043,0.23552269
2026-09-10 00:00:00,0.0,40.0,28.289362,0.27133846
2026-09-10 00:00:00,0.0,42.0,28.023506,0.2346748
2026-09-10 00:00:00,0.0,44.0,28.68464,0.19545317
2026-09-10 00:00:00,0.0,46.0,28.191875,0.2811758
2026-09-10 00:00:00,0.0,48.0,27.988243,0.21475235
2026-09-10 00:00:00,0.0,50.0,28.40027,0.15030895
2026-09-10 00:00:00,0.0,52.0,28.478712,0.19929408
2026-09-10 00:00:00,0.0,54.0,27.970842,0.17570731
2026-09-10 00:00:00,0.0,56.0,27.928228,0.184281
2026-09-10 00:00:00,0.0,58.0,28.513414,0.1675647
2026-09-10 00:00:00,0.0,60.0,28.18624,0.09742418
2026-09-10 00:00:00,0.0,62.0,27.813217,0.10207246
2026-09-10 00:00:00,0.0,64.0,28.266218,0.10336134
2026-09-10 00:00:00,0.0,66.0,28.139547,0.15186667
2026-09-10 00:00:00,0.0,68.0,27.921324,0.110164374
2026-09-10 00:00:00,0.0,70.0,28.15872,0.13335173
2026-09-10 00:00:00,0.0,72.0,28.261515,0.147664
2026-09-10 00:00:00,0.0,74.0,28.410683,0.054939486
2026-09-10 00:00:00,0.0,76.0,28.220903,0.05236016
2026-09-10 00:00:00,0.0,78.0,27.940508,0.07859769
2026-09-10 00:00:00,0.0,80.0,28.372746,0.029285392
2026-09-10 00:00:00,0.0,82.0,27.931292,0.00013151896
2026-09-10 00:00:00,0.0,84.0,28.222712,0.028036028
2026-09-10 00:00:00,0.0,86.0,28.40988,0.046903763
2026-09-10 00:00:00,0.0,88.0,28.429436,0.03843475
2026-09-10 00:00:00,0.0,90.0,28.046696,-0.013033701
2026-09-10 00:00:00,0.0,92.0,27.880365,-0.015734687
2026-09-10 00:00:00,0.0,94.0,28.365803,-0.014788428
2026-09-10 00:00:00,0.0,96.0,27.662918,-0.019542316
2026-09-10 00:00:00,0.0,98.0,28.400696,-0.029717326
2026-09-10 00:00:00,0.0,100.0,28.637045,-0.027873939
2026-09-10 00:00:00,0.0,102.0,27.974142,-0.074244864
2026-09-10 00:00:00,0.0,104.0,28.131983,-0.04637161
2026-09-10 00:00:00,0.0,106.0,28.245623,-0.07851986
2026-09-10 00:00:00,0.0,108.0,28.454174,-0.08835012
2026-09-10 00:00:00,0.0,110.0,28.088348,-0.08710047
2026-09-10 00:00:00,0.0,112.0,28.158453,-0.09518934
2026-09-10 00:00:00,0.0,114.0,28.319008,-0.11084031
2026-09-10 00:00:00,0.0,116.0,27.55612,-0.19589585
2026-09-10 00:00:00,0.0,118.0,28.45805,-0.18487878
2026-09-10 00:00:00,0.0,120.0,28.361383,-0.14350644
2026-09-10 00:00:00,0.0,122.0,28.060732,-0.18130615
2026-09-10 00:00:00,0.0,124.0,27.875126,-0.2150538
2026-09-10 00:00:00,0.0,126.0,28.252937,-0.1615472
2026-09-10 00:00:00,0.0,128.0,28.58017,-0.13104194
2026-09-10 00:00:00,0.0,130.0,27.98881,-0.19724011
2026-09-10 00:00:00,0.0,132.0,27.7434,-0.19470824
2026-09-10 00:00:00,0.0,134.0,28.048243,-0.24734041
2026-09-10 00:00:00,0.0,136.0,28.119883,-0.22060716
2026-09-10 00:00:00,0.0,138.0,28.053946,-0.25824398
2026-09-10 00:00:00,0.0,140.0,27.929935,-0.24244268
2026-09-10 00:00:00,0.0,142.0,28.333597,-0.22197264
2026-09-10 00:00:00,0.0,144.0,27.699064,-0.20876847
2026-09-10 00:00:00,0.0,146.0,28.240322,-0.24278104
2026-09-10 00:00:00,0.0,148.0,28.1973,-0.22459432
2026-09-10 00:00:00,0.0,150.0,28.193771,-0.26821208
2026-09-10 00:00:00,0.0,152.0,28.022472,-0.24939239
2026-09-10 00:00:00,0.0,154.0,28.386421,-0.25205868
2026-09-10 00:00:00,0.0,156.0,28.312548,-0.21360114
2026-09-10 00:00:00,0.0,158.0,28.460043,-0.28611657
2026-09-10 00:00:00,0.0,160.0,28.275845,-0.24732421
2026-09-10 00:00:00,0.0,162.0,27.995012,-0.23822448
2026-09-10 00:00:00,0.0,164.0,28.124718,-0.2564085
2026-09-10 00:00:00,0.0,166.0,28.240742,-0.25448412
2026-09-10 00:00:00,0.0,168.0,28.215334,-0.28631824
2026-09-10 00:00:00,0.0,170.0,27.73739,-0.28440347
2026-09-10 00:00:00,0.0,172.0,28.10257,-0.3383265
2026-09-10 00:00:00,0.0,174.0,28.248789,-0.31494606
2026-09-10 00:00:00,0.0,176.0,28.097948,-0.26885512
2026-09-10 00:00:00,0.0,178.0,28.079262,-0.26476803
2026-09-10 00:00:00,0.0,-180.0,28.313202,-0.24002948
2026-09-10 00:00:00,2.0,-180.0,28.021994,-0.28880718
2026-09-10 00:00:00,2.0,-178.0,28.2052,-0.33284423
2026-09-10 00:00:00,2.0,-176.0,28.317337,-0.27176848
2026-09-10 00:00:00,2.0,-174.0,28.005577,-0.28751636
2026-09-10 00:00:00,2.0,-172.0,27.907867,-0.2816581
2026-09-10 00:00:00,2.0,-170.0,28.603569,-0.28230673
2026-09-10 00:00:00,2.0,-168.0,28.2741,-0.27631894
2026-09-10 00:00:00,2.0,-166.0,28.370005,-0.27987754
2026-09-10 00:00:00,2.0,-164.0,27.984144,-0.30985403
2026-09-10 00:00:00,2.0,-162.0,28.36783,-0.24028397
2026-09-10 00:00:00,2.0,-160.0,28.182295,-0.25763637
2026-09-10 00:00:00,2.0,-158.0,28.306932,-0.29977816
2026-09-10 00:00:00,2.0,-156.0,27.6739,-0.253109
2026-09-10 00:00:00,2.0,-154.0,28.363289,-0.23016864
2026-09-10 00:00:00,2.0,-152.0,28.23052,-0.26644212
2026-09-10 00:00:00,2.0,-150.0,27.947132,-0.20975365
2026-09-10 00:00:00,2.0,-148.0,28.31073,-0.20116629
2026-09-10 00:00:00,2.0,-146.0,28.470211,-0.14518537
2026-09-10 00:00:00,2.0,-144.0,28.148766,-0.17463022
2026-09-10 00:00:00,2.0,-142.0,27.707476,-0.18860278
2026-09-10 00:00:00,2.0,-140.0,28.011354,-0.19958404
2026-09-10 00:00:00,2.0,-138.0,28.037924,-0.19055153
2026-09-10 00:00:00,2.0,-136.0,27.93732,-0.15722197
2026-09-10 00:00:00,2.0,-134.0,28.233946,-0.16191451
2026-09-10 00:00:00,2.0,-132.0,27.69518,-0.13061734
2026-09-10 00:00:00,2.0,-130.0,27.947435,-0.14567348
2026-09-10 00:00:00,2.0,-128.0,27.698473,-0.1648869
2026-09-10 00:00:00,2.0,-126.0,28.17845,-0.09676602
2026-09-10 00:00:00,2.0,-124.0,28.134895,-0.06860438
2026-09-10 00:00:00,2.0,-122.0,28.143167,-0.09648669
2026-09-10 00:00:00,2.0,-120.0,28.58186,-0.080065966
2026-09-10 00:00:00,2.0,-118.0,28.256092,-0.09766036
2026-09-10 00:00:00,2.0,-116.0,28.129435,-0.06811777
2026-09-10 00:00:00,2.0,-114.0,27.967432,-0.114356026
2026-09-10 00:00:00,2.0,-112.0,28.138794,-0.059312288
2026-09-10 00:00:00,2.0,-110.0,27.468775,-0.050249074
2026-09-10 00:00:00,2.0,-108.0,28.024769,-0.10989088
2026-09-10 00:00:00,2.0,-106.0,28.153847,0.05161185
2026-09-10 00:00:00,2.0,-104.0,27.81193,-0.014825076
2026-09-10 00:00:00,2.0,-102.0,28.298758,-0.014887282
2026-09-10 00:00:00,2.0,-100.0,28.300964,0.009290451
2026-09-10 00:00:00,2.0,-98.0,28.105766,0.019178558
2026-09-10 00:00:00,2.0,-96.0,27.696981,0.0021139388
2026-09-10 00:00:00,2.0,-94.0,27.993244,-0.008944648
2026-09-10 00:00:00,2.0,-92.0,28.507938,0.026705705
2026-09-10 00:00:00,2.0,-90.0,28.475254,0.044722296
2026-09-10 00:00:00,2.0,-88.0,28.08363,-0.04510724
2026-09-10 00:00:00,2.0,-86.0,28.320414,0.020881005
2026-09-10 00:00:00,2.0,-84.0,28.209202,0.024433227
2026-09-10 00:00:00,2.0,-82.0,28.319242,0.09825475
2026-09-10 00:00:00,2.0,-80.0,28.109818,0.048782725
2026-09-10 00:00:00,2.0,-78.0,27.825449,0.061625663
2026-09-10 00:00:00,2.0,-76.0,27.984423,0.04061311
2026-09-10 00:00:00,2.0,-74.0,28.437561,0.045592684
2026-09-10 00:00:00,2.0,-72.0,28.182966,0.07864715
2026-09-10 00:00:00,2.0,-70.0,28.22696,0.12774007
2026-09-10 00:00:00,2.0,-68.0,28.317547,0.12226887
2026-09-10 00:00:00,2.0,-66.0,28.286531,0.047201693
2026-09-10 00:00:00,2.0,-64.0,27.917185,0.12897423
2026-09-10 00:00:00,2.0,-62.0,28.23891,0.17128079
2026-09-10 00:00:00,2.0,-60.0,28.255516,0.14810476
2026-09-10 00:00:00,2.0,-58.0,27.878286,0.16283074
2026-09-10 00:00:00,2.0,-56.0,27.761692,0.17645036
2026-09-10 00:00:00,2.0,-54.0,28.188679,0.17898126
2026-09-10 00:00:00,2.0,-52.0,27.906063,0.1583497
2026-09-10 00:00:00,2.0,-50.0,27.838133,0.18890344
2026-09-10 00:00:00,2.0,-48.0,28.0453,0.18402822
2026-09-10 00:00:00,2.0,-46.0,28.10108,0.21146601
2026-09-10 00:00:00,2.0,-44.0,27.830574,0.20678207
2026-09-10 00:00:00,2.0,-42.0,27.847288,0.236947
2026-09-10 00:00:00,2.0,-40.0,28.198475,0.21871945
2026-09-10 00:00:00,2.0,-38.0,28.14063,0.24072345
2026-09-10 00:00:00,2.0,-36.0,28.01055,0.2028034
2026-09-10 00:00:00,2.0,-34.0,27.948204,0.24470723
2026-09-10 00:00:00,2.0,-32.0,28.347485,0.26204655
2026-09-10 00:00:00,2.0,-30.0,27.922537,0.2636962
2026-09-10 00:00:00,2.0,-28.0,28.736048,0.26389205
2026-09-10 00:00:00,2.0,-26.0,28.146698,0.2777178
2026-09-10 00:00:00,2.0,-24.0,28.192942,0.25138113
2026-09-10 00:00:00,2.0,-22.0,28.432062,0.29792127
2026-09-10 00:00:00,2.0,-20.0,28.233065,0.33414674
2026-09-10 00:00:00,2.0,-18.0,28.042917,0.3428358
2026-09-10 00:00:00,2.0,-16.0,28.324495,0.31235573
2026-09-10 00:00:00,2.0,-14.0,27.890219,0.28268206
2026-09-10 00:00:00,2.0,-12.0,28.553118,0.29870933
2026-09-10 00:00:00,2.0,-10.0,28.399406,0.2890039
2026-09-10 00:00:00,2.0,-8.0,28.200472,0.29223248
2026-09-10 00:00:00,2.0,-6.0,27.989021,0.28843564
2026-09-10 00:00:00,2.0,-4.0,28.24033,0.326027
2026-09-10 00:00:00,2.0,-2.0,28.541046,0.34011352
2026-09-10 00:00:00,2.0,0.0,28.302517,0.29067057
2026-09-10 00:00:00,2.0,2.0,28.064207,0.30165857
2026-09-10 00:00:00,2.0,4.0,27.934189,0.3179471
2026-09-10 00:00:00,2.0,6.0,28.217894,0.2574875
2026-09-10 00:00:00,2.0,8.0,28.361418,0.31670827
2026-09-10 00:00:00,2.0,10.0,28.431393,0.31648135
2026-09-10 00:00:00,2.0,12.0,27.989388,0.2683157
2026-09-10 00:00:00,2.0,14.0,27.86758,0.30471107
2026-09-10 00:00:00,2.0,16.0,28.046434,0.31255957
2026-09-10 00:00:00,2.0,18.0,28.616697,0.29854137
2026-09-10 00:00:00,2.0,20.0,27.994183,0.3309626
2026-09-10 00:00:00,2.0,22.0,28.366102,0.26878223
2026-09-10 00:00:00,2.0,24.0,28.004269,0.3159508
2026-09-10 00:00:00,2.0,26.0,28.407036,0.25736895
2026-09-10 00:00:00,2.0,28.0,27.925493,0.29145473
2026-09-10 00:00:00,2.0,30.0,28.066433,0.25301751
2026-09-10 00:00:00,2.0,32.0,27.857834,0.2585242
2026-09-10 00:00:00,2.0,34.0,28.711054,0.2699928
2026-09-10 00:00:00,2.0,36.0,28.64253,0.20847034
2026-09-10 00:00:00,2.0,38.0,28.05985,0.2733695
2026-09-10 00:00:00,2.0,40.0,28.185642,0.28759745
2026-09-10 00:00:00,2.0,42.0,28.211592,0.22598849
2026-09-10 00:00:00,2.0,44.0,28.34605,0.24854043
2026-09-10 00:00:00,2.0,46.0,27.788506,0.21504082
2026-09-10 00:00:00,2.0,48.0,28.44332,0.21002507
2026-09-10 00:00:00,2.0,50.0,28.205942,0.1252665
2026-09-10 00:00:00,2.0,52.0,27.828096,0.19057345
2026-09-10 00:00:00,2.0,54.0,28.351892,0.17457846
2026-09-10 00:00:00,2.0,56.0,27.766872,0.20279133
2026-09-10 00:00:00,2.0,58.0,27.713419,0.13106209
2026-09-10 00:00:00,2.0,60.0,28.506205,0.14970955
2026-09-10 00:00:00,2.0,62.0,28.377724,0.11254035
2026-09-10 00:00:00,2.0,64.0,28.4093,0.09788232
2026-09-10 00:00:00,2.0,66.0,28.247526,0.101300806
2026-09-10 00:00:00,2.0,68.0,28.007381,0.11371784
2026-09-10 00:00:00,2.0,70.0,27.756958,0.030324355
2026-09-10 00:00:00,2.0,72.0,28.109426,0.08638117
2026-09-10 00:00:00,2.0,74.0,28.088724,0.021305714
2026-09-10 00:00:00,2.0,76.0,28.465008,0.11687953
2026-09-10 00:00:00,2.0,78.0,28.494926,0.074672565
2026-09-10 00:00:00,2.0,80.0,28.297884,0.07914348
2026-09-10 00:00:00,2.0,82.0,28.662405,0.0165346
2026-09-10 00:00:00,2.0,84.0,27.435352,0.03085306
2026-09-10 00:00:00,2.0,86.0,28.115704,0.019238697
2026-09-10 00:00:00,2.0,88.0,28.327404,0.04558206
2026-09-10 00:00:00,2.0,90.0,28.274841,-0.010317042
2026-09-10 00:00:00,2.0,92.0,28.02204,0.00889988
2026-09-10 00:00:00,2.0,94.0,27.690866,-0.001960279
2026-09-10 00:00:00,2.0,96.0,28.704588,-0.037864707
2026-09-10 00:00:00,2.0,98.0,28.165571,-0.008413152
2026-09-10 00:00:00,2.0,100.0,28.186344,-0.037063517
2026-09-10 00:00:00,2.0,102.0,28.15575,-0.022614924
2026-09-10 00:00:00,2.0,104.0,28.059458,-0.059761085
2026-09-10 00:00:00,2.0,106.0,28.272345,-0.026989315
2026-09-10 00:00:00,2.0,108.0,28.45511,-0.0061883708
2026-09-10 00:00:00,2.0,110.0,28.10265,-0.049322188
2026-09-10 00:00:00,2.0,112.0,28.059269,-0.08551947
2026-09-10 00:00:00,2.0,114.0,27.92973,-0.08574571
2026-09-10 00:00:00,2.0,116.0,28.163036,-0.09479127
2026-09-10 00:00:00,2.0,118.0,27.770956,-0.04456506
2026-09-10 00:00:00,2.0,120.0,28.061068,-0.079894654
2026-09-10 00:00:00,2.0,122.0,27.74085,-0.07713258
2026-09-10 00:00:00,2.0,124.0,28.195248,-0.09310448
2026-09-10 00:00:00,2.0,126.0,27.863964,-0.09440746
2026-09-10 00:00:00,2.0,128.0,27.860783,-0.17715539
2026-09-10 00:00:00,2.0,130.0,28.483992,-0.1380191
2026-09-10 00:00:00,2.0,132.0,28.413977,-0.1585108
2026-09-10 00:00:00,2.0,134.0,28.206894,-0.133213
2026-09-10 00:00:00,2.0,136.0,27.807085,-0.17804141
2026-09-10 00:00:00,2.0,138.0,28.648165,-0.08035483
2026-09-10 00:00:00,2.0,140.0,28.433765,-0.19893716
2026-09-10 00:00:00,2.0,142.0,27.995394,-0.23370767
2026-09-10 00:00:00,2.0,144.0,27.919956,-0.17518367
2026-09-10 00:00:00,2.0,146.0,28.199753,-0.21322745
2026-09-10 00:00:00,2.0,148.0,27.950905,-0.23558055
2026-09-10 00:00:00,2.0,150.0,28.134962,-0.21610394
2026-09-10 00:00:00,2.0,152.0,28.23286,-0.20314987
2026-09-10 00:00:00,2.0,154.0,28.311491,-0.27978474
2026-09-10 00:00:00,2.0,156.0,27.546528,-0.27895415
2026-09-10 00:00:00,2.0,158.0,28.02612,-0.2504346
2026-09-10 00:00:00,2.0,160.0,27.973942,-0.22813529
2026-09-10 00:00:00,2.0,162.0,28.258383,-0.27999806
2026-09-10 00:00:00,2.0,164.0,28.06762,-0.26350546
2026-09-10 00:00:00,2.0,166.0,27.660513,-0.2759307
2026-09-10 00:00:00,2.0,168.0,28.034315,-0.31296587
2026-09-10 00:00:00,2.0,170.0,28.27347,-0.2743669
2026-09-10 00:00:00,2.0,172.0,28.064564,-0.32975143
2026-09-10 00:00:00,2.0,174.0,28.144785,-0.28055173
2026-09-10 00:00:00,2.0,176.0,28.276321,-0.2948829
2026-09-10 00:00:00,2.0,178.0,27.676867,-0.32751942
2026-09-10 00:00:00,2.0,-180.0,28.010946,-0.25268072
2026-09-10 00:00:00,4.0,-180.0,27.964697,-0.31067774
2026-09-10 00:00:00,4.0,-178.0,27.689552,-0.29903635
2026-09-10 00:00:00,4.0,-176.0,28.057863,-0.3265356
2026-09-10 00:00:00,4.0,-174.0,28.164219,-0.27984303
2026-09-10 00:00:00,4.0,-172.0,27.532673,-0.3137063
2026-09-10 00:00:00,4.0,-170.0,28.072264,-0.25944927
2026-09-10 00:00:00,4.0,-168.0,27.936861,-0.2989684
2026-09-10 00:00:00,4.0,-166.0,28.063349,-0.28963703
2026-09-10 00:00:00,4.0,-164.0,28.078445,-0.23620994
2026-09-10 00:00:00,4.0,-162.0,28.085712,-0.24130897
2026-09-10 00:00:00,4.0,-160.0,28.478529,-0.23572047
2026-09-10 00:00:00,4.0,-158.0,27.668465,-0.20936877
2026-09-10 00:00:00,4.0,-156.0,27.718943,-0.23171519
2026-09-10 00:00:00,4.0,-154.0,28.369846,-0.27604276
2026-09-10 00:00:00,4.0,-152.0,28.23466,-0.18484297
2026-09-10 00:00:00,4.0,-150.0,28.314327,-0.31026852
2026-09-10 00:00:00,4.0,-148.0,27.496496,-0.22418271
2026-09-10 00:00:00,4.0,-146.0,28.01818,-0.2068006
2026-09-10 00:00:00,4.0,-144.0,28.135433,-0.2783703
2026-09-10 00:00:00,4.0,-142.0,28.093195,-0.15612085
2026-09-10 00:00:00,4.0,-140.0,27.877722,-0.16341043
2026-09-10 00:00:00,4.0,-138.0,28.443018,-0.13094509
2026-09-10 00:00:00,4.0,-136.0,27.668041,-0.07966055
2026-09-10 00:00:00,4.0,-134.0,28.373236,-0.092463836
2026-09-10 00:00:00,4.0,-132.0,27.831999,-0.11001613
2026-09-10 00:00:00,4.0,-130.0,27.759428,-0.12455206
2026-09-10 00:00:00,4.0,-128.0,27.567059,-0.13496332
2026-09-10 00:00:00,4.0,-126.0,28.17167,-0.13309507
2026-09-10 00:00:00,4.0,-124.0,27.955896,-0.07646114
2026-09-10 00:00:00,4.0,-122.0,28.252491,-0.092928484
2026-09-10 00:00:00,4.0,-120.0,28.41626,-0.07647673
2026-09-10 00:00:00,4.0,-118.0,28.374388,-0.09274902
2026-09-10 00:00:00,4.0,-116.0,28.055832,-0.05666532
2026-09-10 00:00:00,4.0,-114.0,27.656933,-0.041540153
2026-09-10 00:00:00,4.0,-112.0,27.501787,-0.0054411683
2026-09-10 00:00:00,4.0,-110.0,28.155066,-0.022378026
2026-09-10 00:00:00,4.0,-108.0,28.225578,-0.033828065
2026-09-10 00:00:00,4.0,-106.0,28.196762,0.016321184
2026-09-10 00:00:00,4.0,-104.0,28.341711,-0.0059848153
2026-09-10 00:00:00,4.0,-102.0,27.819433,0.016004711
2026-09-10 00:00:00,4.0,-100.0,28.336222,0.026857717
2026-09-10 00:00:00,4.0,-98.0,28.358421,0.036798965
2026-09-10 00:00:00,4.0,-96.0,28.394703,0.01534681
2026-09-10 00:00:00,4.0,-94.0,28.037584,0.01107108
2026-09-10 00:00:00,4.0,-92.0,28.0523,0.046562463
2026-09-10 00:00:00,4.0,-90.0,27.804161,0.03168256
2026-09-10 00:00:00,4.0,-88.0,28.076122,0.011480931
2026-09-10 00:00:00,4.0,-86.0,28.425987,0.07776712
2026-09-10 00:00:00,4.0,-84.0,28.074877,0.035619024
2026-09-10 00:00:00,4.0,-82.0,28.17925,0.090890996
2026-09-10 00:00:00,4.0,-80.0,27.97103,-0.0017256588
2026-09-10 00:00:00,4.0,-78.0,27.852644,0.050757874
2026-09-10 00:00:00,4.0,-76.0,28.498642,0.060802683
2026-09-10 00:00:00,4.0,-74.0,27.94333,0.058479078
2026-09-10 00:00:00,4.0,-72.0,27.45399,0.10057139
2026-09-10 00:00:00,4.0,-70.0,27.696983,0.11631775
2026-09-10 00:00:00,4.0,-68.0,28.033173,0.11350287
2026-09-10 00:00:00,4.0,-66.0,28.420727,0.10190769
2026-09-10 00:00:00,4.0,-64.0,28.322096,0.20693986
2026-09-10 00:00:00,4.0,-62.0,27.871815,0.082767196
2026-09-10 00:00:00,4.0,-60.0,28.380184,0.12849812
2026-09-10 00:00:00,4.0,-58.0,27.999443,0.1623051
2026-09-10 00:00:00,4.0,-56.0,28.083086,0.1706928
2026-09-10 00:00:00,4.0,-54.0,28.714367,0.1495541
2026-09-10 00:00:00,4.0,-52.0,28.606466,0.1254148
2026-09-10 00:00:00,4.0,-50.0,28.082336,0.18588369
2026-09-10 00:00:00,4.0,-48.0,28.188332,0.20266347
2026-09-10 00:00:00,4.0,-46.0,27.845629,0.18443514
2026-09-10 00:00:00,4.0,-44.0,28.121046,0.1600352
2026-09-10 00:00:00,4.0,-42.0,28.2733,0.2266954
2026-09-10 00:00:00,4.0,-40.0,27.885365,0.24988666
2026-09-10 00:00:00,4.0,-38.0,27.806997,0.24539429
2026-09-10 00:00:00,4.0,-36.0,28.13547,0.19588791
2026-09-10 00:00:00,4.0,-34.0,28.18386,0.21463871
2026-09-10 00:00:00,4.0,-32.0,27.854538,0.20314603
2026-09-10 00:00:00,4.0,-30.0,28.34088,0.30450457
2026-09-10 00:00:00,4.0,-28.0,27.923801,0.2571753
2026-09-10 00:00:00,4.0,-26.0,28.017378,0.31512862
2026-09-10 00:00:00,4.0,-24.0,27.71138,0.3039122
2026-09-10 00:00:00,4.0,-22.0,27.901802,0.3243625
2026-09-10 00:00:00,4.0,-20.0,28.22469,0.27991194
2026-09-10 00:00:00,4.0,-18.0,28.221294,0.29973972
2026-09-10 00:00:00,4.0,-16.0,28.244608,0.30896276
2026-09-10 00:00:00,4.0,-14.0,27.80625,0.31977063
2026-09-10 00:00:00,4.0,-12.0,28.531029,0.3877598
2026-09-10 00:00:00,4.0,-10.0,28.120817,0.34383574
2026-09-10 00:00:00,4.0,-8.0,28.281023,0.3203342
2026-09-10 00:00:00,4.0,-6.0,28.458496,0.38778976
2026-09-10 00:00:00,4.0,-4.0,28.082308,0.39535752
2026-09-10 00:00:00,4.0,-2.0,27.680313,0.35248247
2026-09-10 00:00:00,4.0,0.0,28.257896,0.37561372
2026-09-10 00:00:00,4.0,2.0,27.869495,0.32835448
2026-09-10 00:00:00,4.0,4.0,27.551863,0.42077863
2026-09-10 00:00:00,4.0,6.0,28.170801,0.37413356
2026-09-10 00:00:00,4.0,8.0,28.200987,0.34521052
2026-09-10 00:00:00,4.0,10.0,28.126558,0.32196063
2026-09-10 00:00:00,4.0,12.0,28.280434,0.3378269
2026-09-10 00:00:00,4.0,14.0,28.35322,0.29382947
2026-09-10 00:00:00,4.0,16.0,28.257473,0.3504475
2026-09-10 00:00:00,4.0,18.0,27.934122,0.30209872
2026-09-10 00:00:00,4.0,20.0,28.128542,0.34854323
2026-09-10 00:00:00,4.0,22.0,27.978321,0.34496343
2026-09-10 00:00:00,4.0,24.0,28.011093,0.27903435
2026-09-10 00:00:00,4.0,26.0,28.197456,0.2762897
2026-09-10 00:00:00,4.0,28.0,27.901997,0.29482326
2026-09-10 00:00:00,4.0,30.0,28.564327,0.27875778
2026-09-10 00:00:00,4.0,32.0,28.114979,0.29870456
2026-09-10 00:00:00,4.0,34.0,28.19992,0.25391096
2026-09-10 00:00:00,4.0,36.0,28.193043,0.23311839
2026-09-10 00:00:00,4.0,38.0,28.205036,0.25052798
2026-09-10 00:00:00,4.0,40.0,27.997562,0.26151517
2026-09-10 00:00:00,4.0,42.0,27.86851,0.22927685
2026-09-10 00:00:00,4.0,44.0,28.183691,0.2568804
2026-09-10 00:00:00,4.0,46.0,28.486675,0.18250892
2026-09-10 00:00:00,4.0,48.0,28.001352,0.18358588
2026-09-10 00:00:00,4.0,50.0,27.822685,0.17371419
2026-09-10 00:00:00,4.0,52.0,28.180754,0.1744743
2026-09-10 00:00:00,4.0,54.0,27.986755,0.14203206
2026-09-10 00:00:00,4.0,56.0,28.310745,0.1253879
2026-09-10 00:00:00,4.0,58.0,27.84684,0.16311298
2026-09-10 00:00:00,4.0,60.0,28.12667,0.117068514
2026-09-10 00:00:00,4.0,62.0,28.29021,0.11866239
2026-09-10 00:00:00,4.0,64.0,27.921087,0.15159073
2026-09-10 00:00:00,4.0,66.0,27.972044,0.086671986
2026-09-10 00:00:00,4.0,68.0,27.752728,0.13126513
2026-09-10 00:00:00,4.0,70.0,27.78017,0.064384155
2026-09-10 00:00:00,4.0,72.0,28.041172,0.024554046
2026-09-10 00:00:00,4.0,74.0,27.90782,0.12942068
2026-09-10 00:00:00,4.0,76.0,28.103348,0.07875971
2026-09-10 00:00:00,4.0,78.0,28.026823,0.09815641
2026-09-10 00:00:00,4.0,80.0,27.903437,0.098648444
2026-09-10 00:00:00,4.0,82.0,27.991428,0.041134022
2026-09-10 00:00:00,4.0,84.0,28.291739,0.05124793
2026-09-10 00:00:00,4.0,86.0,28.054028,0.048123386
2026-09-10 00:00:00,4.0,88.0,28.094414,0.0438045
2026-09-10 00:00:00,4.0,90.0,28.261677,0.025688581
2026-09-10 00:00:00,4.0,92.0,27.957243,0.08908285
2026-09-10 00:00:00,4.0,94.0,27.77111,-0.033055224
2026-09-10 00:00:00,4.0,96.0,28.278948,0.045847055
2026-09-10 00:00:00,4.0,98.0,28.389883,0.014946785
2026-09-10 00:00:00,4.0,100.0,28.126432,-0.09546094
2026-09-10 00:00:00,4.0,102.0,28.028038,0.032275062
2026-09-10 00:00:00,4.0,104.0,27.96837,-0.04640577
2026-09-10 00:00:00,4.0,106.0,27.957916,0.0017775414
2026-09-10 00:00:00,4.0,108.0,27.979292,-0.07359996
2026-09-10 00:00:00,4.0,110.0,28.381725,-0.0025831372
2026-09-10 00:00:00,4.0,112.0,27.693495,-0.0071787117
2026-09-10 00:00:00,4.0,114.0,28.11474,-0.07764275
2026-09-10 00:00:00,4.0,116.0,28.324705,0.004746118
2026-09-10 00:00:00,4.0,118.0,28.375916,-0.05621817
2026-09-10 00:00:00,4.0,120.0,28.373625,-0.060854517
2026-09-10 00:00:00,4.0,122.0,28.330212,-0.07765675
2026-09-10 00:00:00,4.0,124.0,28.081024,-0.13250022
2026-09-10 00:00:00,4.0,126.0,28.43589,-0.047100473
2026-09-10 00:00:00,4.0,128.0,28.116665,-0.077413596
2026-09-10 00:00:00,4.0,130.0,27.764986,-0.19361803
2026-09-10 00:00:00,4.0,132.0,28.27773,-0.13240796
2026-09-10 00:00:00,4.0,134.0,28.260456,-0.15806693
2026-09-10 00:00:00,4.0,136.0,28.350054,-0.120098636
2026-09-10 00:00:00,4.0,138.0,28.438278,-0.1383477
2026-09-10 00:00:00,4.0,140.0,28.15387,-0.14492959
2026-09-10 00:00:00,4.0,142.0,27.9739,-0.20144263
2026-09-10 00:00:00,4.0,144.0,28.26409,-0.16148958
2026-09-10 00:00:00,4.0,146.0,28.153133,-0.15084183
2026-09-10 00:00:00,4.0,148.0,27.958687,-0.21075659
2026-09-10 00:00:00,4.0,150.0,28.256126,-0.21534593
2026-09-10 00:00:00,4.0,152.0,28.164297,-0.1724378
2026-09-10 00:00:00,4.0,154.0,28.580631,-0.2782258
2026-09-10 00:00:00,4.0,156.0,27.605974,-0.17385457
2026-09-10 00:00:00,4.0,158.0,28.3678,-0.26762292
2026-09-10 00:00:00,4.0,160.0,28.388998,-0.25880995
2026-09-10 00:00:00,4.0,162.0,28.51145,-0.2284209
2026-09-10 00:00:00,4.0,164.0,27.951954,-0.22490998
2026-09-10 00:00:00,4.0,166.0,28.159763,-0.29310283
2026-09-10 00:00:00,4.0,168.0,28.229078,-0.2881291
2026-09-10 00:00:00,4.0,170.0,28.065512,-0.294025
2026-09-10 00:00:00,4.0,172.0,27.990566,-0.30088305
2026-09-10 00:00:00,4.0,174.0,27.959202,-0.30246842
2026-09-10 00:00:00,4.0,176.0,27.780016,-0.3008344
2026-09-10 00:00:00,4.0,178.0,28.232014,-0.3703816
2026-09-10 00:00:00,4.0,-180.0,28.07175,-0.28866303
2026-09-10 00:00:00,6.0,-180.0,27.924078,-0.26940984
2026-09-10 00:00:00,6.0,-178.0,27.789297,-0.3083592
2026-09-10 00:00:00,6.0,-176.0,28.193926,-0.27124965
2026-09-10 00:00:00,6.0,-174.0,28.660805,-0.22870767
2026-09-10 00:00:00,6.0,-172.0,27.943182,-0.29211935
2026-09-10 00:00:00,6.0,-170.0,28.23005,-0.27842322
2026-09-10 00:00:00,6.0,-168.0,28.195387,-0.23469923
2026-09-10 00:00:00,6.0,-166.0,27.747087,-0.23043332
2026-09-10 00:00:00,6.0,-164.0,28.129,-0.28414944
2026-09-10 00:00:00,6.0,-162.0,27.863739,-0.26600453
2026-09-10 00:00:00,6.0,-160.0,28.343958,-0.25224677
2026-09-10 00:00:00,6.0,-158.0,27.55119,-0.17943498
2026-09-10 00:00:00,6.0,-156.0,28.309465,-0.20927595
2026-09-10 00:00:00,6.0,-154.0,28.024727,-0.26472783
2026-09-10 00:00:00,6.0,-152.0,27.950993,-0.19426773
2026-09-10 00:00:00,6.0,-150.0,27.722446,-0.21963494
2026-09-10 00:00:00,6.0,-148.0,27.981056,-0.1935611
2026-09-10 00:00:00,6.0,-146.0,28.187103,-0.22669107
2026-09-10 00:00:00,6.0,-144.0,28.110134,-0.15420416
2026-09-10 00:00:00,6.0,-142.0,27.849726,-0.1894721
2026-09-10 00:00:00,6.0,-140.0,28.009857,-0.094565384
2026-09-10 00:00:00,6.0,-138.0,27.740654,-0.11736157
2026-09-10 00:00:00,6.0,-136.0,27.69933,-0.102999024
2026-09-10 00:00:00,6.0,-134.0,27.890463,-0.097109176
2026-09-10 00:00:00,6.0,-132.0,27.89901,-0.077555016
2026-09-10 00:00:00,6.0,-130.0,28.207472,-0.111735485
2026-09-10 00:00:00,6.0,-128.0,27.909088,-0.07819464
2026-09-10 00:00:00,6.0,-126.0,28.005812,-0.07338457
2026-09-10 00:00:00,6.0,-124.0,28.113989,-0.13401715
2026-09-10 00:00:00,6.0,-122.0,27.809698,-0.05277682
2026-09-10 00:00:00,6.0,-120.0,27.95682,0.047969
2026-09-10 00:00:00,6.0,-118.0,28.313896,0.037508477
2026-09-10 00:00:00,6.0,-116.0,27.97193,-0.065092154
2026-09-10 00:00:00,6.0,-114.0,27.972023,0.008042863
2026-09-10 00:00:00,6.0,-112.0,27.785788,-0.015678583
2026-09-10 00:00:00,6.0,-110.0,27.955051,-0.019398425
2026-09-10 00:00:00,6.0,-108.0,27.684845,0.025056534
2026-09-10 00:00:00,6.0,-106.0,28.048395,0.04104365
2026-09-10 00:00:00,6.0,-104.0,28.18334,0.020275394
2026-09-10 00:00:00,6.0,-102.0,28.00859,0.036141627
2026-09-10 00:00:00,6.0,-100.0,27.999945,0.08761016
2026-09-10 00:00:00,6.0,-98.0,28.054106,0.013723496
2026-09-10 00:00:00,6.0,-96.0,27.726414,0.028483305
2026-09-10 00:00:00,6.0,-94.0,28.037422,0.0984776
2026-09-10 00:00:00,6.0,-92.0,27.851334,0.05161271
2026-09-10 00:00:00,6.0,-90.0,27.842176,0.060989607
2026-09-10 00:00:00,6.0,-88.0,28.145714,0.08879211
2026-09-10 00:00:00,6.0,-86.0,27.890856,0.054200146
2026-09-10 00:00:00,6.0,-84.0,27.95478,0.0310361
2026-09-10 00:00:00,6.0,-82.0,27.999523,0.04918154
2026-09-10 00:00:00,6.0,-80.0,28.213604,0.088852406
2026-09-10 00:00:00,6.0,-78.0,27.748037,0.025973193
2026-09-10 00:00:00,6.0,-76.0,28.120724,0.07767485
2026-09-10 00:00:00,6.0,-74.0,27.705252,0.08539878
2026-09-10 00:00:00,6.0,-72.0,28.090857,0.066955395
2026-09-10 00:00:00,6.0,-70.0,28.468094,0.07742063
2026-09-10 00:00:00,6.0,-68.0,27.950478,0.079030715
2026-09-10 00:00:00,6.0,-66.0,28.211227,0.066161014
2026-09-10 00:00:00,6.0,-64.0,27.929766,0.12165672
2026-09-10 00:00:00,6.0,-62.0,27.937582,0.12276736
2026-09-10 00:00:00,6.0,-60.0,27.998423,0.13255651
2026-09-10 00:00:00,6.0,-58.0,28.144567,0.12824003
2026-09-10 00:00:00,6.0,-56.0,27.806501,0.16253734
2026-09-10 00:00:00,6.0,-54.0,27.995403,0.14993164
2026-09-10 00:00:00,6.0,-52.0,28.120077,0.16780904
2026-09-10 00:00:00,6.0,-50.0,27.731358,0.17429632
2026-09-10 00:00:00,6.0,-48.0,27.93874,0.25149027
2026-09-10 00:00:00,6.0,-46.0,28.215193,0.18816447
2026-09-10 00:00:00,6.0,-44.0,28.062943,0.20285119
2026-09-10 00:00:00,6.0,-42.0,27.954391,0.26038128
2026-09-10 00:00:00,6.0,-40.0,27.885794,0.23415363
2026-09-10 00:00:00,6.0,-38.0,27.90023,0.2923015
2026-09-10 00:00:00,6.0,-36.0,28.164074,0.22509092
2026-09-10 00:00:00,6.0,-34.0,27.999382,0.31440473
2026-09-10 00:00:00,6.0,-32.0,27.892393,0.33948365
2026-09-10 00:00:00,6.0,-30.0,27.959352,0.3117658
2026-09-10 00:00:00,6.0,-28.0,27.943876,0.27253893
2026-09-10 00:00:00,6.0,-26.0,27.840168,0.32552248
2026-09-10 00:00:00,6.0,-24.0,27.836716,0.3590409
2026-09-10 00:00:00,6.0,-22.0,27.687912,0.31926844
2026-09-10 00:00:00,6.0,-20.0,27.800339,0.30660203
2026-09-10 00:00:00,6.0,-18.0,27.185509,0.31634033
2026-09-10 00:00:00,6.0,-16.0,28.347574,0.33776894
2026-09-10 00:00:00,6.0,-14.0,27.997902,0.3364732
2026-09-10 00:00:00,6.0,-12.0,27.870153,0.38604882
2026-09-10 00:00:00,6.0,-10.0,27.75412,0.43351993
2026-09-10 00:00:00,6.0,-8.0,28.513643,0.34698308
2026-09-10 00:00:00,6.0,-6.0,27.97324,0.35672164
2026-09-10 00:00:00,6.0,-4.0,27.817324,0.42047316
2026-09-10 00:00:00,6.0,-2.0,28.36407,0.41144168
2026-09-10 00:00:00,6.0,0.0,27.96289,0.39472649
2026-09-10 00:00:00,6.0,2.0,27.831589,0.3255216
2026-09-10 00:00:00,6.0,4.0,28.132212,0.3804876
2026-09-10 00:00:00,6.0,6.0,27.86082,0.4353569
2026-09-10 00:00:00,6.0,8.0,27.613436,0.39967963
2026-09-10 00:00:00,6.0,10.0,28.236034,0.34927842
2026-09-10 00:00:00,6.0,12.0,27.411575,0.4224631
2026-09-10 00:00:00,6.0,14.0,28.034315,0.3458496
2026-09-10 00:00:00,6.0,16.0,27.903933,0.40760407
2026-09-10 00:00:00,6.0,18.0,27.927921,0.3070992
2026-09-10 00:00:00,6.0,20.0,28.15273,0.33880562
2026-09-10 00:00:00,6.0,22.0,28.502539,0.34057716
2026-09-10 00:00:00,6.0,24.0,28.004538,0.41437346
2026-09-10 00:00:00,6.0,26.0,27.939104,0.36131656
2026-09-10 00:00:00,6.0,28.0,28.25018,0.30670783
2026-09-10 00:00:00,6.0,30.0,28.129381,0.3176536
2026-09-10 00:00:00,6.0,32.0,28.23688,0.26759997
2026-09-10 00:00:00,6.0,34.0,27.700304,0.32108146
2026-09-10 00:00:00,6.0,36.0,28.261599,0.27201277
2026-09-10 00:00:00,6.0,38.0,27.814238,0.25116515
2026-09-10 00:00:00,6.0,40.0,28.029192,0.22412018
2026-09-10 00:00:00,6.0,42.0,27.796635,0.17494825
2026-09-10 00:00:00,6.0,44.0,28.180605,0.16554691
2026-09-10 00:00:00,6.0,46.0,27.604227,0.23422734
2026-09-10 00:00:00,6.0,48.0,27.585423,0.20474121
2026-09-10 00:00:00,6.0,50.0,27.578041,0.1542917
2026-09-10 00:00:00,6.0,52.0,28.280039,0.17563786
2026-09-10 00:00:00,6.0,54.0,28.282461,0.12021404
2026-09-10 00:00:00,6.0,56.0,27.653915,0.16097601
2026-09-10 00:00:00,6.0,58.0,28.12021,0.1678367
2026-09-10 00:00:00,6.0,60.0,27.878523,0.16181006
2026-09-10 00:00:00,6.0,62.0,27.655167,0.106017925
2026-09-10 00:00:00,6.0,64.0,27.882605,0.14383028
2026-09-10 00:00:00,6.0,66.0,28.031181,0.067929015
2026-09-10 00:00:00,6.0,68.0,28.152874,0.16456625
2026-09-10 00:00:00,6.0,70.0,28.033298,0.07867619
2026-09-10 00:00:00,6.0,72.0,28.137697,0.08932358
2026-09-10 00:00:00,6.0,74.0,27.592554,0.068221174
2026-09-10 00:00:00,6.0,76.0,28.212032,0.13408875
2026-09-10 00:00:00,6.0,78.0,27.77756,0.06265539
2026-09-10 00:00:00,6.0,80.0,28.042183,0.02448966
2026-09-10 00:00:00,6.0,82.0,27.722874,0.022014223
2026-09-10 00:00:00,6.0,84.0,27.762836,0.06898692
2026-09-10 00:00:00,6.0,86.0,28.243176,0.013400279
2026-09-10 00:00:00,6.0,88.0,27.828417,0.0872196
2026-09-10 00:00:00,6.0,90.0,28.196253,0.052263193
2026-09-10 00:00:00,6.0,92.0,27.863096,0.008876781
2026-09-10 00:00:00,6.0,94.0,28.073387,-0.007912412
2026-09-10 00:00:00,6.0,96.0,28.118574,0.06836185
2026-09-10 00:00:00,6.0,98.0,27.586353,-0.0050419536
2026-09-10 00:00:00,6.0,100.0,28.404942,-0.007140569
2026-09-10 00:00:00,6.0,102.0,27.674578,0.045569032
2026-09-10 00:00:00,6.0,104.0,27.608961,0.038483895
2026-09-10 00:00:00,6.0,106.0,27.398129,0.042531792
2026-09-10 00:00:00,6.0,108.0,27.992897,0.0395578
2026-09-10 00:00:00,6.0,110.0,27.872087,0.01885483
2026-09-10 00:00:00,6.0,112.0,28.079163,-0.046219315
2026-09-10 00:00:00,6.0,114.0,27.441277,0.0029705581
2026-09-10 00:00:00,6.0,116.0,28.055632,-0.03352098
2026-09-10 00:00:00,6.0,118.0,27.89011,0.041797493
2026-09-10 00:00:00,6.0,120.0,27.587994,-0.020455422
2026-09-10 00:00:00,6.0,122.0,28.001694,0.03405579
2026-09-10 00:00:00,6.0,124.0,28.17684,-0.021323545
2026-09-10 00:00:00,6.0,126.0,27.850626,-0.028047357
2026-09-10 00:00:00,6.0,128.0,27.539444,-0.082793556
2026-09-10 00:00:00,6.0,130.0,28.316776,-0.11235392
2026-09-10 00:00:00,6.0,132.0,28.477863,-0.10226559
2026-09-10 00:00:00,6.0,134.0,28.890335,-0.0830241
2026-09-10 00:00:00,6.0,136.0,27.368551,-0.11671556
2026-09-10 00:00:00,6.0,138.0,27.799095,-0.12948632
2026-09-10 00:00:00,6.0,140.0,28.218483,-0.15829043
2026-09-10 00:00:00,6.0,142.0,28.6668,-0.10840068
2026-09-10 00:00:00,6.0,144.0,28.098654,-0.15601644
2026-09-10 00:00:00,6.0,146.0,27.66392,-0.17313118
2026-09-10 00:00:00,6.0,148.0,27.795439,-0.17093958
2026-09-10 00:00:00,6.0,150.0,28.012136,-0.19856834
2026-09-10 00:00:00,6.0,152.0,27.44601,-0.2001176
2026-09-10 00:00:00,6.0,154.0,28.101944,-0.14216267
2026-09-10 00:00:00,6.0,156.0,27.949593,-0.25574744
2026-09-10 00:00:00,6.0,158.0,28.356167,-0.25142252
2026-09-10 00:00:00,6.0,160.0,27.921818,-0.22502112
2026-09-10 00:00:00,6.0,162.0,27.706724,-0.271534
2026-09-10 00:00:00,6.0,164.0,27.759575,-0.2189265
2026-09-10 00:00:00,6.0,166.0,27.329153,-0.24254666
2026-09-10 00:00:00,6.0,168.0,27.726465,-0.26518768
2026-09-10 00:00:00,6.0,170.0,27.69022,-0.20743605
2026-09-10 00:00:00,6.0,172.0,28.14292,-0.30664408
2026-09-10 00:00:00,6.0,174.0,28.098066,-0.27336866
2026-09-10 00:00:00,6.0,176.0,28.102003,-0.2385719
2026-09-10 00:00:00,6.0,178.0,28.027855,-0.30117446
2026-09-10 00:00:00,6.0,-180.0,28.037502,-0.27353877
2026-09-10 00:00:00,8.0,-180.0,27.899124,-0.32511374
2026-09-10 00:00:00,8.0,-178.0,27.3624,-0.30794963
2026-09-10 00:00:00,8.0,-176.0,27.491327,-0.2908826
2026-09-10 00:00:00,8.0,-174.0,27.594793,-0.23902063
2026-09-10 00:00:00,8.0,-172.0,27.685497,-0.2965009
2026-09-10 00:00:00,8.0,-170.0,27.809483,-0.28244507
2026-09-10 00:00:00,8.0,-168.0,27.779741,-0.24693526
2026-09-10 00:00:00,8.0,-166.0,27.584064,-0.30828303
2026-09-10 00:00:00,8.0,-164.0,27.663889,-0.25843477
2026-09-10 00:00:00,8.0,-162.0,28.019354,-0.23372857
2026-09-10 00:00:00,8.0,-160.0,27.720922,-0.29122257
2026-09-10 00:00:00,8.0,-158.0,27.69781,-0.20578024
2026-09-10 00:00:00,8.0,-156.0,27.711678,-0.20049866
2026-09-10 00:00:00,8.0,-154.0,27.654533,-0.20609927
2026-09-10 00:00:00,8.0,-152.0,27.69027,-0.21579681
2026-09-10 00:00:00,8.0,-150.0,27.713476,-0.17457421
2026-09-10 00:00:00,8.0,-148.0,27.86161,-0.2284281
2026-09-10 00:00:00,8.0,-146.0,28.029314,-0.14720397
2026-09-10 00:00:00,8.0,-144.0,27.807432,-0.14144747
2026-09-10 00:00:00,8.0,-142.0,27.539625,-0.03002361
2026-09-10 00:00:00,8.0,-140.0,27.83305,-0.11877368
2026-09-10 00:00:00,8.0,-138.0,27.880424,-0.061919734
2026-09-10 00:00:00,8.0,-136.0,27.778723,-0.09862826
2026-09-10 00:00:00,8.0,-134.0,28.058836,-0.11226324
2026-09-10 00:00:00,8.0,-132.0,27.82677,-0.048789553
2026-09-10 00:00:00,8.0,-130.0,27.52413,-0.08192116
2026-09-10 00:00:00,8.0,-128.0,27.684992,-0.024231395
2026-09-10 00:00:00,8.0,-126.0,27.593447,-0.018915217
2026-09-10 00:00:00,8.0,-124.0,27.451609,-0.0056740553
2026-09-10 00:00:00,8.0,-122.0,27.649658,-0.047172293
2026-09-10 00:00:00,8.0,-120.0,27.525581,-0.0077719563
2026-09-10 00:00:00,8.0,-118.0,27.875883,-0.016558884
2026-09-10 00:00:00,8.0,-116.0,27.15048,0.03574058
2026-09-10 00:00:00,8.0,-114.0,27.951551,0.06450311
2026-09-10 00:00:00,8.0,-112.0,27.678135,0.056572113
2026-09-10 00:00:00,8.0,-110.0,27.793692,0.036316134
2026-09-10 00:00:00,8.0,-108.0,27.899818,0.06799231
2026-09-10 00:00:00,8.0,-106.0,27.741783,0.05825333
2026-09-10 00:00:00,8.0,-104.0,27.8231,0.10697352
2026-09-10 00:00:00,8.0,-102.0,27.672344,0.09246476
2026-09-10 00:00:00,8.0,-100.0,27.973589,0.049289886
2026-09-10 00:00:00,8.0,-98.0,27.626776,0.036528554
2026-09-10 00:00:00,8.0,-96.0,27.806587,0.021973114
2026-09-10 00:00:00,8.0,-94.0,27.40381,0.036812846
2026-09-10 00:00:00,8.0,-92.0,27.8656,0.07101118
2026-09-10 00:00:00,8.0,-90.0,27.775347,0.062877074
2026-09-10 00:00:00,8.0,-88.0,27.855635,0.11301103
2026-09-10 00:00:00,8.0,-86.0,27.70778,0.09067752
2026-09-10 00:00:00,8.0,-84.0,28.312057,0.12760024
2026-09-10 00:00:00,8.0,-82.0,28.426352,0.16347581
2026-09-10 00:00:00,8.0,-80.0,28.190977,0.09846525
2026-09-10 00:00:00,8.0,-78.0,27.88774,0.047132064
2026-09-10 00:00:00,8.0,-76.0,27.601877,0.114820726
2026-09-10 00:00:00,8.0,-74.0,27.353342,0.08503255
2026-09-10 00:00:00,8.0,-72.0,27.90221,0.09981048
2026-09-10 00:00:00,8.0,-70.0,27.632063,0.10119623
2026-09-10 00:00:00,8.0,-68.0,28.270864,0.079877004
2026-09-10 00:00:00,8.0,-66.0,27.723967,0.092476375
2026-09-10 00:00:00,8.0,-64.0,27.272175,0.09827905
2026-09-10 00:00:00,8.0,-62.0,28.063316,0.11069377
2026-09-10 00:00:00,8.0,-60.0,28.04032,0.04987382
2026-09-10 00:00:00,8.0,-58.0,27.837141,0.11950803
2026-09-10 00:00:00,8.0,-56.0,27.987406,0.11825308
2026-09-10 00:00:00,8.0,-54.0,27.600056,0.20966591
2026-09-10 00:00:00,8.0,-52.0,27.718655,0.2069119
2026-09-10 00:00:00,8.0,-50.0,27.918367,0.17647944
2026-09-10 00:00:00,8.0,-48.0,27.941948,0.15232846
2026-09-10 00:00:00,8.0,-46.0,27.806925,0.24455191
2026-09-10 00:00:00,8.0,-44.0,27.30625,0.20175898
2026-09-10 00:00:00,8.0,-42.0,27.049454,0.20651956
2026-09-10 00:00:00,8.0,-40.0,27.174839,0.21222876
2026-09-10 00:00:00,8.0,-38.0,27.605736,0.25927892
2026-09-10 00:00:00,8.0,-36.0,28.064945,0.2796197
2026-09-10 00:00:00,8.0,-34.0,27.816608,0.28528756
2026-09-10 00:00:00,8.0,-32.0,27.329723,0.30880892
2026-09-10 00:00:00,8.0,-30.0,28.172499,0.3400957
2026-09-10 00:00:00,8.0,-28.0,27.884098,0.35459027
2026-09-10 00:00:00,8.0,-26.0,27.66397,0.33750302
2026-09-10 00:00:00,8.0,-24.0,28.00136,0.28856632
2026-09-10 00:00:00,8.0,-22.0,27.381706,0.3854702
2026-09-10 00:00:00,8.0,-20.0,28.163738,0.34029683
2026-09-10 00:00:00,8.0,-18.0,27.886368,0.33750302
2026-09-10 00:00:00,8.0,-16.0,27.548243,0.35072637
2026-09-10 00:00:00,8.0,-14.0,27.808096,0.38432786
2026-09-10 00:00:00,8.0,-12.0,28.076845,0.39048997
2026-09-10 00:00:00,8.0,-10.0,27.786448,0.4536077
2026-09-10 00:00:00,8.0,-8.0,27.764307,0.45521966
2026-09-10 00:00:00,8.0,-6.0,27.773958,0.41486463
2026-09-10 00:00:00,8.0,-4.0,27.344687,0.43818462
2026-09-10 00:00:00,8.0,-2.0,27.927656,0.42930794
2026-09-10 00:00:00,8.0,0.0,28.209465,0.3903782
2026-09-10 00:00:00,8.0,2.0,28.039982,0.42765793
2026-09-10 00:00:00,8.0,4.0,27.911366,0.41194913
2026-09-10 00:00:00,8.0,6.0,27.592628,0.41365743
2026-09-10 00:00:00,8.0,8.0,27.8014,0.43205908
2026-09-10 00:00:00,8.0,10.0,27.862513,0.41209906
2026-09-10 00:00:00,8.0,12.0,27.65568,0.40759355
2026-09-10 00:00:00,8.0,14.0,28.005543,0.46362513
2026-09-10 00:00:00,8.0,16.0,27.940178,0.48935938
2026-09-10 00:00:00,8.0,18.0,27.436646,0.36005744
2026-09-10 00:00:00,8.0,20.0,27.690453,0.37847096
2026-09-10 00:00:00,8.0,22.0,28.157747,0.38634646
2026-09-10 00:00:00,8.0,24.0,28.109238,0.3542372
2026-09-10 00:00:00,8.0,26.0,27.665747,0.34481364
2026-09-10 00:00:00,8.0,28.0,27.666323,0.30794787
2026-09-10 00:00:00,8.0,30.0,27.578552,0.29703367
2026-09-10 00:00:00,8.0,32.0,27.47471,0.34472144
2026-09-10 00:00:00,8.0,34.0,27.60161,0.27951247
2026-09-10 00:00:00,8.0,36.0,27.931309,0.27260274
2026-09-10 00:00:00,8.0,38.0,27.954252,0.24945717
2026-09-10 00:00:00,8.0,40.0,27.726768,0.28290114
2026-09-10 00:00:00,8.0,42.0,28.459354,0.1963453
2026-09-10 00:00:00,8.0,44.0,27.82391,0.20125358
2026-09-10 00:00:00,8.0,46.0,28.533213,0.2308277
2026-09-10 00:00:00,8.0,48.0,27.517948,0.23513989
2026-09-10 00:00:00,8.0,50.0,27.685997,0.1956453
2026-09-10 00:00:00,8.0,52.0,27.639883,0.19033542
2026-09-10 00:00:00,8.0,54.0,27.53613,0.15528077
2026-09-10 00:00:00,8.0,56.0,27.936949,0.13266602
2026-09-10 00:00:00,8.0,58.0,27.151903,0.20865041
2026-09-10 00:00:00,8.0,60.0,28.041481,0.08384969
2026-09-10 00:00:00,8.0,62.0,28.17331,0.101128295
2026-09-10 00:00:00,8.0,64.0,27.401335,0.1629157
2026-09-10 00:00:00,8.0,66.0,27.665821,0.11533279
2026-09-10 00:00:00,8.0,68.0,27.64461,0.15144618
2026-09-10 00:00:00,8.0,70.0,27.743334,0.101511076
2026-09-10 00:00:00,8.0,72.0,27.961727,0.08166369
2026-09-10 00:00:00,8.0,74.0,28.175598,0.07446893
2026-09-10 00:00:00,8.0,76.0,27.624435,0.07703572
2026-09-10 00:00:00,8.0,78.0,27.97644,0.014420075
2026-09-10 00:00:00,8.0,80.0,28.041061,0.096832104
2026-09-10 00:00:00,8.0,82.0,27.766775,0.1078336
2026-09-10 00:00:00,8.0,84.0,28.083794,0.037900828
2026-09-10 00:00:00,8.0,86.0,27.933718,0.05520453
2026-09-10 00:00:00,8.0,88.0,27.663046,0.04974458
2026-09-10 00:00:00,8.0,90.0,27.788301,0.069628194
2026-09-10 00:00:00,8.0,92.0,27.622293,0.05711102
2026-09-10 00:00:00,8.0,94.0,27.884773,0.09424343
2026-09-10 00:00:00,8.0,96.0,27.91792,0.093379766
2026-09-10 00:00:00,8.0,98.0,28.025629,0.022751875
2026-09-10 00:00:00,8.0,100.0,28.077864,0.06112824
2026-09-10 00:00:00,8.0,102.0,27.538445,0.023585077
2026-09-10 00:00:00,8.0,104.0,27.27817,0.042460207
2026-09-10 00:00:00,8.0,106.0,27.445517,0.09699518
2026-09-10 00:00:00,8.0,108.0,27.50894,0.03897179
2026-09-10 00:00:00,8.0,110.0,27.306946,-0.027824994
2026-09-10 00:00:00,8.0,112.0,27.502573,0.03531121
2026-09-10 00:00:00,8.0,114.0,27.631771,0.001552603
2026-09-10 00:00:00,8.0,116.0,28.152842,0.036430757
2026-09-10 00:00:00,8.0,118.0,28.172232,-0.008768153
2026-09-10 00:00:00,8.0,120.0,27.458332,-0.0016685249
2026-09-10 00:00:00,8.0,122.0,27.772078,0.005453024
2026-09-10 00:00:00,8.0,124.0,27.99891,-0.08228421
2026-09-10 00:00:00,8.0,126.0,27.41209,-0.020763038
2026-09-10 00:00:00,8.0,128.0,27.773357,-0.02338761
2026-09-10 00:00:00,8.0,130.0,28.207685,-0.026065487
2026-09-10 00:00:00,8.0,132.0,28.317692,-0.07867871
2026-09-10 00:00:00,8.0,134.0,27.508091,-0.0902634
2026-09-10 00:00:00,8.0,136.0,27.814644,-0.10576418
2026-09-10 00:00:00,8.0,138.0,28.014954,-0.06481772
2026-09-10 00:00:00,8.0,140.0,27.611124,-0.14090519
2026-09-10 00:00:00,8.0,142.0,27.802671,-0.08159641
2026-09-10 00:00:00,8.0,144.0,27.536135,-0.05827781
2026-09-10 00:00:00,8.0,146.0,27.827976,-0.15646528
2026-09-10 00:00:00,8.0,148.0,28.129627,-0.13857284
2026-09-10 00:00:00,8.0,150.0,27.94783,-0.17120823
2026-09-10 00:00:00,8.0,152.0,27.991863,-0.2425182
2026-09-10 00:00:00,8.0,154.0,27.731754,-0.19805235
2026-09-10 00:00:00,8.0,156.0,27.789164,-0.22881962
2026-09-10 00:00:00,8.0,158.0,27.67942,-0.23146647
2026-09-10 00:00:00,8.0,160.0,28.083574,-0.24726285
2026-09-10 00:00:00,8.0,162.0,27.886892,-0.20227392
2026-09-10 00:00:00,8.0,164.0,28.259615,-0.18723874
2026-09-10 00:00:00,8.0,166.0,28.386717,-0.28030598
2026-09-10 00:00:00,8.0,168.0,27.727379,-0.26335266
2026-09-10 00:00:00,8.0,170.0,27.872046,-0.25892258
2026-09-10 00:00:00,8.0,172.0,28.461681,-0.27628136
2026-09-10 00:00:00,8.0,174.0,27.458025,-0.34631
2026-09-10 00:00:00,8.0,176.0,27.817429,-0.2854239
2026-09-10 00:00:00,8.0,178.0,27.76589,-0.38934976
2026-09-10 00:00:00,8.0,-180.0,27.78529,-0.27530164
2026-09-10 00:00:00,10.0,-180.0,27.890087,-0.27163082
2026-09-10 00:00:00,10.0,-178.0,27.703169,-0.2587717
2026-09-10 00:00:00,10.0,-176.0,27.89729,-0.28875676
2026-09-10 00:00:00,10.0,-174.0,27.552467,-0.3013867
2026-09-10 00:00:00,10.0,-172.0,27.766804,-0.3081714
2026-09-10 00:00:00,10.0,-170.0,27.42113,-0.24687356
2026-09-10 00:00:00,10.0,-168.0,27.863506,-0.3088731
2026-09-10 00:00:00,10.0,-166.0,27.641777,-0.2503437
2026-09-10 00:00:00,10.0,-164.0,27.502886,-0.2750285
2026-09-10 00:00:00,10.0,-162.0,27.647156,-0.2470668
2026-09-10 00:00:00,10.0,-160.0,27.985405,-0.2471785
2026-09-10 00:00:00,10.0,-158.0,27.581623,-0.21889894
2026-09-10 00:00:00,10.0,-156.0,27.510862,-0.22387989
2026-09-10 00:00:00,10.0,-154.0,27.486404,-0.18593669
2026-09-10 00:00:00,10.0,-152.0,27.632475,-0.22481969
2026-09-10 00:00:00,10.0,-150.0,27.41147,-0.14492577
2026-09-10 00:00:00,10.0,-148.0,27.761948,-0.12052599
2026-09-10 00:00:00,10.0,-146.0,27.770142,-0.08190399
2026-09-10 00:00:00,10.0,-144.0,27.8882,-0.13175394
2026-09-10 00:00:00,10.0,-142.0,27.819363,-0.11773922
2026-09-10 00:00:00,10.0,-140.0,27.592514,-0.10115627
2026-09-10 00:00:00,10.0,-138.0,27.688066,-0.04747751
2026-09-10 00:00:00,10.0,-136.0,27.718363,-0.06343161
2026-09-10 00:00:00,10.0,-134.0,27.814556,-0.057388976
2026-09-10 00:00:00,10.0,-132.0,27.791681,0.011353469
2026-09-10 00:00:00,10.0,-130.0,27.446205,0.0009458277
2026-09-10 00:00:00,10.0,-128.0,27.315865,-0.056846537
2026-09-10 00:00:00,10.0,-126.0,27.474573,0.020287294
2026-09-10 00:00:00,10.0,-124.0,27.469805,0.031850994
2026-09-10 00:00:00,10.0,-122.0,27.799885,0.08789948
2026-09-10 00:00:00,10.0,-120.0,27.712242,0.011291077
2026-09-10 00:00:00,10.0,-118.0,28.09051,0.041483905
2026-09-10 00:00:00,10.0,-116.0,27.936413,0.10572078
2026-09-10 00:00:00,10.0,-114.0,27.914856,0.05842362
2026-09-10 00:00:00,10.0,-112.0,27.444735,0.07253781
2026-09-10 00:00:00,10.0,-110.0,27.638327,0.05102675
2026-09-10 00:00:00,10.0,-108.0,27.786638,0.033978026
2026-09-10 00:00:00,10.0,-106.0,27.475468,0.15107597
2026-09-10 00:00:00,10.0,-104.0,28.169062,0.028758744
2026-09-10 00:00:00,10.0,-102.0,27.77994,0.0951747
2026-09-10 00:00:00,10.0,-100.0,27.812906,0.13786805
2026-09-10 00:00:00,10.0,-98.0,27.31695,0.05812778
2026-09-10 00:00:00,10.0,-96.0,27.902437,0.06587986
2026-09-10 00:00:00,10.0,-94.0,27.90281,0.06741396
2026-09-10 00:00:00,10.0,-92.0,27.524782,0.08102803
2026-09-10 00:00:00,10.0,-90.0,27.570518,0.1107862
2026-09-10 00:00:00,10.0,-88.0,27.557524,0.12426701
2026-09-10 00:00:00,10.0,-86.0,28.03624,0.129207
2026-09-10 00:00:00,10.0,-84.0,27.683968,0.026255978
2026-09-10 00:00:00,10.0,-82.0,27.748198,0.09799346
2026-09-10 00:00:00,10.0,-80.0,27.812109,0.067084916
2026-09-10 00:00:00,10.0,-78.0,27.384644,0.10997653
2026-09-10 00:00:00,10.0,-76.0,27.825462,0.06688352
2026-09-10 00:00:00,10.0,-74.0,27.68244,0.0826901
2026-09-10 00:00:00,10.0,-72.0,27.27515,0.11428716
2026-09-10 00:00:00,10.0,-70.0,27.610443,0.115644604
2026-09-10 00:00:00,10.0,-68.0,27.516083,0.13785982
2026-09-10 00:00:00,10.0,-66.0,27.872984,0.10321989
2026-09-10 00:00:00,10.0,-64.0,27.528498,0.076984815
2026-09-10 00:00:00,10.0,-62.0,27.925884,0.12767282
2026-09-10 00:00:00,10.0,-60.0,27.183847,0.07228779
2026-09-10 00:00:00,10.0,-58.0,27.704899,0.13973024
2026-09-10 00:00:00,10.0,-56.0,27.538841,0.18503651
2026-09-10 00:00:00,10.0,-54.0,27.287745,0.110716745
2026-09-10 00:00:00,10.0,-52.0,27.710852,0.18356948
2026-09-10 00:00:00,10.0,-50.0,27.262646,0.20932847
2026-09-10 00:00:00,10.0,-48.0,27.382416,0.18217549
2026-09-10 00:00:00,10.0,-46.0,27.34266,0.2446491
2026-09-10 00:00:00,10.0,-44.0,27.541363,0.2054558
2026-09-10 00:00:00,10.0,-42.0,27.577433,0.27277416
2026-09-10 00:00:00,10.0,-40.0,27.707298,0.28805354
2026-09-10 00:00:00,10.0,-38.0,27.384008,0.23786837
2026-09-10 00:00:00,10.0,-36.0,27.643421,0.31407493
2026-09-10 00:00:00,10.0,-34.0,27.696293,0.30434003
2026-09-10 00:00:00,10.0,-32.0,28.228355,0.27792758
2026-09-10 00:00:00,10.0,-30.0,27.61041,0.26452845
2026-09-10 00:00:00,10.0,-28.0,27.445585,0.3503912
2026-09-10 00:00:00,10.0,-26.0,27.723572,0.38853666
2026-09-10 00:00:00,10.0,-24.0,27.76263,0.394267
2026-09-10 00:00:00,10.0,-22.0,27.978552,0.43595633
2026-09-10 00:00:00,10.0,-20.0,27.95984,0.34231406
2026-09-10 00:00:00,10.0,-18.0,27.44834,0.38848704
2026-09-10 00:00:00,10.0,-16.0,27.742773,0.410585
2026-09-10 00:00:00,10.0,-14.0,27.500164,0.44083375
2026-09-10 00:00:00,10.0,-12.0,28.086403,0.46247622
2026-09-10 00:00:00,10.0,-10.0,27.705948,0.39176604
2026-09-10 00:00:00,10.0,-8.0,28.148823,0.4286794
2026-09-10 00:00:00,10.0,-6.0,27.512428,0.4112767
2026-09-10 00:00:00,10.0,-4.0,27.432384,0.461082
2026-09-10 00:00:00,10.0,-2.0,27.707844,0.4892488
2026-09-10 00:00:00,10.0,0.0,27.617151,0.47095972
2026-09-10 00:00:00,10.0,2.0,27.199371,0.44803548
2026-09-10 00:00:00,10.0,4.0,28.154327,0.5035609
2026-09-10 00:00:00,10.0,6.0,27.464529,0.44397303
2026-09-10 00:00:00,10.0,8.0,27.858395,0.47206885
2026-09-10 00:00:00,10.0,10.0,27.969254,0.45471752
2026-09-10 00:00:00,10.0,12.0,27.557415,0.4302533
2026-09-10 00:00:00,10.0,14.0,27.587757,0.4413992
2026-09-10 00:00:00,10.0,16.0,27.85216,0.40111318
2026-09-10 00:00:00,10.0,18.0,27.826405,0.40793735
2026-09-10 00:00:00,10.0,20.0,27.638351,0.37872612
2026-09-10 00:00:00,10.0,22.0,27.96017,0.36473277
2026-09-10 00:00:00,10.0,24.0,27.820812,0.34811655
2026-09-10 00:00:00,10.0,26.0,27.825792,0.31885225
2026-09-10 00:00:00,10.0,28.0,27.686066,0.29964525
2026-09-10 00:00:00,10.0,30.0,28.025799,0.3871646
2026-09-10 00:00:00,10.0,32.0,27.660156,0.34435177
2026-09-10 00:00:00,10.0,34.0,27.57223,0.34587583
2026-09-10 00:00:00,10.0,36.0,27.60595,0.27780676
2026-09-10 00:00:00,10.0,38.0,27.461302,0.23607312
2026-09-10 00:00:00,10.0,40.0,27.726038,0.24883543
2026-09-10 00:00:00,10.0,42.0,27.669537,0.2366562
2026-09-10 00:00:00,10.0,44.0,27.6607,0.22599992
2026-09-10 00:00:00,10.0,46.0,27.657755,0.1891303
2026-09-10 00:00:00,10.0,48.0,27.758879,0.18889672
2026-09-10 00:00:00,10.0,50.0,27.804934,0.20325373
2026-09-10 00:00:00,10.0,52.0,27.262938,0.115458645
2026-09-10 00:00:00,10.0,54.0,27.927588,0.14450775
2026-09-10 00:00:00,10.0,56.0,27.569427,0.17535073
2026-09-10 00:00:00,10.0,58.0,27.545776,0.09099964
2026-09-10 00:00:00,10.0,60.0,27.696644,0.06783477
2026-09-10 00:00:00,10.0,62.0,27.817345,0.10013524
2026-09-10 00:00:00,10.0,64.0,27.295277,0.14469574
2026-09-10 00:00:00,10.0,66.0,27.620558,0.057994094
2026-09-10 00:00:00,10.0,68.0,27.750877,0.07208536
2026-09-10 00:00:00,10.0,70.0,27.600376,0.12985036
2026-09-10 00:00:00,10.0,72.0,27.566557,0.09762878
2026-09-10 00:00:00,10.0,74.0,27.232468,0.0425718
2026-09-10 00:00:00,10.0,76.0,27.726097,0.14633414
2026-09-10 00:00:00,10.0,78.0,27.255833,0.06242989
2026-09-10 00:00:00,10.0,80.0,27.646471,0.10990534
2026-09-10 00:00:00,10.0,82.0,27.26612,0.116796635
2026-09-10 00:00:00,10.0,84.0,27.182613,0.10745032
2026-09-10 00:00:00,10.0,86.0,27.91047,0.07846519
2026-09-10 00:00:00,10.0,88.0,27.667288,0.032733105
2026-09-10 00:00:00,10.0,90.0,27.667847,0.057227165
2026-09-10 00:00:00,10.0,92.0,27.457169,0.04020498
2026-09-10 00:00:00,10.0,94.0,27.91005,0.1329033
2026-09-10 00:00:00,10.0,96.0,27.566765,0.08311291
2026-09-10 00:00:00,10.0,98.0,27.420914,0.115192756
2026-09-10 00:00:00,10.0,100.0,27.67411,0.051936425
2026-09-10 00:00:00,10.0,102.0,27.48915,0.05686726
2026-09-10 00:00:00,10.0,104.0,27.507961,0.12819786
2026-09-10 00:00:00,10.0,106.0,27.558344,0.099811025
2026-09-10 00:00:00,10.0,108.0,27.434866,0.10240021
2026-09-10 00:00:00,10.0,110.0,27.797514,-1.2773316e-06
2026-09-10 00:00:00,10.0,112.0,27.51113,0.07970671
2026-09-10 00:00:00,10.0,114.0,27.70608,0.0997468
2026-09-10 00:00:00,10.0,116.0,27.466965,0.058182716
2026-09-10 00:00:00,10.0,118.0,28.043013,0.043581303
2026-09-10 00:00:00,10.0,120.0,27.516003,0.07323355
2026-09-10 00:00:00,10.0,122.0,27.35979,0.02515222
2026-09-10 00:00:00,10.0,124.0,27.892593,-0.009080329
2026-09-10 00:00:00,10.0,126.0,27.622002,0.057122767
2026-09-10 00:00:00,10.0,128.0,27.712635,0.044475075
2026-09-10 00:00:00,10.0,130.0,27.558546,0.022193762
2026-09-10 00:00:00,10.0,132.0,28.056587,-0.054630082
2026-09-10 00:00:00,10.0,134.0,27.570574,-0.051096864
2026-09-10 00:00:00,10.0,136.0,27.637117,-0.024002107
2026-09-10 00:00:00,10.0,138.0,27.3417,-0.12738107
2026-09-10 00:00:00,10.0,140.0,27.226435,-0.12455107
2026-09-10 00:00:00,10.0,142.0,27.146158,-0.10787226
2026-09-10 00:00:00,10.0,144.0,27.599735,-0.13407467
2026-09-10 00:00:00,10.0,146.0,27.370626,-0.085960805
2026-09-10 00:00:00,10.0,148.0,27.49142,-0.121201076
2026-09-10 00:00:00,10.0,150.0,27.483246,-0.14517339
2026-09-10 00:00:00,10.0,152.0,27.340929,-0.22220273
2026-09-10 00:00:00,10.0,154.0,27.849884,-0.16907609
2026-09-10 00:00:00,10.0,156.0,27.78303,-0.1260987
2026-09-10 00:00:00,10.0,158.0,27.319965,-0.18326491
2026-09-10 00:00:00,10.0,160.0,27.382492,-0.21343292
2026-09-10 00:00:00,10.0,162.0,27.844582,-0.31240216
2026-09-10 00:00:00,10.0,164.0,27.801815,-0.25094783
2026-09-10 00:00:00,10.0,166.0,27.72394,-0.23165262
2026-09-10 00:00:00,10.0,168.0,27.612556,-0.23979469
2026-09-10 00:00:00,10.0,170.0,27.980051,-0.2583586
2026-09-10 00:00:00,10.0,172.0,27.749456,-0.25197247
2026-09-10 00:00:00,10.0,174.0,27.714039,-0.29921767
2026-09-10 00:00:00,10.0,176.0,27.9009,-0.3166072
2026-09-10 00:00:00,10.0,178.0,27.56658,-0.25182936
2026-09-10 00:00:00,10.0,-180.0,27.810171,-0.33656982
2026-09-10 00:00:00,12.0,-180.0,27.579254,-0.28471965
2026-09-10 00:00:00,12.0,-178.0,27.601051,-0.25243774
2026-09-10 00:00:00,12.0,-176.0,27.336878,-0.23631269
2026-09-10 00:00:00,12.0,-174.0,27.075314,-0.26153144
2026-09-10 00:00:00,12.0,-172.0,27.509182,-0.3023154
2026-09-10 00:00:00,12.0,-170.0,27.309265,-0.25706515
2026-09-10 00:00:00,12.0,-168.0,27.536674,-0.24610782
2026-09-10 00:00:00,12.0,-166.0,27.458586,-0.26131552
2026-09-10 00:00:00,12.0,-164.0,27.838415,-0.23185766
2026-09-10 00:00:00,12.0,-162.0,27.328426,-0.23603378
2026-09-10 00:00:00,12.0,-160.0,27.319757,-0.23436633
2026-09-10 00:00:00,12.0,-158.0,27.216518,-0.22191544
2026-09-10 00:00:00,12.0,-156.0,27.3605,-0.23892581
2026-09-10 00:00:00,12.0,-154.0,27.765318,-0.14431377
2026-09-10 00:00:00,12.0,-152.0,27.638708,-0.21247897
2026-09-10 00:00:00,12.0,-150.0,27.38061,-0.1165326
2026-09-10 00:00:00,12.0,-148.0,27.551458,-0.12806094
2026-09-10 00:00:00,12.0,-146.0,26.890833,-0.11948802
2026-09-10 00:00:00,12.0,-144.0,27.557892,-0.1297676
2026-09-10 00:00:00,12.0,-142.0,27.80932,-0.065205455
2026-09-10 00:00:00,12.0,-140.0,27.416248,-0.06653875
2026-09-10 00:00:00,12.0,-138.0,27.797432,0.04515862
2026-09-10 00:00:00,12.0,-136.0,27.554495,-0.044598453
2026-09-10 00:00:00,12.0,-134.0,27.5054,-0.054607604
2026-09-10 00:00:00,12.0,-132.0,27.298296,-0.0703998
2026-09-10 00:00:00,12.0,-130.0,27.79397,0.020983364
2026-09-10 00:00:00,12.0,-128.0,27.341381,0.056270003
2026-09-10 00:00:00,12.0,-126.0,27.098694,-0.01815221
2026-09-10 00:00:00,12.0,-124.0,27.344444,0.10079963
2026-09-10 00:00:00,12.0,-122.0,27.34041,0.005169383
2026-09-10 00:00:00,12.0,-120.0,27.156841,0.05920668
2026-09-10 00:00:00,12.0,-118.0,27.394222,0.08494426
2026-09-10 00:00:00,12.0,-116.0,27.464472,0.09191987
2026-09-10 00:00:00,12.0,-114.0,27.560396,0.064609356
2026-09-10 00:00:00,12.0,-112.0,27.444395,0.11814741
2026-09-10 00:00:00,12.0,-110.0,27.37441,0.10433187
2026-09-10 00:00:00,12.0,-108.0,27.114178,0.094516605
2026-09-10 00:00:00,12.0,-106.0,27.513191,0.08174984
2026-09-10 00:00:00,12.0,-104.0,27.570614,0.10996666
2026-09-10 00:00:00,12.0,-102.0,27.332705,0.13005756
2026-09-10 00:00:00,12.0,-100.0,27.204992,0.118475355
2026-09-10 00:00:00,12.0,-98.0,27.45618,0.07416955
2026-09-10 00:00:00,12.0,-96.0,27.561192,0.12499753
2026-09-10 00:00:00,12.0,-94.0,27.862331,0.079788305
2026-09-10 00:00:00,12.0,-92.0,27.068312,0.031372868
2026-09-10 00:00:00,12.0,-90.0,27.219282,0.11050314
2026-09-10 00:00:00,12.0,-88.0,27.093035,0.05943637
2026-09-10 00:00:00,12.0,-86.0,27.185759,0.08745471
2026-09-10 00:00:00,12.0,-84.0,27.045736,0.039457627
2026-09-10 00:00:00,12.0,-82.0,27.437704,0.10658063
2026-09-10 00:00:00,12.0,-80.0,28.03195,0.077564605
2026-09-10 00:00:00,12.0,-78.0,27.530464,0.100329205
2026-09-10 00:00:00,12.0,-76.0,27.649075,0.07449048
2026-09-10 00:00:00,12.0,-74.0,27.395103,0.07713202
2026-09-10 00:00:00,12.0,-72.0,27.405296,0.086542204
2026-09-10 00:00:00,12.0,-70.0,27.649286,0.11379982
2026-09-10 00:00:00,12.0,-68.0,27.738934,0.08263987
2026-09-10 00:00:00,12.0,-66.0,27.188108,0.110991225
2026-09-10 00:00:00,12.0,-64.0,27.339521,0.13345017
2026-09-10 00:00:00,12.0,-62.0,27.85631,0.12887384
2026-09-10 00:00:00,12.0,-60.0,27.867672,0.103226475
2026-09-10 00:00:00,12.0,-58.0,27.377455,0.1007276
2026-09-10 00:00:00,12.0,-56.0,27.089394,0.12698872
2026-09-10 00:00:00,12.0,-54.0,27.227211,0.152942
2026-09-10 00:00:00,12.0,-52.0,27.154375,0.14862144
2026-09-10 00:00:00,12.0,-50.0,26.659098,0.18852659
2026-09-10 00:00:00,12.0,-48.0,27.350101,0.2066642
2026-09-10 00:00:00,12.0,-46.0,27.316082,0.2649954
2026-09-10 00:00:00,12.0,-44.0,27.788551,0.2392765
2026-09-10 00:00:00,12.0,-42.0,27.597782,0.20730361
2026-09-10 00:00:00,12.0,-40.0,27.50477,0.29187694
2026-09-10 00:00:00,12.0,-38.0,27.893288,0.32529005
2026-09-10 00:00:00,12.0,-36.0,27.396637,0.208313
2026-09-10 00:00:00,12.0,-34.0,27.733646,0.24500258
2026-09-10 00:00:00,12.0,-32.0,27.10006,0.299828
2026-09-10 00:00:00,12.0,-30.0,27.26744,0.25388816
2026-09-10 00:00:00,12.0,-28.0,28.035719,0.36213243
2026-09-10 00:00:00,12.0,-26.0,26.979378,0.37385967
2026-09-10 00:00:00,12.0,-24.0,27.053032,0.43758205
2026-09-10 00:00:00,12.0,-22.0,27.580061,0.44490045
2026-09-10 00:00:00,12.0,-20.0,27.226278,0.46745738
2026-09-10 00:00:00,12.0,-18.0,27.484318,0.43758583
2026-09-10 00:00:00,12.0,-16.0,27.147875,0.4778789
2026-09-10 00:00:00,12.0,-14.0,27.197037,0.45377353
2026-09-10 00:00:00,12.0,-12.0,27.37366,0.4282085
2026-09-10 00:00:00,12.0,-10.0,27.702597,0.43983638
2026-09-10 00:00:00,12.0,-8.0,27.50992,0.39678952
2026-09-10 00:00:00,12.0,-6.0,27.846773,0.46869686
2026-09-10 00:00:00,12.0,-4.0,27.563976,0.4620678
2026-09-10 00:00:00,12.0,-2.0,27.81337,0.5556261
2026-09-10 00:00:00,12.0,0.0,27.337029,0.48234117
2026-09-10 00:00:00,12.0,2.0,27.193003,0.48076698
2026-09-10 00:00:00,12.0,4.0,27.578201,0.5567379
2026-09-10 00:00:00,12.0,6.0,27.492264,0.5197342
2026-09-10 00:00:00,12.0,8.0,27.45381,0.47510827
2026-09-10 00:00:00,12.0,10.0,27.414358,0.39053816
2026-09-10 00:00:00,12.0,12.0,27.333868,0.5127769
2026-09-10 00:00:00,12.0,14.0,28.138432,0.46996546
2026-09-10 00:00:00,12.0,16.0,27.465603,0.4166903
2026-09-10 00:00:00,12.0,18.0,27.445492,0.49722975
2026-09-10 00:00:00,12.0,20.0,27.571781,0.3893962
2026-09-10 00:00:00,12.0,22.0,27.150013,0.39707467
2026-09-10 00:00:00,12.0,24.0,27.023066,0.4484378
2026-09-10 00:00:00,12.0,26.0,27.510544,0.36327964
2026-09-10 00:00:00,12.0,28.0,27.36257,0.35451978
2026-09-10 00:00:00,12.0,30.0,27.944971,0.39858434
2026-09-10 00:00:00,12.0,32.0,27.53014,0.29903978
2026-09-10 00:00:00,12.0,34.0,27.62279,0.31850797
2026-09-10 00:00:00,12.0,36.0,27.302984,0.27252626
2026-09-10 00:00:00,12.0,38.0,27.5,0.23049453
2026-09-10 00:00:00,12.0,40.0,27.149855,0.2603634
2026-09-10 00:00:00,12.0,42.0,27.105139,0.25605157
2026-09-10 00:00:00,12.0,44.0,27.690235,0.20332973
2026-09-10 00:00:00,12.0,46.0,27.31821,0.21572456
2026-09-10 00:00:00,12.0,48.0,27.072815,0.20750566
2026-09-10 00:00:00,12.0,50.0,27.27585,0.13897635
2026-09-10 00:00:00,12.0,52.0,27.466711,0.16386099
2026-09-10 00:00:00,12.0,54.0,27.349508,0.16113257
2026-09-10 00:00:00,12.0,56.0,27.519812,0.13380052
2026-09-10 00:00:00,12.0,58.0,27.373468,0.13112092
2026-09-10 00:00:00,12.0,60.0,27.597485,0.07955991
2026-09-10 00:00:00,12.0,62.0,27.70262,0.11932584
2026-09-10 00:00:00,12.0,64.0,27.49726,0.08361559
2026-09-10 00:00:00,12.0,66.0,27.7488,0.13542317
2026-09-10 00:00:00,12.0,68.0,27.256617,0.120151974
2026-09-10 00:00:00,12.0,70.0,27.278059,0.08147726
2026-09-10 00:00:00,12.0,72.0,27.40991,0.038275696
2026-09-10 00:00:00,12.0,74.0,27.359957,0.020427488
2026-09-10 00:00:00,12.0,76.0,27.413288,0.058886666
2026-09-10 00:00:00,12.0,78.0,27.710495,0.10885802
2026-09-10 00:00:00,12.0,80.0,27.367792,0.112556316
2026-09-10 00:00:00,12.0,82.0,27.73106,0.12807937
2026-09-10 00:00:00,12.0,84.0,27.364199,0.11765662
2026-09-10 00:00:00,12.0,86.0,27.46122,0.122919664
2026-09-10 00:00:00,12.0,88.0,27.509058,0.13389109
2026-09-10 00:00:00,12.0,90.0,26.707588,0.1157702
2026-09-10 00:00:00,12.0,92.0,27.411997,0.08543056
2026-09-10 00:00:00,12.0,94.0,27.015442,0.037825517
2026-09-10 00:00:00,12.0,96.0,27.429834,0.15852176
2026-09-10 00:00:00,12.0,98.0,27.771591,0.15131801
2026-09-10 00:00:00,12.0,100.0,27.19193,0.06808505
2026-09-10 00:00:00,12.0,102.0,27.469793,0.13772175
2026-09-10 00:00:00,12.0,104.0,27.627546,0.051253963
2026-09-10 00:00:00,12.0,106.0,27.250727,0.099819444
2026-09-10 00:00:00,12.0,108.0,27.29831,0.14035825
2026-09-10 00:00:00,12.0,110.0,27.264288,0.12538713
2026-09-10 00:00:00,12.0,112.0,27.609766,0.08428403
2026-09-10 00:00:00,12.0,114.0,27.77113,0.11755634
2026-09-10 00:00:00,12.0,116.0,27.559744,0.13379073
2026-09-10 00:00:00,12.0,118.0,27.760584,0.09910653
2026-09-10 00:00:00,12.0,120.0,27.823946,0.062607214
2026-09-10 00:00:00,12.0,122.0,27.51851,0.03983311
2026-09-10 00:00:00,12.0,124.0,27.09295,0.0427736
2026-09-10 00:00:00,12.0,126.0,27.057257,-0.027226001
2026-09-10 00:00:00,12.0,128.0,26.823757,0.060236536
2026-09-10 00:00:00,12.0,130.0,27.019505,0.030928927
2026-09-10 00:00:00,12.0,132.0,27.288458,0.002382925
2026-09-10 00:00:00,12.0,134.0,27.947123,0.020165399
2026-09-10 00:00:00,12.0,136.0,27.327888,-0.030079799
2026-09-10 00:00:00,12.0,138.0,27.423235,-0.029189425
2026-09-10 00:00:00,12.0,140.0,27.514275,-0.07996651
2026-09-10 00:00:00,12.0,142.0,27.069511,-0.035507258
2026-09-10 00:00:00,12.0,144.0,27.682888,-0.113646984
2026-09-10 00:00:00,12.0,146.0,28.113348,-0.06814541
2026-09-10 00:00:00,12.0,148.0,27.68278,-0.119033605
2026-09-10 00:00:00,12.0,150.0,27.635027,-0.13224512
2026-09-10 00:00:00,12.0,152.0,27.252071,-0.19376093
2026-09-10 00:00:00,12.0,154.0,27.482914,-0.16049291
2026-09-10 00:00:00,12.0,156.0,27.399508,-0.15018159
2026-09-10 00:00:00,12.0,158.0,27.338009,-0.18802887
2026-09-10 00:00:00,12.0,160.0,27.406458,-0.18643944
2026-09-10 00:00:00,12.0,162.0,27.472752,-0.26410145
2026-09-10 00:00:00,12.0,164.0,27.158895,-0.22816011
2026-09-10 00:00:00,12.0,166.0,27.725157,-0.2903312
2026-09-10 00:00:00,12.0,168.0,27.372908,-0.20339039
2026-09-10 00:00:00,12.0,170.0,27.965523,-0.23618741
2026-09-10 00:00:00,12.0,172.0,27.603626,-0.26182914
2026-09-10 00:00:00,12.0,174.0,27.453074,-0.27501062
2026-09-10 00:00:00,12.0,176.0,26.960293,-0.27904555
2026-09-10 00:00:00,12.0,178.0,27.248186,-0.33683667
2026-09-10 00:00:00,12.0,-180.0,27.411612,-0.34392506
2026-09-10 00:00:00,14.0,-180.0,27.29474,-0.30065802
2026-09-10 00:00:00,14.0,-178.0,26.957624,-0.30490577
2026-09-10 00:00:00,14.0,-176.0,27.01048,-0.24836661
2026-09-10 00:00:00,14.0,-174.0,26.706139,-0.3103668
2026-09-10 00:00:00,14.0,-172.0,27.257107,-0.23884642
2026-09-10 00:00:00,14.0,-170.0,27.041431,-0.3293649
2026-09-10 00:00:00,14.0,-168.0,27.445776,-0.2698323
2026-09-10 00:00:00,14.0,-166.0,27.370218,-0.26450193
2026-09-10 00:00:00,14.0,-164.0,27.740751,-0.2721924
2026-09-10 00:00:00,14.0,-162.0,27.297466,-0.25576222
2026-09-10 00:00:00,14.0,-160.0,27.291237,-0.21105452
2026-09-10 00:00:00,14.0,-158.0,27.34229,-0.2169727
2026-09-10 00:00:00,14.0,-156.0,27.543736,-0.16763276
2026-09-10 00:00:00,14.0,-154.0,26.62713,-0.17082725
2026-09-10 00:00:00,14.0,-152.0,27.396042,-0.20899346
2026-09-10 00:00:00,14.0,-150.0,27.436874,-0.08311582
2026-09-10 00:00:00,14.0,-148.0,26.869658,-0.1544414
2026-09-10 00:00:00,14.0,-146.0,27.20724,-0.11008472
2026-09-10 00:00:00,14.0,-144.0,27.597185,-0.09515066
2026-09-10 00:00:00,14.0,-142.0,26.908445,-0.020817209
2026-09-10 00:00:00,14.0,-140.0,27.302446,-0.014763171
2026-09-10 00:00:00,14.0,-138.0,27.358622,-0.016698306
2026-09-10 00:00:00,14.0,-136.0,27.21805,-0.04612684
2026-09-10 00:00:00,14.0,-134.0,27.22058,0.019638753
2026-09-10 00:00:00,14.0,-132.0,27.16163,0.011580435
2026-09-10 00:00:00,14.0,-130.0,27.06613,0.027401853
2026-09-10 00:00:00,14.0,-128.0,27.212555,0.051156573
2026-09-10 00:00:00,14.0,-126.0,27.685944,0.050405506
2026-09-10 00:00:00,14.0,-124.0,26.939268,0.042142797
2026-09-10 00:00:00,14.0,-122.0,26.89405,0.061126884
2026-09-10 00:00:00,14.0,-120.0,27.15176,0.07567248
2026-09-10 00:00:00,14.0,-118.0,27.38213,0.07233813
2026-09-10 00:00:00,14.0,-116.0,26.46645,0.10469437
2026-09-10 00:00:00,14.0,-114.0,27.382374,0.09102649
2026-09-10 00:00:00,14.0,-112.0,27.132278,0.17138916
2026-09-10 00:00:00,14.0,-110.0,27.517048,0.17260471
2026-09-10 00:00:00,14.0,-108.0,26.963615,0.09761504
2026-09-10 00:00:00,14.0,-106.0,27.365637,0.13025151
2026-09-10 00:00:00,14.0,-104.0,27.065676,0.14913502
2026-09-10 00:00:00,14.0,-102.0,27.030636,0.14112952
2026-09-10 00:00:00,14.0,-100.0,27.542255,0.18030874
2026-09-10 00:00:00,14.0,-98.0,27.370193,0.09395049
2026-09-10 00:00:00,14.0,-96.0,27.52915,0.18027808
2026-09-10 00:00:00,14.0,-94.0,27.020502,0.16407263
2026-09-10 00:00:00,14.0,-92.0,27.245504,0.13428451
2026-09-10 00:00:00,14.0,-90.0,27.61531,0.09844997
2026-09-10 00:00:00,14.0,-88.0,27.275507,0.094266996
2026-09-10 00:00:00,14.0,-86.0,27.382246,0.084209464
2026-09-10 00:00:00,14.0,-84.0,26.853945,0.0573031
2026-09-10 00:00:00,14.0,-82.0,27.281975,0.1291846
2026-09-10 00:00:00,14.0,-80.0,27.182194,0.15044582
2026-09-10 00:00:00,14.0,-78.0,27.46459,0.06190436
2026-09-10 00:00:00,14.0,-76.0,27.775463,0.039151438
2026-09-10 00:00:00,14.0,-74.0,27.643398,0.08182567
2026-09-10 00:00:00,14.0,-72.0,28.090887,0.09981534
2026-09-10 00:00:00,14.0,-70.0,27.008266,0.10997647
2026-09-10 00:00:00,14.0,-68.0,27.476267,0.16085187
2026-09-10 00:00:00,14.0,-66.0,27.387913,0.17090693
2026-09-10 00:00:00,14.0,-64.0,27.151548,0.07547439
2026-09-10 00:00:00,14.0,-62.0,27.440918,0.12185849
2026-09-10 00:00:00,14.0,-60.0,27.198748,0.12423563
2026-09-10 00:00:00,14.0,-58.0,27.4023,0.13584922
2026-09-10 00:00:00,14.0,-56.0,27.375881,0.18591382
2026-09-10 00:00:00,14.0,-54.0,27.185308,0.21805768
2026-09-10 00:00:00,14.0,-52.0,26.898195,0.17062251
2026-09-10 00:00:00,14.0,-50.0,27.564281,0.18284464
2026-09-10 00:00:00,14.0,-48.0,27.435068,0.24029821
2026-09-10 00:00:00,14.0,-46.0,26.97193,0.19747531
2026-09-10 00:00:00,14.0,-44.0,26.771261,0.2825637
2026-09-10 00:00:00,14.0,-42.0,27.120438,0.21191949
2026-09-10 00:00:00,14.0,-40.0,26.833542,0.2762507
2026-09-10 00:00:00,14.0,-38.0,27.18421,0.27640107
2026-09-10 00:00:00,14.0,-36.0,27.416048,0.32861587
2026-09-10 00:00:00,14.0,-34.0,26.948101,0.28539854
2026-09-10 00:00:00,14.0,-32.0,27.00515,0.3933144
2026-09-10 00:00:00,14.0,-30.0,27.520027,0.30876946
2026-09-10 00:00:00,14.0,-28.0,27.179016,0.35292646
2026-09-10 00:00:00,14.0,-26.0,27.615965,0.4547545
2026-09-10 00:00:00,14.0,-24.0,27.057676,0.40606606
2026-09-10 00:00:00,14.0,-22.0,27.190752,0.391583
2026-09-10 00:00:00,14.0,-20.0,26.9567,0.4549368
2026-09-10 00:00:00,14.0,-18.0,27.185583,0.4672293
2026-09-10 00:00:00,14.0,-16.0,27.115618,0.49237984
2026-09-10 00:00:00,14.0,-14.0,27.143003,0.4654486
2026-09-10 00:00:00,14.0,-12.0,27.582834,0.5070323
2026-09-10 00:00:00,14.0,-10.0,27.074015,0.45772457
2026-09-10 00:00:00,14.0,-8.0,27.131498,0.48168916
2026-09-10 00:00:00,14.0,-6.0,26.888817,0.51128316
2026-09-10 00:00:00,14.0,-4.0,27.124622,0.53386873
2026-09-10 00:00:00,14.0,-2.0,27.331234,0.55878145
2026-09-10 00:00:00,14.0,0.0,26.607456,0.47108108
2026-09-10 00:00:00,14.0,2.0,27.180836,0.53777444
2026-09-10 00:00:00,14.0,4.0,27.504074,0.5163147
2026-09-10 00:00:00,14.0,6.0,26.9852,0.501051
2026-09-10 00:00:00,14.0,8.0,27.524014,0.53132904
2026-09-10 00:00:00,14.0,10.0,27.123526,0.5150101
2026-09-10 00:00:00,14.0,12.0,26.748034,0.47458646
2026-09-10 00:00:00,14.0,14.0,27.184053,0.4614679
2026-09-10 00:00:00,14.0,16.0,27.135984,0.46663457
2026-09-10 00:00:00,14.0,18.0,27.117302,0.43216178
2026-09-10 00:00:00,14.0,20.0,27.389439,0.41569707
2026-09-10 00:00:00,14.0,22.0,27.098392,0.4537246
2026-09-10 00:00:00,14.0,24.0,27.402073,0.43930304
2026-09-10 00:00:00,14.0,26.0,27.502243,0.35447052
2026-09-10 00:00:00,14.0,28.0,27.04647,0.37445697
2026-09-10 00:00:00,14.0,30.0,27.005856,0.3509453
2026-09-10 00:00:00,14.0,32.0,26.895134,0.2665807
2026-09-10 00:00:00,14.0,34.0,27.363567,0.31188488
2026-09-10 00:00:00,14.0,36.0,27.678486,0.25210375
2026-09-10 00:00:00,14.0,38.0,27.119629,0.27579835
2026-09-10 00:00:00,14.0,40.0,27.059696,0.2893216
2026-09-10 00:00:00,14.0,42.0,27.14226,0.25917384
2026-09-10 00:00:00,14.0,44.0,26.711203,0.23076735
2026-09-10 00:00:00,14.0,46.0,26.676714,0.24972534
2026-09-10 00:00:00,14.0,48.0,27.223665,0.17348969
2026-09-10 00:00:00,14.0,50.0,26.934555,0.190745
2026-09-10 00:00:00,14.0,52.0,27.48089,0.16519724
2026-09-10 00:00:00,14.0,54.0,27.026983,0.0979796
2026-09-10 00:00:00,14.0,56.0,27.314915,0.17515667
2026-09-10 00:00:00,14.0,58.0,27.507198,0.10116496
2026-09-10 00:00:00,14.0,60.0,27.00278,0.16880351
2026-09-10 00:00:00,14.0,62.0,27.439585,0.12516178
2026-09-10 00:00:00,14.0,64.0,27.182055,0.1383773
2026-09-10 00:00:00,14.0,66.0,27.233698,0.14288233
2026-09-10 00:00:00,14.0,68.0,27.238882,0.16390605
2026-09-10 00:00:00,14.0,70.0,26.880291,0.104865916
2026-09-10 00:00:00,14.0,72.0,27.065271,0.14173566
2026-09-10 00:00:00,14.0,74.0,27.758455,0.08514408
2026-09-10 00:00:00,14.0,76.0,27.086794,0.1040274
2026-09-10 00:00:00,14.0,78.0,27.359592,0.08042861
2026-09-10 00:00:00,14.0,80.0,27.027298,0.08111355
2026-09-10 00:00:00,14.0,82.0,27.718422,0.10164254
2026-09-10 00:00:00,14.0,84.0,27.32023,0.1333419
2026-09-10 00:00:00,14.0,86.0,27.00363,0.117038704
2026-09-10 00:00:00,14.0,88.0,27.167984,0.11406596
2026-09-10 00:00:00,14.0,90.0,27.676529,0.115933284
2026-09-10 00:00:00,14.0,92.0,27.503622,0.075466156
2026-09-10 00:00:00,14.0,94.0,26.945614,0.08774222
2026-09-10 00:00:00,14.0,96.0,27.355547,0.09693392
2026-09-10 00:00:00,14.0,98.0,27.134275,0.18556833
2026-09-10 00:00:00,14.0,100.0,27.282064,0.16657625
2026-09-10 00:00:00,14.0,102.0,27.191713,0.13296512
2026-09-10 00:00:00,14.0,104.0,27.872185,0.10265189
2026-09-10 00:00:00,14.0,106.0,27.148489,0.15411954
2026-09-10 00:00:00,14.0,108.0,27.195883,0.07452528
2026-09-10 00:00:00,14.0,110.0,27.591888,0.10946617
2026-09-10 00:00:00,14.0,112.0,27.618921,0.14566682
2026-09-10 00:00:00,14.0,114.0,27.470259,0.077101916
2026-09-10 00:00:00,14.0,116.0,27.039742,0.15359774
2026-09-10 00:00:00,14.0,118.0,27.433151,0.14491582
2026-09-10 00:00:00,14.0,120.0,27.453133,0.119279124
2026-09-10 00:00:00,14.0,122.0,27.336283,0.09251745
2026-09-10 00:00:00,14.0,124.0,27.291155,0.108678095
2026-09-10 00:00:00,14.0,126.0,27.366886,0.06904729
2026-09-10 00:00:00,14.0,128.0,27.419373,0.08995674
2026-09-10 00:00:00,14.0,130.0,27.41538,0.018708121
2026-09-10 00:00:00,14.0,132.0,27.13436,0.044993337
2026-09-10 00:00:00,14.0,134.0,27.509642,0.0002504564
2026-09-10 00:00:00,14.0,136.0,27.187443,-0.040465444
2026-09-10 00:00:00,14.0,138.0,26.888807,-0.040462416
2026-09-10 00:00:00,14.0,140.0,27.164358,-0.016259244
2026-09-10 00:00:00,14.0,142.0,27.51186,-0.08260295
2026-09-10 00:00:00,14.0,144.0,27.101458,-0.1313376
2026-09-10 00:00:00,14.0,146.0,26.927174,-0.13935286
2026-09-10 00:00:00,14.0,148.0,26.914564,-0.13795093
2026-09-10 00:00:00,14.0,150.0,27.455442,-0.11266114
2026-09-10 00:00:00,14.0,152.0,27.136969,-0.1826418
2026-09-10 00:00:00,14.0,154.0,27.423939,-0.13496032
2026-09-10 00:00:00,14.0,156.0,26.915125,-0.16463879
2026-09-10 00:00:00,14.0,158.0,27.192625,-0.17899115
2026-09-10 00:00:00,14.0,160.0,27.161709,-0.17382428
2026-09-10 00:00:00,14.0,162.0,26.85962,-0.26492324
2026-09-10 00:00:00,14.0,164.0,27.397831,-0.2391936
2026-09-10 00:00:00,14.0,166.0,26.917341,-0.23523554
2026-09-10 00:00:00,14.0,168.0,27.3175,-0.24536678
2026-09-10 00:00:00,14.0,170.0,27.661749,-0.28652838
2026-09-10 00:00:00,14.0,172.0,27.093716,-0.287837
2026-09-10 00:00:00,14.0,174.0,27.525745,-0.26035342
2026-09-10 00:00:00,14.0,176.0,26.991842,-0.2877726
2026-09-10 00:00:00,14.0,178.0,27.394398,-0.29299462
2026-09-10 00:00:00,14.0,-180.0,26.770275,-0.3263371
2026-09-10 00:00:00,16.0,-180.0,26.67236,-0.3247572
2026-09-10 00:00:00,16.0,-178.0,27.125603,-0.28306368
2026-09-10 00:00:00,16.0,-176.0,26.504398,-0.27357265
2026-09-10 00:00:00,16.0,-174.0,26.874065,-0.3092784
2026-09-10 00:00:00,16.0,-172.0,27.53549,-0.28768256
2026-09-10 00:00:00,16.0,-170.0,26.464716,-0.25927547
2026-09-10 00:00:00,16.0,-168.0,26.89274,-0.25798398
2026-09-10 00:00:00,16.0,-166.0,26.991566,-0.2608928
2026-09-10 00:00:00,16.0,-164.0,26.989477,-0.24815153
2026-09-10 00:00:00,16.0,-162.0,27.165798,-0.2290876
2026-09-10 00:00:00,16.0,-160.0,26.985563,-0.13699964
2026-09-10 00:00:00,16.0,-158.0,26.843998,-0.15540892
2026-09-10 00:00:00,16.0,-156.0,26.648064,-0.12783612
2026-09-10 00:00:00,16.0,-154.0,27.140997,-0.104140095
2026-09-10 00:00:00,16.0,-152.0,27.26773,-0.14340387
2026-09-10 00:00:00,16.0,-150.0,26.56424,-0.14840397
2026-09-10 00:00:00,16.0,-148.0,26.97607,-0.034978554
2026-09-10 00:00:00,16.0,-146.0,26.954346,-0.07106346
2026-09-10 00:00:00,16.0,-144.0,26.878002,-0.10478698
2026-09-10 00:00:00,16.0,-142.0,26.893124,-0.053969383
2026-09-10 00:00:00,16.0,-140.0,27.147738,-0.01553948
2026-09-10 00:00:00,16.0,-138.0,26.65728,-0.0039412025
2026-09-10 00:00:00,16.0,-136.0,27.049576,0.020126982
2026-09-10 00:00:00,16.0,-134.0,27.02171,0.05914118
2026-09-10 00:00:00,16.0,-132.0,26.864464,0.056664143
2026-09-10 00:00:00,16.0,-130.0,27.235497,0.056532577
2026-09-10 00:00:00,16.0,-128.0,27.071138,0.02890084
2026-09-10 00:00:00,16.0,-126.0,26.72636,0.065090045
2026-09-10 00:00:00,16.0,-124.0,26.924208,0.09552365
2026-09-10 00:00:00,16.0,-122.0,27.18098,0.1435909
2026-09-10 00:00:00,16.0,-120.0,27.299873,0.09093621
2026-09-10 00:00:00,16.0,-118.0,26.9382,0.15854217
2026-09-10 00:00:00,16.0,-116.0,26.50787,0.15507463
2026-09-10 00:00:00,16.0,-114.0,26.846119,0.113870636
2026-09-10 00:00:00,16.0,-112.0,26.794935,0.13107009
2026-09-10 00:00:00,16.0,-110.0,27.221104,0.15138029
2026-09-10 00:00:00,16.0,-108.0,27.147718,0.19285789
2026-09-10 00:00:00,16.0,-106.0,26.7379,0.15346508
2026-09-10 00:00:00,16.0,-104.0,26.738483,0.17421964
2026-09-10 00:00:00,16.0,-102.0,26.762491,0.16060086
2026-09-10 00:00:00,16.0,-100.0,27.028343,0.19594617
2026-09-10 00:00:00,16.0,-98.0,27.337788,0.14944276
2026-09-10 00:00:00,16.0,-96.0,27.126377,0.1684597
2026-09-10 00:00:00,16.0,-94.0,26.907139,0.14318728
2026-09-10 00:00:00,16.0,-92.0,27.202497,0.16239461
2026-09-10 00:00:00,16.0,-90.0,27.341732,0.13668542
2026-09-10 00:00:00,16.0,-88.0,26.568024,0.13541621
2026-09-10 00:00:00,16.0,-86.0,26.885738,0.10518502
2026-09-10 00:00:00,16.0,-84.0,26.823948,0.0776632
2026-09-10 00:00:00,16.0,-82.0,27.007694,0.09374367
2026-09-10 00:00:00,16.0,-80.0,27.307106,0.12547724
2026-09-10 00:00:00,16.0,-78.0,27.00918,0.09366664
2026-09-10 00:00:00,16.0,-76.0,27.27065,0.123752415
2026-09-10 00:00:00,16.0,-74.0,26.926039,0.08017633
2026-09-10 00:00:00,16.0,-72.0,27.203014,0.12639159
2026-09-10 00:00:00,16.0,-70.0,27.627256,0.14265938
2026-09-10 00:00:00,16.0,-68.0,27.585684,0.06825144
2026-09-10 00:00:00,16.0,-66.0,27.341764,0.083549954
2026-09-10 00:00:00,16.0,-64.0,27.45654,0.15223011
2026-09-10 00:00:00,16.0,-62.0,27.00889,0.1408683
2026-09-10 00:00:00,16.0,-60.0,26.878748,0.1694318
2026-09-10 00:00:00,16.0,-58.0,27.012247,0.17102417
2026-09-10 00:00:00,16.0,-56.0,27.092999,0.14298336
2026-09-10 00:00:00,16.0,-54.0,27.014185,0.16319303
2026-09-10 00:00:00,16.0,-52.0,27.043133,0.2153457
2026-09-10 00:00:00,16.0,-50.0,26.57042,0.2169545
2026-09-10 00:00:00,16.0,-48.0,26.757483,0.13789189
2026-09-10 00:00:00,16.0,-46.0,26.994648,0.19003361
2026-09-10 00:00:00,16.0,-44.0,26.774437,0.28954554
2026-09-10 00:00:00,16.0,-42.0,26.96852,0.22901371
2026-09-10 00:00:00,16.0,-40.0,27.16395,0.2705836
2026-09-10 00:00:00,16.0,-38.0,26.712553,0.33420035
2026-09-10 00:00:00,16.0,-36.0,26.59886,0.33478937
2026-09-10 00:00:00,16.0,-34.0,26.919205,0.34362578
2026-09-10 00:00:00,16.0,-32.0,26.923256,0.3568761
2026-09-10 00:00:00,16.0,-30.0,26.921831,0.4074575
2026-09-10 00:00:00,16.0,-28.0,27.1884,0.36412644
2026-09-10 00:00:00,16.0,-26.0,27.09492,0.41767094
2026-09-10 00:00:00,16.0,-24.0,26.88095,0.43230444
2026-09-10 00:00:00,16.0,-22.0,26.623613,0.46093038
2026-09-10 00:00:00,16.0,-20.0,27.372585,0.46806926
2026-09-10 00:00:00,16.0,-18.0,26.817547,0.49294144
2026-09-10 00:00:00,16.0,-16.0,27.012354,0.50434947
2026-09-10 00:00:00,16.0,-14.0,26.910519,0.5025705
2026-09-10 00:00:00,16.0,-12.0,27.091963,0.5310743
2026-09-10 00:00:00,16.0,-10.0,26.521795,0.5242922
2026-09-10 00:00:00,16.0,-8.0,26.703926,0.5155378
2026-09-10 00:00:00,16.0,-6.0,26.61661,0.5829861
2026-09-10 00:00:00,16.0,-4.0,26.682804,0.5030927
2026-09-10 00:00:00,16.0,-2.0,27.306856,0.54661757
2026-09-10 00:00:00,16.0,0.0,26.849588,0.5375295
2026-09-10 00:00:00,16.0,2.0,26.875011,0.559362
2026-09-10 00:00:00,16.0,4.0,26.801096,0.58043295
2026-09-10 00:00:00,16.0,6.0,27.087467,0.49941918
2026-09-10 00:00:00,16.0,8.0,27.134834,0.5233273
2026-09-10 00:00:00,16.0,10.0,26.791056,0.48190776
2026-09-10 00:00:00,16.0,12.0,27.056438,0.5375201
2026-09-10 00:00:00,16.0,14.0,26.910242,0.46294105
2026-09-10 00:00:00,16.0,16.0,26.350927,0.48466957
2026-09-10 00:00:00,16.0,18.0,26.811354,0.4812321
2026-09-10 00:00:00,16.0,20.0,27.347807,0.41961342
2026-09-10 00:00:00,16.0,22.0,26.988123,0.44756576
2026-09-10 00:00:00,16.0,24.0,27.011051,0.42070985
2026-09-10 00:00:00,16.0,26.0,27.035257,0.42777503
2026-09-10 00:00:00,16.0,28.0,26.654167,0.42076936
2026-09-10 00:00:00,16.0,30.0,26.98665,0.35114372
2026-09-10 00:00:00,16.0,32.0,26.656326,0.3564713
2026-09-10 00:00:00,16.0,34.0,27.01892,0.34659466
2026-09-10 00:00:00,16.0,36.0,26.817976,0.31450322
2026-09-10 00:00:00,16.0,38.0,26.400667,0.30279636
2026-09-10 00:00:00,16.0,40.0,26.8636,0.27746102
2026-09-10 00:00:00,16.0,42.0,26.919476,0.20120858
2026-09-10 00:00:00,16.0,44.0,26.70774,0.20840243
2026-09-10 00:00:00,16.0,46.0,26.9043,0.24232523
2026-09-10 00:00:00,16.0,48.0,27.005554,0.18209694
2026-09-10 00:00:00,16.0,50.0,27.010786,0.18890506
2026-09-10 00:00:00,16.0,52.0,27.471025,0.23036075
2026-09-10 00:00:00,16.0,54.0,26.978395,0.13907668
2026-09-10 00:00:00,16.0,56.0,26.881477,0.13262996
2026-09-10 00:00:00,16.0,58.0,26.289116,0.15265952
2026-09-10 00:00:00,16.0,60.0,27.134314,0.12735866
2026-09-10 00:00:00,16.0,62.0,27.15133,0.18498784
2026-09-10 00:00:00,16.0,64.0,26.839426,0.1273513
2026-09-10 00:00:00,16.0,66.0,26.60011,0.10316947
2026-09-10 00:00:00,16.0,68.0,27.01677,0.110043675
2026-09-10 00:00:00,16.0,70.0,27.385187,0.0117395
2026-09-10 00:00:00,16.0,72.0,27.018984,0.10662569
2026-09-10 00:00:00,16.0,74.0,27.228622,0.08811848
2026-09-10 00:00:00,16.0,76.0,26.857313,0.09494788
2026-09-10 00:00:00,16.0,78.0,26.760765,0.06741836
2026-09-10 00:00:00,16.0,80.0,27.027632,0.11980939
2026-09-10 00:00:00,16.0,82.0,27.138786,0.13744444
2026-09-10 00:00:00,16.0,84.0,26.727484,0.15913543
2026-09-10 00:00:00,16.0,86.0,27.008232,0.11864482
2026-09-10 00:00:00,16.0,88.0,26.954918,0.15415543
2026-09-10 00:00:00,16.0,90.0,26.73398,0.1277458
2026-09-10 00:00:00,16.0,92.0,27.135193,0.061405502
2026-09-10 00:00:00,16.0,94.0,26.934526,0.13896413
2026-09-10 00:00:00,16.0,96.0,26.601223,0.18798721
2026-09-10 00:00:00,16.0,98.0,26.99376,0.16457143
2026-09-10 00:00:00,16.0,100.0,27.245861,0.15743056
2026-09-10 00:00:00,16.0,102.0,27.03954,0.20629323
2026-09-10 00:00:00,16.0,104.0,26.846638,0.08647171
2026-09-10 00:00:00,16.0,106.0,27.188276,0.16902116
2026-09-10 00:00:00,16.0,108.0,26.912134,0.1897819
2026-09-10 00:00:00,16.0,110.0,26.916162,0.13664253
2026-09-10 00:00:00,16.0,112.0,26.484182,0.101648174
2026-09-10 00:00:00,16.0,114.0,27.008204,0.12324097
2026-09-10 00:00:00,16.0,116.0,27.282387,0.1637928
2026-09-10 00:00:00,16.0,118.0,26.678547,0.116493024
2026-09-10 00:00:00,16.0,120.0,26.78519,0.1145651
2026-09-10 00:00:00,16.0,122.0,26.201874,0.09625621
2026-09-10 00:00:00,16.0,124.0,26.815643,0.13831964
2026-09-10 00:00:00,16.0,126.0,26.970491,0.053130727
2026-09-10 00:00:00,16.0,128.0,26.654615,0.108215764
2026-09-10 00:00:00,16.0,130.0,27.08489,0.10695715
2026-09-10 00:00:00,16.0,132.0,26.856792,0.047055434
2026-09-10 00:00:00,16.0,134.0,27.143236,0.048093267
2026-09-10 00:00:00,16.0,136.0,26.592226,0.028204082
2026-09-10 00:00:00,16.0,138.0,26.943401,0.004397875
2026-09-10 00:00:00,16.0,140.0,26.89414,-0.018177848
2026-09-10 00:00:00,16.0,142.0,26.629103,-0.04800101
2026-09-10 00:00:00,16.0,144.0,26.771944,-0.10375456
2026-09-10 00:00:00,16.0,146.0,27.02041,-0.05300511
2026-09-10 00:00:00,16.0,148.0,27.306751,-0.09813751
2026-09-10 00:00:00,16.0,150.0,26.654469,-0.13167745
2026-09-10 00:00:00,16.0,152.0,27.322458,-0.12891372
2026-09-10 00:00:00,16.0,154.0,26.810879,-0.14141963
2026-09-10 00:00:00,16.0,156.0,27.316942,-0.20837748
2026-09-10 00:00:00,16.0,158.0,26.786575,-0.1955975
2026-09-10 00:00:00,16.0,160.0,26.909405,-0.19850662
2026-09-10 00:00:00,16.0,162.0,26.609842,-0.2058798
2026-09-10 00:00:00,16.0,164.0,26.974447,-0.26822346
2026-09-10 00:00:00,16.0,166.0,26.82004,-0.23404261
2026-09-10 00:00:00,16.0,168.0,26.9516,-0.24356407
2026-09-10 00:00:00,16.0,170.0,26.801445,-0.31070498
2026-09-10 00:00:00,16.0,172.0,27.104382,-0.27650148
2026-09-10 00:00:00,16.0,174.0,26.542221,-0.28173125
2026-09-10 00:00:00,16.0,176.0,26.407537,-0.31430775
2026-09-10 00:00:00,16.0,178.0,26.513964,-0.28209245
2026-09-10 00:00:00,16.0,-180.0,27.756157,-0.29609856
2026-09-10 00:00:00,18.0,-180.0,26.579617,-0.2668141
2026-09-10 00:00:00,18.0,-178.0,26.664106,-0.24837875
2026-09-10 00:00:00,18.0,-176.0,26.604198,-0.28285962
2026-09-10 00:00:00,18.0,-174.0,26.435965,-0.2910907
2026-09-10 00:00:00,18.0,-172.0,26.243193,-0.30321753
2026-09-10 00:00:00,18.0,-170.0,26.960596,-0.2953454
2026-09-10 00:00:00,18.0,-168.0,26.722685,-0.21964474
2026-09-10 00:00:00,18.0,-166.0,26.622192,-0.25784117
2026-09-10 00:00:00,18.0,-164.0,26.707838,-0.21330942
2026-09-10 00:00:00,18.0,-162.0,26.614407,-0.19424903
2026-09-10 00:00:00,18.0,-160.0,26.557014,-0.23190908
2026-09-10 00:00:00,18.0,-158.0,26.27158,-0.21910636
2026-09-10 00:00:00,18.0,-156.0,26.29062,-0.1346126
2026-09-10 00:00:00,18.0,-154.0,26.865133,-0.13916612
2026-09-10 00:00:00,18.0,-152.0,26.48128,-0.15699048
2026-09-10 00:00:00,18.0,-150.0,26.419495,-0.060618673
2026-09-10 00:00:00,18.0,-148.0,26.959051,-0.12318498
2026-09-10 00:00:00,18.0,-146.0,26.33452,-0.10268456
2026-09-10 00:00:00,18.0,-144.0,26.561796,-0.056574386
2026-09-10 00:00:00,18.0,-142.0,26.57127,-0.019497756
2026-09-10 00:00:00,18.0,-140.0,26.019888,0.051237684
2026-09-10 00:00:00,18.0,-138.0,26.741388,0.026494605
2026-09-10 00:00:00,18.0,-136.0,26.377825,0.084233455
2026-09-10 00:00:00,18.0,-134.0,26.572739,0.032352664
2026-09-10 00:00:00,18.0,-132.0,26.597208,0.08584676
2026-09-10 00:00:00,18.0,-130.0,26.713705,0.121618785
2026-09-10 00:00:00,18.0,-128.0,26.667536,0.099505864
2026-09-10 00:00:00,18.0,-126.0,26.499884,0.11621636
2026-09-10 00:00:00,18.0,-124.0,26.754812,0.19043766
2026-09-10 00:00:00,18.0,-122.0,26.577122,0.112677984
2026-09-10 00:00:00,18.0,-120.0,26.732502,0.13400616
2026-09-10 00:00:00,18.0,-118.0,26.915974,0.1294415
2026-09-10 00:00:00,18.0,-116.0,26.761255,0.16097258
2026-09-10 00:00:00,18.0,-114.0,26.361832,0.20269811
2026-09-10 00:00:00,18.0,-112.0,26.472988,0.13070713
2026-09-10 00:00:00,18.0,-110.0,26.478386,0.2247545
2026-09-10 00:00:00,18.0,-108.0,26.623043,0.21546602
2026-09-10 00:00:00,18.0,-106.0,26.359516,0.15789506
2026-09-10 00:00:00,18.0,-104.0,26.336071,0.20132945
2026-09-10 00:00:00,18.0,-102.0,26.55485,0.091671
2026-09-10 00:00:00,18.0,-100.0,26.547503,0.14019075
2026-09-10 00:00:00,18.0,-98.0,26.26045,0.11489742
2026-09-10 00:00:00,18.0,-96.0,26.774364,0.1239226
2026-09-10 00:00:00,18.0,-94.0,26.619148,0.15556854
2026-09-10 00:00:00,18.0,-92.0,27.048325,0.12048524
2026-09-10 00:00:00,18.0,-90.0,26.637123,0.13966615
2026-09-10 00:00:00,18.0,-88.0,26.123438,0.16325653
2026-09-10 00:00:00,18.0,-86.0,26.92597,0.16731773
2026-09-10 00:00:00,18.0,-84.0,26.64326,0.13908848
2026-09-10 00:00:00,18.0,-82.0,26.713724,0.07770761
2026-09-10 00:00:00,18.0,-80.0,26.672718,0.15348138
2026-09-10 00:00:00,18.0,-78.0,27.318436,0.14080812
2026-09-10 00:00:00,18.0,-76.0,26.979303,0.07285787
2026-09-10 00:00:00,18.0,-74.0,26.977072,0.139041
2026-09-10 00:00:00,18.0,-72.0,27.182339,0.1330223
2026-09-10 00:00:00,18.0,-70.0,27.18592,0.12379473
2026-09-10 00:00:00,18.0,-68.0,27.391464,0.11228047
2026-09-10 00:00:00,18.0,-66.0,27.194826,0.11905867
2026-09-10 00:00:00,18.0,-64.0,27.375814,0.16250981
2026-09-10 00:00:00,18.0,-62.0,26.89892,0.1898059
2026-09-10 00:00:00,18.0,-60.0,26.567865,0.18006301
2026-09-10 00:00:00,18.0,-58.0,26.703268,0.211587
2026-09-10 00:00:00,18.0,-56.0,26.527842,0.16340758
2026-09-10 00:00:00,18.0,-54.0,26.918503,0.20358008
2026-09-10 00:00:00,18.0,-52.0,26.773584,0.16733728
2026-09-10 00:00:00,18.0,-50.0,26.450396,0.24634275
2026-09-10 00:00:00,18.0,-48.0,26.945911,0.16723011
2026-09-10 00:00:00,18.0,-46.0,26.701168,0.2706419
2026-09-10 00:00:00,18.0,-44.0,27.058012,0.25202048
2026-09-10 00:00:00,18.0,-42.0,26.379383,0.25752112
2026-09-10 00:00:00,18.0,-40.0,26.453741,0.321511
2026-09-10 00:00:00,18.0,-38.0,26.845448,0.2722404
2026-09-10 00:00:00,18.0,-36.0,26.751062,0.32289127
2026-09-10 00:00:00,18.0,-34.0,26.574492,0.37459734
2026-09-10 00:00:00,18.0,-32.0,26.492859,0.37074864
2026-09-10 00:00:00,18.0,-30.0,26.514822,0.36461356
2026-09-10 00:00:00,18.0,-28.0,26.346432,0.41886112
2026-09-10 00:00:00,18.0,-26.0,27.02823,0.4235283
2026-09-10 00:00:00,18.0,-24.0,26.023764,0.3879182
2026-09-10 00:00:00,18.0,-22.0,26.865566,0.44607505
2026-09-10 00:00:00,18.0,-20.0,26.32541,0.46832487
2026-09-10 00:00:00,18.0,-18.0,26.721632,0.5178826
2026-09-10 00:00:00,18.0,-16.0,26.89374,0.5537121
2026-09-10 00:00:00,18.0,-14.0,26.314535,0.4973778
2026-09-10 00:00:00,18.0,-12.0,26.506992,0.57533157
2026-09-10 00:00:00,18.0,-10.0,26.760874,0.51391864
2026-09-10 00:00:00,18.0,-8.0,26.830147,0.5580496
2026-09-10 00:00:00,18.0,-6.0,26.274214,0.5545971
2026-09-10 00:00:00,18.0,-4.0,26.924461,0.5475274
2026-09-10 00:00:00,18.0,-2.0,26.255247,0.5444756
2026-09-10 00:00:00,18.0,0.0,26.751524,0.57891405
2026-09-10 00:00:00,18.0,2.0,26.732767,0.5459605
2026-09-10 00:00:00,18.0,4.0,26.717096,0.58932704
2026-09-10 00:00:00,18.0,6.0,26.406748,0.51617086
2026-09-10 00:00:00,18.0,8.0,26.309872,0.5515442
2026-09-10 00:00:00,18.0,10.0,27.043936,0.5045416
2026-09-10 00:00:00,18.0,12.0,26.984602,0.5692357
2026-09-10 00:00:00,18.0,14.0,25.885612,0.5110371
2026-09-10 00:00:00,18.0,16.0,26.572906,0.46228987
2026-09-10 00:00:00,18.0,18.0,26.684183,0.49088436
2026-09-10 00:00:00,18.0,20.0,26.966953,0.51826656
2026-09-10 00:00:00,18.0,22.0,26.755247,0.4629301
2026-09-10 00:00:00,18.0,24.0,26.66564,0.46248537
2026-09-10 00:00:00,18.0,26.0,26.06615,0.49597043
2026-09-10 00:00:00,18.0,28.0,26.62681,0.4169133
2026-09-10 00:00:00,18.0,30.0,26.650126,0.44858304
2026-09-10 00:00:00,18.0,32.0,26.689896,0.38413924
2026-09-10 00:00:00,18.0,34.0,26.730253,0.34208924
2026-09-10 00:00:00,18.0,36.0,26.524628,0.29648343
2026-09-10 00:00:00,18.0,38.0,26.388859,0.36048824
2026-09-10 00:00:00,18.0,40.0,26.752787,0.3408115
2026-09-10 00:00:00,18.0,42.0,26.846924,0.26215798
2026-09-10 00:00:00,18.0,44.0,26.210117,0.2503274
2026-09-10 00:00:00,18.0,46.0,26.500227,0.21658875
2026-09-10 00:00:00,18.0,48.0,26.822289,0.22810046
2026-09-10 00:00:00,18.0,50.0,26.215628,0.21024624
2026-09-10 00:00:00,18.0,52.0,26.586136,0.16059089
2026-09-10 00:00:00,18.0,54.0,26.989517,0.21321322
2026-09-10 00:00:00,18.0,56.0,26.401966,0.16519816
2026-09-10 00:00:00,18.0,58.0,26.76409,0.17442712
2026-09-10 00:00:00,18.0,60.0,26.601355,0.18419509
2026-09-10 00:00:00,18.0,62.0,26.592903,0.16698645
2026-09-10 00:00:00,18.0,64.0,26.475246,0.110734135
2026-09-10 00:00:00,18.0,66.0,26.529573,0.15865797
2026-09-10 00:00:00,18.0,68.0,26.359219,0.13659342
2026-09-10 00:00:00,18.0,70.0,26.41869,0.13591947
2026-09-10 00:00:00,18.0,72.0,25.96108,0.10497406
2026-09-10 00:00:00,18.0,74.0,26.758242,0.11869645
2026-09-10 00:00:00,18.0,76.0,26.594334,0.13411258
2026-09-10 00:00:00,18.0,78.0,26.567808,0.091377035
2026-09-10 00:00:00,18.0,80.0,26.648403,0.19573978
2026-09-10 00:00:00,18.0,82.0,26.369743,0.15293698
2026-09-10 00:00:00,18.0,84.0,26.282087,0.07752431
2026-09-10 00:00:00,18.0,86.0,26.52639,0.14833759
2026-09-10 00:00:00,18.0,88.0,26.424074,0.22351189
2026-09-10 00:00:00,18.0,90.0,25.965403,0.12722698
2026-09-10 00:00:00,18.0,92.0,26.540829,0.14905736
2026-09-10 00:00:00,18.0,94.0,26.916609,0.21513274
2026-09-10 00:00:00,18.0,96.0,26.784214,0.13220048
2026-09-10 00:00:00,18.0,98.0,26.20813,0.21039462
2026-09-10 00:00:00,18.0,100.0,26.70499,0.16145499
2026-09-10 00:00:00,18.0,102.0,26.774956,0.15761486
2026-09-10 00:00:00,18.0,104.0,26.719122,0.19024025
2026-09-10 00:00:00,18.0,106.0,26.773535,0.22481291
2026-09-10 00:00:00,18.0,108.0,26.682816,0.15515278
2026-09-10 00:00:00,18.0,110.0,26.818121,0.19423558
2026-09-10 00:00:00,18.0,112.0,26.366236,0.1697473
2026-09-10 00:00:00,18.0,114.0,26.705753,0.12738581
2026-09-10 00:00:00,18.0,116.0,26.962276,0.18820643
2026-09-10 00:00:00,18.0,118.0,26.378798,0.10301077
2026-09-10 00:00:00,18.0,120.0,26.553501,0.16033949
2026-09-10 00:00:00,18.0,122.0,26.044724,0.14021981
2026-09-10 00:00:00,18.0,124.0,26.840483,0.12640072
2026-09-10 00:00:00,18.0,126.0,26.821314,0.12824404
2026-09-10 00:00:00,18.0,128.0,26.789164,0.07999494
2026-09-10 00:00:00,18.0,130.0,26.88589,0.10585694
2026-09-10 00:00:00,18.0,132.0,26.385157,0.014099041
2026-09-10 00:00:00,18.0,134.0,26.788082,0.023740951
2026-09-10 00:00:00,18.0,136.0,26.525307,-0.05253592
2026-09-10 00:00:00,18.0,138.0,26.479961,0.018320464
2026-09-10 00:00:00,18.0,140.0,26.734568,-0.003615721
2026-09-10 00:00:00,18.0,142.0,26.653904,0.009103738
2026-09-10 00:00:00,18.0,144.0,26.72774,-0.011042803
2026-09-10 00:00:00,18.0,146.0,26.492592,-0.08245599
2026-09-10 00:00:00,18.0,148.0,26.789963,-0.13128509
2026-09-10 00:00:00,18.0,150.0,26.941475,-0.10104605
2026-09-10 00:00:00,18.0,152.0,26.092058,-0.07297146
2026-09-10 00:00:00,18.0,154.0,26.801214,-0.11104405
2026-09-10 00:00:00,18.0,156.0,26.463928,-0.20216995
2026-09-10 00:00:00,18.0,158.0,27.069193,-0.1696484
2026-09-10 00:00:00,18.0,160.0,26.882986,-0.24908987
2026-09-10 00:00:00,18.0,162.0,26.141163,-0.14963026
2026-09-10 00:00:00,18.0,164.0,26.607595,-0.23672439
2026-09-10 00:00:00,18.0,166.0,26.467129,-0.19977051
2026-09-10 00:00:00,18.0,168.0,26.764591,-0.22310252
2026-09-10 00:00:00,18.0,170.0,26.734848,-0.24296816
2026-09-10 00:00:00,18.0,172.0,26.616035,-0.23606016
2026-09-10 00:00:00,18.0,174.0,26.23803,-0.2515196
2026-09-10 00:00:00,18.0,176.0,26.535658,-0.3349238
2026-09-10 00:00:00,18.0,178.0,26.151638,-0.27523544
2026-09-10 00:00:00,18.0,-180.0,26.159788,-0.29430154
2026-09-10 00:00:00,20.0,-180.0,26.065859,-0.22815728
2026-09-10 00:00:00,20.0,-178.0,26.346525,-0.24793756
2026-09-10 00:00:00,20.0,-176.0,26.200153,-0.23518026
2026-09-10 00:00:00,20.0,-174.0,26.237797,-0.27121523
2026-09-10 00:00:00,20.0,-172.0,26.799294,-0.21298592
2026-09-10 00:00:00,20.0,-170.0,26.297499,-0.18902345
2026-09-10 00:00:00,20.0,-168.0,25.95905,-0.23886168
2026-09-10 00:00:00,20.0,-166.0,26.532282,-0.17541027
2026-09-10 00:00:00,20.0,-164.0,26.51929,-0.24047512
2026-09-10 00:00:00,20.0,-162.0,26.217155,-0.18237415
2026-09-10 00:00:00,20.0,-160.0,25.917212,-0.17500831
2026-09-10 00:00:00,20.0,-158.0,25.837938,-0.08871653
2026-09-10 00:00:00,20.0,-156.0,26.7742,-0.16268821
2026-09-10 00:00:00,20.0,-154.0,26.326006,-0.094388835
2026-09-10 00:00:00,20.0,-152.0,26.336042,-0.094249986
2026-09-10 00:00:00,20.0,-150.0,26.236988,-0.05164913
2026-09-10 00:00:00,20.0,-148.0,26.444736,-0.093729645
2026-09-10 00:00:00,20.0,-146.0,26.407127,-0.006436323
2026-09-10 00:00:00,20.0,-144.0,26.135502,-0.012544269
2026-09-10 00:00:00,20.0,-142.0,26.103024,0.006050804
2026-09-10 00:00:00,20.0,-140.0,26.160856,0.05894582
2026-09-10 00:00:00,20.0,-138.0,26.555813,0.07630732
2026-09-10 00:00:00,20.0,-136.0,26.426865,0.089067526
2026-09-10 00:00:00,20.0,-134.0,26.347658,0.08493337
2026-09-10 00:00:00,20.0,-132.0,26.194328,0.16075532
2026-09-10 00:00:00,20.0,-130.0,26.292011,0.10203921
2026-09-10 00:00:00,20.0,-128.0,25.579727,0.113660745
2026-09-10 00:00:00,20.0,-126.0,26.47437,0.17028826
2026-09-10 00:00:00,20.0,-124.0,26.219015,0.1259078
2026-09-10 00:00:00,20.0,-122.0,25.866156,0.15687534
2026-09-10 00:00:00,20.0,-120.0,26.356615,0.19616826
2026-09-10 00:00:00,20.0,-118.0,26.443373,0.1462118
2026-09-10 00:00:00,20.0,-116.0,26.037998,0.17073496
2026-09-10 00:00:00,20.0,-114.0,26.581549,0.17070007
2026-09-10 00:00:00,20.0,-112.0,25.646244,0.16885132
2026-09-10 00:00:00,20.0,-110.0,26.558037,0.27079943
2026-09-10 00:00:00,20.0,-108.0,26.186853,0.22292215
2026-09-10 00:00:00,20.0,-106.0,25.977045,0.19123593
2026-09-10 00:00:00,20.0,-104.0,26.373257,0.22685528
2026-09-10 00:00:00,20.0,-102.0,26.461184,0.19381595
2026-09-10 00:00:00,20.0,-100.0,25.941488,0.18490595
2026-09-10 00:00:00,20.0,-98.0,26.248882,0.1891883
2026-09-10 00:00:00,20.0,-96.0,26.23157,0.20663111
2026-09-10 00:00:00,20.0,-94.0,26.104292,0.11878797
2026-09-10 00:00:00,20.0,-92.0,25.941236,0.18571576
2026-09-10 00:00:00,20.0,-90.0,26.095491,0.15409799
2026-09-10 00:00:00,20.0,-88.0,26.019062,0.14748369
2026-09-10 00:00:00,20.0,-86.0,26.560158,0.12237286
2026-09-10 00:00:00,20.0,-84.0,26.14195,0.17957337
2026-09-10 00:00:00,20.0,-82.0,26.577917,0.16514228
2026-09-10 00:00:00,20.0,-80.0,26.232807,0.1791956
2026-09-10 00:00:00,20.0,-78.0,26.473497,0.13975915
2026-09-10 00:00:00,20.0,-76.0,26.583439,0.1323173
2026-09-10 00:00:00,20.0,-74.0,26.868275,0.08719622
2026-09-10 00:00:00,20.0,-72.0,27.127752,0.17396773
2026-09-10 00:00:00,20.0,-70.0,27.407967,0.11064032
2026-09-10 00:00:00,20.0,-68.0,27.22409,0.16351782
2026-09-10 00:00:00,20.0,-66.0,27.110392,0.14373907
2026-09-10 00:00:00,20.0,-64.0,26.37324,0.12751995
2026-09-10 00:00:00,20.0,-62.0,26.305586,0.1687812
2026-09-10 00:00:00,20.0,-60.0,26.66881,0.18506654
2026-09-10 00:00:00,20.0,-58.0,26.520422,0.11180381
2026-09-10 00:00:00,20.0,-56.0,26.256716,0.18287688
2026-09-10 00:00:00,20.0,-54.0,26.546309,0.18747671
2026-09-10 00:00:00,20.0,-52.0,25.794252,0.2469818
2026-09-10 00:00:00,20.0,-50.0,26.359453,0.21780689
2026-09-10 00:00:00,20.0,-48.0,25.687511,0.23980427
2026-09-10 00:00:00,20.0,-46.0,26.301708,0.26540893
2026-09-10 00:00:00,20.0,-44.0,26.487291,0.2603269
2026-09-10 00:00:00,20.0,-42.0,26.011566,0.2799072
2026-09-10 00:00:00,20.0,-40.0,26.065516,0.26498857
2026-09-10 00:00:00,20.0,-38.0,25.84978,0.31120887
2026-09-10 00:00:00,20.0,-36.0,26.053263,0.3602197
2026-09-10 00:00:00,20.0,-34.0,26.072618,0.33516815
2026-09-10 00:00:00,20.0,-32.0,26.226643,0.44007227
2026-09-10 00:00:00,20.0,-30.0,25.979198,0.43511596
2026-09-10 00:00:00,20.0,-28.0,26.16764,0.478385
2026-09-10 00:00:00,20.0,-26.0,26.599106,0.42595074
2026-09-10 00:00:00,20.0,-24.0,26.465763,0.4591638
2026-09-10 00:00:00,20.0,-22.0,26.007256,0.5094401
2026-09-10 00:00:00,20.0,-20.0,26.620441,0.48080963
2026-09-10 00:00:00,20.0,-18.0,25.758982,0.47644457
2026-09-10 00:00:00,20.0,-16.0,25.851002,0.54389197
2026-09-10 00:00:00,20.0,-14.0,26.03294,0.5744891
2026-09-10 00:00:00,20.0,-12.0,26.172369,0.5752389
2026-09-10 00:00:00,20.0,-10.0,25.917086,0.56680137
2026-09-10 00:00:00,20.0,-8.0,26.092222,0.5537934
2026-09-10 00:00:00,20.0,-6.0,26.543213,0.6194856
2026-09-10 00:00:00,20.0,-4.0,26.11356,0.52833664
2026-09-10 00:00:00,20.0,-2.0,26.350939,0.5895826
2026-09-10 00:00:00,20.0,0.0,26.392748,0.57187325
2026-09-10 00:00:00,20.0,2.0,26.238379,0.60221213
2026-09-10 00:00:00,20.0,4.0,25.88047,0.52094597
2026-09-10 00:00:00,20.0,6.0,26.306896,0.6037569
2026-09-10 00:00:00,20.0,8.0,26.624477,0.5853318
2026-09-10 00:00:00,20.0,10.0,26.28997,0.6184173
2026-09-10 00:00:00,20.0,12.0,26.346794,0.5494975
2026-09-10 00:00:00,20.0,14.0,26.424274,0.6053608
2026-09-10 00:00:00,20.0,16.0,26.669323,0.52285177
2026-09-10 00:00:00,20.0,18.0,26.19826,0.5078033
2026-09-10 00:00:00,20.0,20.0,26.30444,0.54632485
2026-09-10 00:00:00,20.0,22.0,26.745941,0.44193357
2026-09-10 00:00:00,20.0,24.0,26.15146,0.42091793
2026-09-10 00:00:00,20.0,26.0,26.126015,0.4155208
2026-09-10 00:00:00,20.0,28.0,26.099253,0.44711992
2026-09-10 00:00:00,20.0,30.0,25.937828,0.39911148
2026-09-10 00:00:00,20.0,32.0,26.357285,0.36994427
2026-09-10 00:00:00,20.0,34.0,25.943344,0.42207912
2026-09-10 00:00:00,20.0,36.0,26.507624,0.35418287
2026-09-10 00:00:00,20.0,38.0,25.95752,0.33213955
2026-09-10 00:00:00,20.0,40.0,26.323963,0.34699377
2026-09-10 00:00:00,20.0,42.0,26.152243,0.29219213
2026-09-10 00:00:00,20.0,44.0,26.32209,0.2965151
2026-09-10 00:00:00,20.0,46.0,26.069881,0.30912462
2026-09-10 00:00:00,20.0,48.0,26.183012,0.21341632
2026-09-10 00:00:00,20.0,50.0,26.044655,0.199566
2026-09-10 00:00:00,20.0,52.0,26.18044,0.18686941
2026-09-10 00:00:00,20.0,54.0,26.341019,0.2144474
2026-09-10 00:00:00,20.0,56.0,26.2823,0.1585834
2026-09-10 00:00:00,20.0,58.0,25.86577,0.12899877
2026-09-10 00:00:00,20.0,60.0,26.329348,0.15102874
2026-09-10 00:00:00,20.0,62.0,26.595177,0.121542804
2026-09-10 00:00:00,20.0,64.0,26.265585,0.13418593
2026-09-10 00:00:00,20.0,66.0,26.220314,0.04230645
2026-09-10 00:00:00,20.0,68.0,26.175467,0.18718462
2026-09-10 00:00:00,20.0,70.0,26.461351,0.09632121
2026-09-10 00:00:00,20.0,72.0,25.689775,0.17115323
2026-09-10 00:00:00,20.0,74.0,25.79335,0.14804193
2026-09-10 00:00:00,20.0,76.0,26.27866,0.10709086
2026-09-10 00:00:00,20.0,78.0,26.63899,0.15116592
2026-09-10 00:00:00,20.0,80.0,25.713573,0.11106119
2026-09-10 00:00:00,20.0,82.0,26.624369,0.18234698
2026-09-10 00:00:00,20.0,84.0,26.868261,0.12550525
2026-09-10 00:00:00,20.0,86.0,26.089373,0.1266006
2026-09-10 00:00:00,20.0,88.0,26.274382,0.15571326
2026-09-10 00:00:00,20.0,90.0,26.625004,0.1671458
2026-09-10 00:00:00,20.0,92.0,26.039629,0.22717853
2026-09-10 00:00:00,20.0,94.0,26.907455,0.18812385
2026-09-10 00:00:00,20.0,96.0,26.00417,0.14761499
2026-09-10 00:00:00,20.0,98.0,26.510666,0.1364847
2026-09-10 00:00:00,20.0,100.0,26.465088,0.18695873
2026-09-10 00:00:00,20.0,102.0,26.17867,0.19157162
2026-09-10 00:00:00,20.0,104.0,25.935375,0.14053005
2026-09-10 00:00:00,20.0,106.0,26.21143,0.18405637
2026-09-10 00:00:00,20.0,108.0,26.477552,0.21917868
2026-09-10 00:00:00,20.0,110.0,26.257622,0.17207414
2026-09-10 00:00:00,20.0,112.0,26.100248,0.22305727
2026-09-10 00:00:00,20.0,114.0,26.195538,0.21175942
2026-09-10 00:00:00,20.0,116.0,25.938631,0.23853585
2026-09-10 00:00:00,20.0,118.0,25.809927,0.16045573
2026-09-10 00:00:00,20.0,120.0,26.30315,0.20133074
2026-09-10 00:00:00,20.0,122.0,26.367603,0.12597448
2026-09-10 00:00:00,20.0,124.0,26.287287,0.17284599
2026-09-10 00:00:00,20.0,126.0,25.894682,0.14327991
2026-09-10 00:00:00,20.0,128.0,26.394539,0.094936125
2026-09-10 00:00:00,20.0,130.0,25.85401,0.0928036
2026-09-10 00:00:00,20.0,132.0,26.371489,0.064020544
2026-09-10 00:00:00,20.0,134.0,26.3025,0.044249415
2026-09-10 00:00:00,20.0,136.0,26.374565,0.027777385
2026-09-10 00:00:00,20.0,138.0,26.414808,0.06881176
2026-09-10 00:00:00,20.0,140.0,26.161865,0.041038156
2026-09-10 00:00:00,20.0,142.0,26.182838,0.0030652331
2026-09-10 00:00:00,20.0,144.0,26.389303,0.035059657
2026-09-10 00:00:00,20.0,146.0,25.729303,0.022676557
2026-09-10 00:00:00,20.0,148.0,26.156603,-0.13646482
2026-09-10 00:00:00,20.0,150.0,26.201866,-0.042793173
2026-09-10 00:00:00,20.0,152.0,26.135736,-0.10735825
2026-09-10 00:00:00,20.0,154.0,26.497658,-0.04433768
2026-09-10 00:00:00,20.0,156.0,25.865261,-0.15725
2026-09-10 00:00:00,20.0,158.0,26.29386,-0.17187403
2026-09-10 00:00:00,20.0,160.0,26.435738,-0.19282393
2026-09-10 00:00:00,20.0,162.0,26.280024,-0.22845154
2026-09-10 00:00:00,20.0,164.0,26.226637,-0.190727
2026-09-10 00:00:00,20.0,166.0,26.340157,-0.2571335
2026-09-10 00:00:00,20.0,168.0,26.12457,-0.21285726
2026-09-10 00:00:00,20.0,170.0,26.034552,-0.20952892
2026-09-10 00:00:00,20.0,172.0,26.610804,-0.27313024
2026-09-10 00:00:00,20.0,174.0,26.649136,-0.2664169
2026-09-10 00:00:00,20.0,176.0,25.9137,-0.25277188
2026-09-10 00:00:00,20.0,178.0,26.402111,-0.22099009
2026-09-10 00:00:00,20.0,-180.0,26.479858,-0.32004765
2026-09-10 00:00:00,22.0,-180.0,25.62916,-0.22247384
2026-09-10 00:00:00,22.0,-178.0,26.406073,-0.26610368
2026-09-10 00:00:00,22.0,-176.0,25.674263,-0.20546871
2026-09-10 00:00:00,22.0,-174.0,25.617737,-0.2424185
2026-09-10 00:00:00,22.0,-172.0,25.744684,-0.1999341
2026-09-10 00:00:00,22.0,-170.0,25.590542,-0.25055775
2026-09-10 00:00:00,22.0,-168.0,25.568438,-0.2647806
2026-09-10 00:00:00,22.0,-166.0,25.771662,-0.20806444
2026-09-10 00:00:00,22.0,-164.0,26.171837,-0.20236461
2026-09-10 00:00:00,22.0,-162.0,25.59156,-0.1768365
2026-09-10 00:00:00,22.0,-160.0,26.134054,-0.14111578
2026-09-10 00:00:00,22.0,-158.0,25.957104,-0.13900885
2026-09-10 00:00:00,22.0,-156.0,26.19944,-0.10978298
2026-09-10 00:00:00,22.0,-154.0,26.352278,-0.064447545
2026-09-10 00:00:00,22.0,-152.0,25.829876,-0.08989103
2026-09-10 00:00:00,22.0,-150.0,25.447752,-0.04313544
2026-09-10 00:00:00,22.0,-148.0,26.152409,-0.08536556
2026-09-10 00:00:00,22.0,-146.0,26.070276,-0.044954244
2026-09-10 00:00:00,22.0,-144.0,25.480932,-0.020363083
2026-09-10 00:00:00,22.0,-142.0,25.708973,-0.03179681
2026-09-10 00:00:00,22.0,-140.0,25.350742,0.030102402
2026-09-10 00:00:00,22.0,-138.0,25.668869,0.061216682
2026-09-10 00:00:00,22.0,-136.0,25.816553,0.070716955
2026-09-10 00:00:00,22.0,-134.0,25.876295,0.10671729
2026-09-10 00:00:00,22.0,-132.0,25.539223,0.07152132
2026-09-10 00:00:00,22.0,-130.0,26.035383,0.18373123
2026-09-10 00:00:00,22.0,-128.0,25.604074,0.13753186
2026-09-10 00:00:00,22.0,-126.0,25.489536,0.18251462
2026-09-10 00:00:00,22.0,-124.0,25.81713,0.10475463
2026-09-10 00:00:00,22.0,-122.0,25.501331,0.17856792
2026-09-10 00:00:00,22.0,-120.0,26.435436,0.18917954
2026-09-10 00:00:00,22.0,-118.0,25.968822,0.25156137
2026-09-10 00:00:00,22.0,-116.0,26.034021,0.21007478
2026-09-10 00:00:00,22.0,-114.0,26.116241,0.21490608
2026-09-10 00:00:00,22.0,-112.0,25.648603,0.26316217
2026-09-10 00:00:00,22.0,-110.0,25.568928,0.26074186
2026-09-10 00:00:00,22.0,-108.0,25.323456,0.22387528
2026-09-10 00:00:00,22.0,-106.0,25.631948,0.2272866
2026-09-10 00:00:00,22.0,-104.0,25.608595,0.1458082
2026-09-10 00:00:00,22.0,-102.0,25.505968,0.18475042
2026-09-10 00:00:00,22.0,-100.0,26.046305,0.20418577
2026-09-10 00:00:00,22.0,-98.0,25.444489,0.2220583
2026-09-10 00:00:00,22.0,-96.0,25.713398,0.22148435
2026-09-10 00:00:00,22.0,-94.0,25.86735,0.18593583
2026-09-10 00:00:00,22.0,-92.0,25.912735,0.19636604
2026-09-10 00:00:00,22.0,-90.0,26.199078,0.20472327
2026-09-10 00:00:00,22.0,-88.0,26.164803,0.19085775
2026-09-10 00:00:00,22.0,-86.0,26.185442,0.1585787
2026-09-10 00:00:00,22.0,-84.0,25.632607,0.18381335
2026-09-10 00:00:00,22.0,-82.0,26.35232,0.15822239
2026-09-10 00:00:00,22.0,-80.0,26.027126,0.16077577
2026-09-10 00:00:00,22.0,-78.0,26.549973,0.15489833
2026-09-10 00:00:00,22.0,-76.0,26.840395,0.15552643
2026-09-10 00:00:00,22.0,-74.0,26.963938,0.11239705
2026-09-10 00:00:00,22.0,-72.0,27.419806,0.15144084
2026-09-10 00:00:00,22.0,-70.0,27.094929,0.14279445
2026-09-10 00:00:00,22.0,-68.0,26.430748,0.100723304
2026-09-10 00:00:00,22.0,-66.0,27.28341,0.14242454
2026-09-10 00:00:00,22.0,-64.0,26.335726,0.1156415
2026-09-10 00:00:00,22.0,-62.0,26.602911,0.15112107
2026-09-10 00:00:00,22.0,-60.0,26.12969,0.19056588
2026-09-10 00:00:00,22.0,-58.0,25.819958,0.16820686
2026-09-10 00:00:00,22.0,-56.0,25.835323,0.16980605
2026-09-10 00:00:00,22.0,-54.0,25.89519,0.20443854
2026-09-10 00:00:00,22.0,-52.0,25.86515,0.2232885
2026-09-10 00:00:00,22.0,-50.0,26.015718,0.21579678
2026-09-10 00:00:00,22.0,-48.0,26.243551,0.24553518
2026-09-10 00:00:00,22.0,-46.0,25.494146,0.25397938
2026-09-10 00:00:00,22.0,-44.0,26.177265,0.31142074
2026-09-10 00:00:00,22.0,-42.0,25.46704,0.27938688
2026-09-10 00:00:00,22.0,-40.0,25.879856,0.3130652
2026-09-10 00:00:00,22.0,-38.0,25.560877,0.28316677
2026-09-10 00:00:00,22.0,-36.0,26.290575,0.3125801
2026-09-10 00:00:00,22.0,-34.0,25.81959,0.39568347
2026-09-10 00:00:00,22.0,-32.0,26.013805,0.37095603
2026-09-10 00:00:00,22.0,-30.0,26.04261,0.42499802
2026-09-10 00:00:00,22.0,-28.0,25.986845,0.43741992
2026-09-10 00:00:00,22.0,-26.0,26.028845,0.41429615
2026-09-10 00:00:00,22.0,-24.0,25.971523,0.4795189
2026-09-10 00:00:00,22.0,-22.0,25.767525,0.46116546
2026-09-10 00:00:00,22.0,-20.0,26.207457,0.52505505
2026-09-10 00:00:00,22.0,-18.0,25.90843,0.506446
2026-09-10 00:00:00,22.0,-16.0,25.735125,0.5429978
2026-09-10 00:00:00,22.0,-14.0,25.862934,0.5233204
2026-09-10 00:00:00,22.0,-12.0,25.553324,0.56739587
2026-09-10 00:00:00,22.0,-10.0,25.932535,0.5478218
2026-09-10 00:00:00,22.0,-8.0,25.462677,0.56033164
2026-09-10 00:00:00,22.0,-6.0,26.061943,0.6232003
2026-09-10 00:00:00,22.0,-4.0,25.713217,0.5797804
2026-09-10 00:00:00,22.0,-2.0,26.254694,0.60216975
2026-09-10 00:00:00,22.0,0.0,25.792473,0.62790513
2026-09-10 00:00:00,22.0,2.0,25.604355,0.59693104
2026-09-10 00:00:00,22.0,4.0,25.661741,0.60184157
2026-09-10 00:00:00,22.0,6.0,25.300108,0.6704593
2026-09-10 00:00:00,22.0,8.0,25.864464,0.57462585
2026-09-10 00:00:00,22.0,10.0,25.734453,0.5586001
2026-09-10 00:00:00,22.0,12.0,25.521069,0.5785072
2026-09-10 00:00:00,22.0,14.0,26.121803,0.6020434
2026-09-10 00:00:00,22.0,16.0,25.713188,0.5357391
2026-09-10 00:00:00,22.0,18.0,25.981836,0.45388997
2026-09-10 00:00:00,22.0,20.0,25.845577,0.53760743
2026-09-10 00:00:00,22.0,22.0,26.091124,0.47057906
2026-09-10 00:00:00,22.0,24.0,26.224453,0.4648064
2026-09-10 00:00:00,22.0,26.0,26.018635,0.51178235
2026-09-10 00:00:00,22.0,28.0,25.843822,0.48077255
2026-09-10 00:00:00,22.0,30.0,25.961355,0.4693988
2026-09-10 00:00:00,22.0,32.0,26.095676,0.42544356
2026-09-10 00:00:00,22.0,34.0,25.431374,0.4070713
2026-09-10 00:00:00,22.0,36.0,25.4231,0.38637355
2026-09-10 00:00:00,22.0,38.0,25.8069,0.33625072
2026-09-10 00:00:00,22.0,40.0,25.9185,0.2800502
2026-09-10 00:00:00,22.0,42.0,25.382095,0.2907929
2026-09-10 00:00:00,22.0,44.0,26.160816,0.24656971
2026-09-10 00:00:00,22.0,46.0,26.044947,0.25876313
2026-09-10 00:00:00,22.0,48.0,26.133919,0.25739372
2026-09-10 00:00:00,22.0,50.0,25.595778,0.18734306
2026-09-10 00:00:00,22.0,52.0,25.830072,0.18009348
2026-09-10 00:00:00,22.0,54.0,25.694916,0.20629816
2026-09-10 00:00:00,22.0,56.0,25.871492,0.13806793
2026-09-10 00:00:00,22.0,58.0,26.218388,0.1412473
2026-09-10 00:00:00,22.0,60.0,25.970102,0.15434186
2026-09-10 00:00:00,22.0,62.0,25.549484,0.13213803
2026-09-10 00:00:00,22.0,64.0,25.577528,0.20043762
2026-09-10 00:00:00,22.0,66.0,25.366785,0.16341394
2026-09-10 00:00:00,22.0,68.0,26.082117,0.20808086
2026-09-10 00:00:00,22.0,70.0,25.86387,0.18764023
2026-09-10 00:00:00,22.0,72.0,25.621063,0.13944058
2026-09-10 00:00:00,22.0,74.0,26.13015,0.14046693
2026-09-10 00:00:00,22.0,76.0,26.079191,0.16087705
2026-09-10 00:00:00,22.0,78.0,25.653353,0.11510658
2026-09-10 00:00:00,22.0,80.0,25.823542,0.15307702
2026-09-10 00:00:00,22.0,82.0,25.923246,0.19600171
2026-09-10 00:00:00,22.0,84.0,26.041021,0.1318401
2026-09-10 00:00:00,22.0,86.0,25.898455,0.15638019
2026-09-10 00:00:00,22.0,88.0,25.492952,0.12736014
2026-09-10 00:00:00,22.0,90.0,25.68419,0.17279777
2026-09-10 00:00:00,22.0,92.0,25.824102,0.13074294
2026-09-10 00:00:00,22.0,94.0,26.02001,0.19230364
2026-09-10 00:00:00,22.0,96.0,25.713717,0.12817384
2026-09-10 00:00:00,22.0,98.0,25.880589,0.19512391
2026-09-10 00:00:00,22.0,100.0,25.94624,0.2253747
2026-09-10 00:00:00,22.0,102.0,25.74749,0.24401474
2026-09-10 00:00:00,22.0,104.0,25.70921,0.20516744
2026-09-10 00:00:00,22.0,106.0,25.836287,0.21894053
2026-09-10 00:00:00,22.0,108.0,26.157375,0.23525588
2026-09-10 00:00:00,22.0,110.0,25.61516,0.22632757
2026-09-10 00:00:00,22.0,112.0,25.492565,0.2408677
2026-09-10 00:00:00,22.0,114.0,25.820877,0.23732038
2026-09-10 00:00:00,22.0,116.0,26.092422,0.12440757
2026-09-10 00:00:00,22.0,118.0,25.950891,0.21693583
2026-09-10 00:00:00,22.0,120.0,26.26244,0.18234012
2026-09-10 00:00:00,22.0,122.0,25.899965,0.17558232
2026-09-10 00:00:00,22.0,124.0,26.14502,0.17239353
2026-09-10 00:00:00,22.0,126.0,25.600199,0.14381957
2026-09-10 00:00:00,22.0,128.0,25.957933,0.16178618
2026-09-10 00:00:00,22.0,130.0,25.622643,0.14209893
2026-09-10 00:00:00,22.0,132.0,25.618862,0.11869441
2026-09-10 00:00:00,22.0,134.0,25.809193,0.09242452
2026-09-10 00:00:00,22.0,136.0,26.006538,0.07085232
2026-09-10 00:00:00,22.0,138.0,26.161018,0.058596462
2026-09-10 00:00:00,22.0,140.0,25.857605,0.04679522
2026-09-10 00:00:00,22.0,142.0,25.728468,0.026372463
2026-09-10 00:00:00,22.0,144.0,26.230495,0.03354799
2026-09-10 00:00:00,22.0,146.0,25.749506,-0.0072410447
2026-09-10 00:00:00,22.0,148.0,25.705235,-0.028842866
2026-09-10 00:00:00,22.0,150.0,25.313278,-0.030289477
2026-09-10 00:00:00,22.0,152.0,25.89542,-0.09613657
2026-09-10 00:00:00,22.0,154.0,25.864695,-0.091255315
2026-09-10 00:00:00,22.0,156.0,26.218243,-0.091609575
2026-09-10 00:00:00,22.0,158.0,25.619396,-0.11351519
2026-09-10 00:00:00,22.0,160.0,25.912685,-0.16040225
2026-09-10 00:00:00,22.0,162.0,26.186663,-0.25073552
2026-09-10 00:00:00,22.0,164.0,25.994112,-0.16166615
2026-09-10 00:00:00,22.0,166.0,25.441008,-0.24294694
2026-09-10 00:00:00,22.0,168.0,26.330593,-0.245794
2026-09-10 00:00:00,22.0,170.0,25.711128,-0.24930827
2026-09-10 00:00:00,22.0,172.0,25.615763,-0.23596989
2026-09-10 00:00:00,22.0,174.0,25.398315,-0.25070992
2026-09-10 00:00:00,22.0,176.0,25.747389,-0.27347007
2026-09-10 00:00:00,22.0,178.0,26.072456,-0.22963531
2026-09-10 00:00:00,22.0,-180.0,25.945524,-0.21734056
2026-09-10 00:00:00,24.0,-180.0,25.6893,-0.21863288
2026-09-10 00:00:00,24.0,-178.0,25.171614,-0.2160838
2026-09-10 00:00:00,24.0,-176.0,24.923513,-0.26821232
2026-09-10 00:00:00,24.0,-174.0,24.918642,-0.30430388
2026-09-10 00:00:00,24.0,-172.0,25.194408,-0.23747669
2026-09-10 00:00:00,24.0,-170.0,25.625006,-0.22260192
2026-09-10 00:00:00,24.0,-168.0,25.390562,-0.206234
2026-09-10 00:00:00,24.0,-166.0,25.716473,-0.18939482
2026-09-10 00:00:00,24.0,-164.0,25.070763,-0.14387639
2026-09-10 00:00:00,24.0,-162.0,25.857903,-0.17016587
2026-09-10 00:00:00,24.0,-160.0,25.293247,-0.12014831
2026-09-10 00:00:00,24.0,-158.0,25.34701,-0.09090441
2026-09-10 00:00:00,24.0,-156.0,24.980204,-0.031538434
2026-09-10 00:00:00,24.0,-154.0,25.66095,-0.12936781
2026-09-10 00:00:00,24.0,-152.0,25.450155,-0.07322861
2026-09-10 00:00:00,24.0,-150.0,25.76488,-0.05215098
2026-09-10 00:00:00,24.0,-148.0,25.02054,-0.08207501
2026-09-10 00:00:00,24.0,-146.0,25.658648,0.013167065
2026-09-10 00:00:00,24.0,-144.0,25.841476,0.023460587
2026-09-10 00:00:00,24.0,-142.0,25.497318,0.0087731145
2026-09-10 00:00:00,24.0,-140.0,25.704592,0.019499315
2026-09-10 00:00:00,24.0,-138.0,25.388744,0.037077077
2026-09-10 00:00:00,24.0,-136.0,25.482338,0.118121795
2026-09-10 00:00:00,24.0,-134.0,25.489817,0.09475958
2026-09-10 00:00:00,24.0,-132.0,25.808544,0.15793447
2026-09-10 00:00:00,24.0,-130.0,25.374834,0.12637039
2026-09-10 00:00:00,24.0,-128.0,25.598621,0.18364315
2026-09-10 00:00:00,24.0,-126.0,25.754934,0.14805827
2026-09-10 00:00:00,24.0,-124.0,25.135336,0.22204642
2026-09-10 00:00:00,24.0,-122.0,25.649813,0.21983701
2026-09-10 00:00:00,24.0,-120.0,24.975634,0.17456199
2026-09-10 00:00:00,24.0,-118.0,25.415237,0.2052687
2026-09-10 00:00:00,24.0,-116.0,25.825033,0.1663044
2026-09-10 00:00:00,24.0,-114.0,25.21774,0.21348347
2026-09-10 00:00:00,24.0,-112.0,25.393978,0.29089254
2026-09-10 00:00:00,24.0,-110.0,25.131618,0.18087144
2026-09-10 00:00:00,24.0,-108.0,25.359081,0.22877255
2026-09-10 00:00:00,24.0,-106.0,24.740711,0.20359603
2026-09-10 00:00:00,24.0,-104.0,24.99043,0.21840651
2026-09-10 00:00:00,24.0,-102.0,25.284725,0.22550768
2026-09-10 00:00:00,24.0,-100.0,25.534426,0.258465
2026-09-10 00:00:00,24.0,-98.0,25.527752,0.17431773
2026-09-10 00:00:00,24.0,-96.0,25.093275,0.2786567
2026-09-10 00:00:00,24.0,-94.0,25.517038,0.16529481
2026-09-10 00:00:00,24.0,-92.0,25.488422,0.2005085
2026-09-10 00:00:00,24.0,-90.0,25.37353,0.18516393
2026-09-10 00:00:00,24.0,-88.0,25.804218,0.17447639
2026-09-10 00:00:00,24.0,-86.0,25.394934,0.18585217
2026-09-10 00:00:00,24.0,-84.0,25.940659,0.17866336
2026-09-10 00:00:00,24.0,-82.0,25.976828,0.1831769
2026-09-10 00:00:00,24.0,-80.0,25.79141,0.19296569
2026-09-10 00:00:00,24.0,-78.0,25.951717,0.1873995
2026-09-10 00:00:00,24.0,-76.0,26.30228,0.16496448
2026-09-10 00:00:00,24.0,-74.0,26.662977,0.1291259
2026-09-10 00:00:00,24.0,-72.0,26.558006,0.088053636
2026-09-10 00:00:00,24.0,-70.0,26.488312,0.1707923
2026-09-10 00:00:00,24.0,-68.0,26.47495,0.15816607
2026-09-10 00:00:00,24.0,-66.0,26.635775,0.18984883
2026-09-10 00:00:00,24.0,-64.0,26.7088,0.14484547
2026-09-10 00:00:00,24.0,-62.0,26.178541,0.23015408
2026-09-10 00:00:00,24.0,-60.0,26.02992,0.123640575
2026-09-10 00:00:00,24.0,-58.0,25.954872,0.18436098
2026-09-10 00:00:00,24.0,-56.0,25.18587,0.21962279
2026-09-10 00:00:00,24.0,-54.0,25.536587,0.28128794
2026-09-10 00:00:00,24.0,-52.0,25.282967,0.22307913
2026-09-10 00:00:00,24.0,-50.0,25.649807,0.29955342
2026-09-10 00:00:00,24.0,-48.0,25.939013,0.25980538
2026-09-10 00:00:00,24.0,-46.0,25.110386,0.29389146
2026-09-10 00:00:00,24.0,-44.0,25.255285,0.29551128
2026-09-10 00:00:00,24.0,-42.0,25.683498,0.28203556
2026-09-10 00:00:00,24.0,-40.0,25.724276,0.37820476
2026-09-10 00:00:00,24.0,-38.0,25.17012,0.36291867
2026-09-10 00:00:00,24.0,-36.0,25.226301,0.4125368
2026-09-10 00:00:00,24.0,-34.0,25.68252,0.3975533
2026-09-10 00:00:00,24.0,-32.0,25.426044,0.40143093
2026-09-10 00:00:00,24.0,-30.0,25.307653,0.4124907
2026-09-10 00:00:00,24.0,-28.0,25.8186,0.4819226
2026-09-10 00:00:00,24.0,-26.0,25.410606,0.48585925
2026-09-10 00:00:00,24.0,-24.0,25.751303,0.50835633
2026-09-10 00:00:00,24.0,-22.0,25.28871,0.52635556
2026-09-10 00:00:00,24.0,-20.0,25.338982,0.5094624
2026-09-10 00:00:00,24.0,-18.0,25.69847,0.5269839
2026-09-10 00:00:00,24.0,-16.0,25.393332,0.5893208
2026-09-10 00:00:00,24.0,-14.0,25.375175,0.5910959
2026-09-10 00:00:00,24.0,-12.0,25.300419,0.5799464
2026-09-10 00:00:00,24.0,-10.0,25.710096,0.5859898
2026-09-10 00:00:00,24.0,-8.0,25.354519,0.5979565
2026-09-10 00:00:00,24.0,-6.0,25.354034,0.60380644
2026-09-10 00:00:00,24.0,-4.0,25.60211,0.6348272
2026-09-10 00:00:00,24.0,-2.0,25.363459,0.6088297
2026-09-10 00:00:00,24.0,0.0,25.794922,0.64341986
2026-09-10 00:00:00,24.0,2.0,25.431528,0.62763405
2026-09-10 00:00:00,24.0,4.0,25.2137,0.60988224
2026-09-10 00:00:00,24.0,6.0,25.715963,0.5986017
2026-09-10 00:00:00,24.0,8.0,25.77622,0.63284594
2026-09-10 00:00:00,24.0,10.0,24.843828,0.64248586
2026-09-10 00:00:00,24.0,12.0,25.3868,0.59857196
2026-09-10 00:00:00,24.0,14.0,25.469172,0.56121033
2026-09-10 00:00:00,24.0,16.0,25.201744,0.5679259
2026-09-10 00:00:00,24.0,18.0,25.552086,0.5660178
2026-09-10 00:00:00,24.0,20.0,25.374977,0.5439832
2026-09-10 00:00:00,24.0,22.0,25.110586,0.48201695
2026-09-10 00:00:00,24.0,24.0,25.608267,0.50908047
2026-09-10 00:00:00,24.0,26.0,25.419857,0.43856198
2026-09-10 00:00:00,24.0,28.0,25.626652,0.43138045
2026-09-10 00:00:00,24.0,30.0,25.009308,0.43361974
2026-09-10 00:00:00,24.0,32.0,25.323944,0.4429569
2026-09-10 00:00:00,24.0,34.0,25.54863,0.40543696
2026-09-10 00:00:00,24.0,36.0,25.181717,0.39135826
2026-09-10 00:00:00,24.0,38.0,25.316364,0.3525295
2026-09-10 00:00:00,24.0,40.0,25.639376,0.35672963
2026-09-10 00:00:00,24.0,42.0,25.88032,0.28484565
2026-09-10 00:00:00,24.0,44.0,25.45482,0.24557084
2026-09-10 00:00:00,24.0,46.0,25.409754,0.23567803
2026-09-10 00:00:00,24.0,48.0,25.555222,0.2450903
2026-09-10 00:00:00,24.0,50.0,25.573109,0.17814286
2026-09-10 00:00:00,24.0,52.0,25.57458,0.25867566
2026-09-10 00:00:00,24.0,54.0,25.29469,0.27617162
2026-09-10 00:00:00,24.0,56.0,25.151749,0.21811377
2026-09-10 00:00:00,24.0,58.0,25.650007,0.20482363
2026-09-10 00:00:00,24.0,60.0,25.501148,0.158004
2026-09-10 00:00:00,24.0,62.0,25.649343,0.2048708
2026-09-10 00:00:00,24.0,64.0,25.197742,0.17702721
2026-09-10 00:00:00,24.0,66.0,25.63945,0.16187303
2026-09-10 00:00:00,24.0,68.0,25.780878,0.19276936
2026-09-10 00:00:00,24.0,70.0,25.259075,0.16482063
2026-09-10 00:00:00,24.0,72.0,25.429386,0.15577143
2026-09-10 00:00:00,24.0,74.0,25.115637,0.12636662
2026-09-10 00:00:00,24.0,76.0,25.888475,0.16818792
2026-09-10 00:00:00,24.0,78.0,25.3217,0.15163085
2026-09-10 00:00:00,24.0,80.0,25.119717,0.17062964
2026-09-10 00:00:00,24.0,82.0,25.843622,0.12253527
2026-09-10 00:00:00,24.0,84.0,25.264555,0.21452546
2026-09-10 00:00:00,24.0,86.0,25.244871,0.12931705
2026-09-10 00:00:00,24.0,88.0,25.327932,0.20581676
2026-09-10 00:00:00,24.0,90.0,24.887823,0.16786483
2026-09-10 00:00:00,24.0,92.0,25.056799,0.19442184
2026-09-10 00:00:00,24.0,94.0,25.269615,0.16240276
2026-09-10 00:00:00,24.0,96.0,25.531246,0.19310878
2026-09-10 00:00:00,24.0,98.0,25.826208,0.20535001
2026-09-10 00:00:00,24.0,100.0,24.838842,0.25891423
2026-09-10 00:00:00,24.0,102.0,25.267796,0.23929699
2026-09-10 00:00:00,24.0,104.0,25.423811,0.19964881
2026-09-10 00:00:00,24.0,106.0,25.154953,0.20959714
2026-09-10 00:00:00,24.0,108.0,25.558092,0.23204929
2026-09-10 00:00:00,24.0,110.0,25.255245,0.2635072
2026-09-10 00:00:00,24.0,112.0,25.80197,0.16087496
2026-09-10 00:00:00,24.0,114.0,25.259024,0.22112785
2026-09-10 00:00:00,24.0,116.0,25.537373,0.18919727
2026-09-10 00:00:00,24.0,118.0,25.449461,0.19576895
2026-09-10 00:00:00,24.0,120.0,25.637392,0.2188499
2026-09-10 00:00:00,24.0,122.0,25.15478,0.18554084
2026-09-10 00:00:00,24.0,124.0,25.39224,0.2033304
2026-09-10 00:00:00,24.0,126.0,25.766558,0.18708397
2026-09-10 00:00:00,24.0,128.0,25.226072,0.12085441
2026-09-10 00:00:00,24.0,130.0,25.501835,0.12413754
2026-09-10 00:00:00,24.0,132.0,25.39802,0.08178841
2026-09-10 00:00:00,24.0,134.0,25.239132,0.09783952
2026-09-10 00:00:00,24.0,136.0,25.64119,0.078719296
2026-09-10 00:00:00,24.0,138.0,25.68518,0.036194928
2026-09-10 00:00:00,24.0,140.0,25.929865,0.06895177
2026-09-10 00:00:00,24.0,142.0,25.352491,-0.023150228
2026-09-10 00:00:00,24.0,144.0,25.528893,0.038377453
2026-09-10 00:00:00,24.0,146.0,25.682346,0.0047437153
2026-09-10 00:00:00,24.0,148.0,25.392838,-0.0568997
2026-09-10 00:00:00,24.0,150.0,25.286058,-0.0658253
2026-09-10 00:00:00,24.0,152.0,25.328495,-0.066715114
2026-09-10 00:00:00,24.0,154.0,25.247347,-0.087518096
2026-09-10 00:00:00,24.0,156.0,25.782455,-0.08336327
2026-09-10 00:00:00,24.0,158.0,25.62182,-0.106316045
2026-09-10 00:00:00,24.0,160.0,25.751163,-0.11292522
2026-09-10 00:00:00,24.0,162.0,25.096786,-0.13668396
2026-09-10 00:00:00,24.0,164.0,25.065147,-0.20412359
2026-09-10 00:00:00,24.0,166.0,25.172255,-0.17576338
2026-09-10 00:00:00,24.0,168.0,25.574604,-0.21607557
2026-09-10 00:00:00,24.0,170.0,25.392181,-0.16721696
2026-09-10 00:00:00,24.0,172.0,25.677855,-0.17845584
2026-09-10 00:00:00,24.0,174.0,25.376156,-0.18197876
2026-09-10 00:00:00,24.0,176.0,25.519358,-0.23532428
2026-09-10 00:00:00,24.0,178.0,25.649275,-0.23810475
2026-09-10 00:00:00,24.0,-180.0,25.423756,-0.21409872
2026-09-10 00:00:00,26.0,-180.0,24.77091,-0.19550836
2026-09-10 00:00:00,26.0,-178.0,25.024237,-0.16890602
2026-09-10 00:00:00,26.0,-176.0,24.710466,-0.23358634
2026-09-10 00:00:00,26.0,-174.0,25.142115,-0.19536653
2026-09-10 00:00:00,26.0,-172.0,25.083118,-0.18767478
2026-09-10 00:00:00,26.0,-170.0,25.249977,-0.20372635
2026-09-10 00:00:00,26.0,-168.0,24.7877,-0.22609615
2026-09-10 00:00:00,26.0,-166.0,24.576416,-0.15565583
2026-09-10 00:00:00,26.0,-164.0,24.987684,-0.17400534
2026-09-10 00:00:00,26.0,-162.0,25.102535,-0.12090148
2026-09-10 00:00:00,26.0,-160.0,25.380032,-0.14104576
2026-09-10 00:00:00,26.0,-158.0,24.77267,-0.17254137
2026-09-10 00:00:00,26.0,-156.0,25.267584,-0.066286944
2026-09-10 00:00:00,26.0,-154.0,24.660177,-0.034978904
2026-09-10 00:00:00,26.0,-152.0,24.794945,-0.00735953
2026-09-10 00:00:00,26.0,-150.0,24.852308,-0.025841272
2026-09-10 00:00:00,26.0,-148.0,25.437023,-0.07438234
2026-09-10 00:00:00,26.0,-146.0,25.032307,0.077999346
2026-09-10 00:00:00,26.0,-144.0,25.196976,0.06956208
2026-09-10 00:00:00,26.0,-142.0,24.614878,0.030354513
2026-09-10 00:00:00,26.0,-140.0,24.671148,0.07878113
2026-09-10 00:00:00,26.0,-138.0,25.022024,0.11420647
2026-09-10 00:00:00,26.0,-136.0,24.968126,0.1396215
2026-09-10 00:00:00,26.0,-134.0,24.639677,0.15503526
2026-09-10 00:00:00,26.0,-132.0,24.998941,0.13767636
2026-09-10 00:00:00,26.0,-130.0,25.160921,0.166777
2026-09-10 00:00:00,26.0,-128.0,24.928278,0.19169958
2026-09-10 00:00:00,26.0,-126.0,24.79162,0.2053541
2026-09-10 00:00:00,26.0,-124.0,25.175154,0.23259427
2026-09-10 00:00:00,26.0,-122.0,24.98758,0.2347645
2026-09-10 00:00:00,26.0,-120.0,24.858234,0.2186183
2026-09-10 00:00:00,26.0,-118.0,24.928293,0.18810153
2026-09-10 00:00:00,26.0,-116.0,25.308989,0.2170688
2026-09-10 00:00:00,26.0,-114.0,24.522148,0.23720303
2026-09-10 00:00:00,26.0,-112.0,25.37084,0.22215572
2026-09-10 00:00:00,26.0,-110.0,24.706747,0.2449929
2026-09-10 00:00:00,26.0,-108.0,24.865795,0.2569781
2026-09-10 00:00:00,26.0,-106.0,24.95985,0.18802562
2026-09-10 00:00:00,26.0,-104.0,25.010906,0.2484628
2026-09-10 00:00:00,26.0,-102.0,25.138237,0.2482971
2026-09-10 00:00:00,26.0,-100.0,24.479225,0.25150272
2026-09-10 00:00:00,26.0,-98.0,24.646435,0.22293732
2026-09-10 00:00:00,26.0,-96.0,24.950628,0.19553894
2026-09-10 00:00:00,26.0,-94.0,24.985783,0.21487792
2026-09-10 00:00:00,26.0,-92.0,24.91427,0.21744388
2026-09-10 00:00:00,26.0,-90.0,24.79542,0.1754548
2026-09-10 00:00:00,26.0,-88.0,24.445145,0.14189962
2026-09-10 00:00:00,26.0,-86.0,24.398273,0.18953452
2026-09-10 00:00:00,26.0,-84.0,24.885546,0.19015157
2026-09-10 00:00:00,26.0,-82.0,26.004463,0.17248034
2026-09-10 00:00:00,26.0,-80.0,25.117641,0.2037706
2026-09-10 00:00:00,26.0,-78.0,26.00098,0.13889158
2026-09-10 00:00:00,26.0,-76.0,26.101818,0.16172208
2026-09-10 00:00:00,26.0,-74.0,26.21056,0.26290226
2026-09-10 00:00:00,26.0,-72.0,26.093079,0.17666851
2026-09-10 00:00:00,26.0,-70.0,26.22863,0.21027668
2026-09-10 00:00:00,26.0,-68.0,26.258337,0.20109662
2026-09-10 00:00:00,26.0,-66.0,26.638561,0.18998219
2026-09-10 00:00:00,26.0,-64.0,25.759083,0.1981335
2026-09-10 00:00:00,26.0,-62.0,25.719494,0.22131097
2026-09-10 00:00:00,26.0,-60.0,25.710257,0.17268091
2026-09-10 00:00:00,26.0,-58.0,25.16284,0.18863742
2026-09-10 00:00:00,26.0,-56.0,24.717585,0.24873883
2026-09-10 00:00:00,26.0,-54.0,25.085014,0.2189633
2026-09-10 00:00:00,26.0,-52.0,25.578667,0.27225608
2026-09-10 00:00:00,26.0,-50.0,25.206644,0.26929578
2026-09-10 00:00:00,26.0,-48.0,25.046946,0.32304627
2026-09-10 00:00:00,26.0,-46.0,25.366133,0.32087448
2026-09-10 00:00:00,26.0,-44.0,25.22256,0.28219503
2026-09-10 00:00:00,26.0,-42.0,25.092493,0.334827
2026-09-10 00:00:00,26.0,-40.0,25.035767,0.3660593
2026-09-10 00:00:00,26.0,-38.0,25.096941,0.34203243
2026-09-10 00:00:00,26.0,-36.0,25.670294,0.38451004
2026-09-10 00:00:00,26.0,-34.0,25.010782,0.45218566
2026-09-10 00:00:00,26.0,-32.0,24.917347,0.4107765
2026-09-10 00:00:00,26.0,-30.0,25.231342,0.4343926
2026-09-10 00:00:00,26.0,-28.0,25.31646,0.45580262
2026-09-10 00:00:00,26.0,-26.0,24.873373,0.45775414
2026-09-10 00:00:00,26.0,-24.0,25.271746,0.47811776
2026-09-10 00:00:00,26.0,-22.0,24.930103,0.4981092
2026-09-10 00:00:00,26.0,-20.0,24.8402,0.59950674
2026-09-10 00:00:00,26.0,-18.0,24.851566,0.6122218
2026-09-10 00:00:00,26.0,-16.0,25.214762,0.5762469
2026-09-10 00:00:00,26.0,-14.0,24.80063,0.5560914
2026-09-10 00:00:00,26.0,-12.0,25.085096,0.615213
2026-09-10 00:00:00,26.0,-10.0,24.57518,0.5901084
2026-09-10 00:00:00,26.0,-8.0,24.931936,0.6253267
2026-09-10 00:00:00,26.0,-6.0,25.15978,0.6792425
2026-09-10 00:00:00,26.0,-4.0,24.98407,0.6833401
2026-09-10 00:00:00,26.0,-2.0,25.318213,0.63795775
2026-09-10 00:00:00,26.0,0.0,24.9469,0.60519105
2026-09-10 00:00:00,26.0,2.0,25.071697,0.6305001
2026-09-10 00:00:00,26.0,4.0,24.514418,0.6106661
2026-09-10 00:00:00,26.0,6.0,25.257805,0.6065473
2026-09-10 00:00:00,26.0,8.0,25.273546,0.6322288
2026-09-10 00:00:00,26.0,10.0,24.871395,0.630569
2026-09-10 00:00:00,26.0,12.0,24.988379,0.5934527
2026-09-10 00:00:00,26.0,14.0,25.49915,0.5657854
2026-09-10 00:00:00,26.0,16.0,25.394665,0.5730558
2026-09-10 00:00:00,26.0,18.0,24.856071,0.5846661
2026-09-10 00:00:00,26.0,20.0,25.13806,0.52728844
2026-09-10 00:00:00,26.0,22.0,25.254112,0.50303483
2026-09-10 00:00:00,26.0,24.0,24.657888,0.49316224
2026-09-10 00:00:00,26.0,26.0,24.881987,0.4699468
2026-09-10 00:00:00,26.0,28.0,25.215578,0.44929075
2026-09-10 00:00:00,26.0,30.0,24.909466,0.418619
2026-09-10 00:00:00,26.0,32.0,25.257961,0.48338827
2026-09-10 00:00:00,26.0,34.0,24.765919,0.42454794
2026-09-10 00:00:00,26.0,36.0,24.893017,0.40800545
2026-09-10 00:00:00,26.0,38.0,25.01405,0.36943698
2026-09-10 00:00:00,26.0,40.0,24.833597,0.3676622
2026-09-10 00:00:00,26.0,42.0,25.338312,0.34058455
2026-09-10 00:00:00,26.0,44.0,24.657385,0.27540362
2026-09-10 00:00:00,26.0,46.0,25.32701,0.29083517
2026-09-10 00:00:00,26.0,48.0,24.70602,0.30877373
2026-09-10 00:00:00,26.0,50.0,24.75777,0.25442442
2026-09-10 00:00:00,26.0,52.0,24.873802,0.251787
2026-09-10 00:00:00,26.0,54.0,24.916739,0.22388116
2026-09-10 00:00:00,26.0,56.0,24.888594,0.2072407
2026-09-10 00:00:00,26.0,58.0,24.887978,0.20882255
2026-09-10 00:00:00,26.0,60.0,25.13431,0.20894755
2026-09-10 00:00:00,26.0,62.0,25.07326,0.20008314
2026-09-10 00:00:00,26.0,64.0,25.322643,0.18715829
2026-09-10 00:00:00,26.0,66.0,24.984669,0.15603681
2026-09-10 00:00:00,26.0,68.0,24.628527,0.21276385
2026-09-10 00:00:00,26.0,70.0,24.971779,0.13646938
2026-09-10 00:00:00,26.0,72.0,25.007568,0.20424697
2026-09-10 00:00:00,26.0,74.0,24.749905,0.20305806
2026-09-10 00:00:00,26.0,76.0,24.6653,0.17677529
2026-09-10 00:00:00,26.0,78.0,24.57998,0.13087273
2026-09-10 00:00:00,26.0,80.0,24.749561,0.18649268
2026-09-10 00:00:00,26.0,82.0,24.665968,0.18584977
2026-09-10 00:00:00,26.0,84.0,24.53152,0.16892047
2026-09-10 00:00:00,26.0,86.0,24.809364,0.20943996
2026-09-10 00:00:00,26.0,88.0,24.869537,0.22082588
2026-09-10 00:00:00,26.0,90.0,25.166428,0.22453369
2026-09-10 00:00:00,26.0,92.0,25.456295,0.2023056
2026-09-10 00:00:00,26.0,94.0,24.946987,0.2475944
2026-09-10 00:00:00,26.0,96.0,25.00631,0.23856954
2026-09-10 00:00:00,26.0,98.0,25.012558,0.21107008
2026-09-10 00:00:00,26.0,100.0,24.973215,0.3154072
2026-09-10 00:00:00,26.0,102.0,24.757101,0.23720102
2026-09-10 00:00:00,26.0,104.0,25.131973,0.23842691
2026-09-10 00:00:00,26.0,106.0,25.301727,0.27982995
2026-09-10 00:00:00,26.0,108.0,25.09513,0.28272104
2026-09-10 00:00:00,26.0,110.0,25.127628,0.21365398
2026-09-10 00:00:00,26.0,112.0,24.982529,0.2503046
2026-09-10 00:00:00,26.0,114.0,25.280254,0.22407503
2026-09-10 00:00:00,26.0,116.0,24.648026,0.23826404
2026-09-10 00:00:00,26.0,118.0,25.231144,0.22885735
2026-09-10 00:00:00,26.0,120.0,24.808067,0.21717699
2026-09-10 00:00:00,26.0,122.0,25.058332,0.17219439
2026-09-10 00:00:00,26.0,124.0,25.065266,0.23376946
2026-09-10 00:00:00,26.0,126.0,24.911154,0.16647957
2026-09-10 00:00:00,26.0,128.0,25.053202,0.1507118
2026-09-10 00:00:00,26.0,130.0,25.211115,0.21878266
2026-09-10 00:00:00,26.0,132.0,25.165462,0.11855059
2026-09-10 00:00:00,26.0,134.0,25.024878,0.15435866
2026-09-10 00:00:00,26.0,136.0,25.488909,0.07604609
2026-09-10 00:00:00,26.0,138.0,25.19275,0.095617294
2026-09-10 00:00:00,26.0,140.0,25.640568,0.048604485
2026-09-10 00:00:00,26.0,142.0,24.984446,0.060866565
2026-09-10 00:00:00,26.0,144.0,24.707352,0.021315822
2026-09-10 00:00:00,26.0,146.0,24.777279,0.023269668
2026-09-10 00:00:00,26.0,148.0,25.203466,6.229389e-05
2026-09-10 00:00:00,26.0,150.0,24.669506,-0.07127192
2026-09-10 00:00:00,26.0,152.0,25.115028,-0.07714715
2026-09-10 00:00:00,26.0,154.0,25.011341,-0.10956492
2026-09-10 00:00:00,26.0,156.0,25.127296,-0.099070504
2026-09-10 00:00:00,26.0,158.0,25.006475,-0.13169838
2026-09-10 00:00:00,26.0,160.0,24.84451,-0.093613565
2026-09-10 00:00:00,26.0,162.0,24.796907,-0.13855383
2026-09-10 00:00:00,26.0,164.0,24.871964,-0.17921236
2026-09-10 00:00:00,26.0,166.0,25.050795,-0.19819057
2026-09-10 00:00:00,26.0,168.0,24.812532,-0.23212963
2026-09-10 00:00:00,26.0,170.0,24.993572,-0.18873169
2026-09-10 00:00:00,26.0,172.0,25.179941,-0.21138625
2026-09-10 00:00:00,26.0,174.0,25.09048,-0.16166012
2026-09-10 00:00:00,26.0,176.0,25.02228,-0.24319105
2026-09-10 00:00:00,26.0,178.0,25.34959,-0.17157313
2026-09-10 00:00:00,26.0,-180.0,24.647533,-0.26439744
2026-09-10 00:00:00,28.0,-180.0,24.442783,-0.2726268
2026-09-10 00:00:00,28.0,-178.0,24.307135,-0.19200698
2026-09-10 00:00:00,28.0,-176.0,24.338137,-0.1911232
2026-09-10 00:00:00,28.0,-174.0,24.941055,-0.12401777
2026-09-10 00:00:00,28.0,-172.0,24.480478,-0.21483131
2026-09-10 00:00:00,28.0,-170.0,25.172281,-0.1777499
2026-09-10 00:00:00,28.0,-168.0,24.722067,-0.18932678
2026-09-10 00:00:00,28.0,-166.0,24.516481,-0.12996939
2026-09-10 00:00:00,28.0,-164.0,24.396254,-0.0832658
2026-09-10 00:00:00,28.0,-162.0,24.641638,-0.121538155
2026-09-10 00:00:00,28.0,-160.0,24.240688,-0.05950132
2026-09-10 00:00:00,28.0,-158.0,24.50384,-0.038996525
2026-09-10 00:00:00,28.0,-156.0,24.764933,-0.08787404
2026-09-10 00:00:00,28.0,-154.0,25.18474,-0.058662914
2026-09-10 00:00:00,28.0,-152.0,24.78371,-0.09791254
2026-09-10 00:00:00,28.0,-150.0,24.233227,0.004695517
2026-09-10 00:00:00,28.0,-148.0,24.33794,-0.05010253
2026-09-10 00:00:00,28.0,-146.0,24.66242,0.078215554
2026-09-10 00:00:00,28.0,-144.0,24.335266,0.0662284
2026-09-10 00:00:00,28.0,-142.0,24.926144,0.05017798
2026-09-10 00:00:00,28.0,-140.0,24.66691,0.08604898
2026-09-10 00:00:00,28.0,-138.0,24.385624,0.04073866
2026-09-10 00:00:00,28.0,-136.0,24.426115,0.072799124
2026-09-10 00:00:00,28.0,-134.0,24.742357,0.122671664
2026-09-10 00:00:00,28.0,-132.0,24.807934,0.12829532
2026-09-10 00:00:00,28.0,-130.0,24.654358,0.15836947
2026-09-10 00:00:00,28.0,-128.0,24.650747,0.22979513
2026-09-10 00:00:00,28.0,-126.0,24.502016,0.20243737
2026-09-10 00:00:00,28.0,-124.0,24.905935,0.2185244
2026-09-10 00:00:00,28.0,-122.0,24.21044,0.22609466
2026-09-10 00:00:00,28.0,-120.0,24.553392,0.16933702
2026-09-10 00:00:00,28.0,-118.0,24.534883,0.23055393
2026-09-10 00:00:00,28.0,-116.0,24.349407,0.27337053
2026-09-10 00:00:00,28.0,-114.0,24.442797,0.267651
2026-09-10 00:00:00,28.0,-112.0,24.581327,0.22167823
2026-09-10 00:00:00,28.0,-110.0,24.681929,0.20602119
2026-09-10 00:00:00,28.0,-108.0,24.562876,0.24127066
2026-09-10 00:00:00,28.0,-106.0,24.371328,0.27582178
2026-09-10 00:00:00,28.0,-104.0,24.616913,0.2912045
2026-09-10 00:00:00,28.0,-102.0,24.592033,0.2275676
2026-09-10 00:00:00,28.0,-100.0,24.315344,0.22256534
2026-09-10 00:00:00,28.0,-98.0,24.574146,0.27638862
2026-09-10 00:00:00,28.0,-96.0,24.739325,0.28054145
2026-09-10 00:00:00,28.0,-94.0,24.432262,0.29951274
2026-09-10 00:00:00,28.0,-92.0,24.898506,0.22658485
2026-09-10 00:00:00,28.0,-90.0,24.745806,0.23822866
2026-09-10 00:00:00,28.0,-88.0,24.762217,0.22278602
2026-09-10 00:00:00,28.0,-86.0,24.391825,0.20175627
2026-09-10 00:00:00,28.0,-84.0,24.378706,0.21230774
2026-09-10 00:00:00,28.0,-82.0,24.62082,0.19029525
2026-09-10 00:00:00,28.0,-80.0,25.129215,0.21061543
2026-09-10 00:00:00,28.0,-78.0,25.38804,0.21487689
2026-09-10 00:00:00,28.0,-76.0,25.75008,0.20930158
2026-09-10 00:00:00,28.0,-74.0,25.188887,0.21543911
2026-09-10 00:00:00,28.0,-72.0,26.357344,0.20889623
2026-09-10 00:00:00,28.0,-70.0,25.825752,0.19944362
2026-09-10 00:00:00,28.0,-68.0,25.845032,0.19146988
2026-09-10 00:00:00,28.0,-66.0,26.04623,0.20455137
2026-09-10 00:00:00,28.0,-64.0,25.65548,0.23829168
2026-09-10 00:00:00,28.0,-62.0,25.027512,0.1949668
2026-09-10 00:00:00,28.0,-60.0,25.053228,0.24904642
2026-09-10 00:00:00,28.0,-58.0,24.536663,0.2821067
2026-09-10 00:00:00,28.0,-56.0,24.489103,0.2622157
2026-09-10 00:00:00,28.0,-54.0,24.648674,0.28868276
2026-09-10 00:00:00,28.0,-52.0,24.566605,0.3018702
2026-09-10 00:00:00,28.0,-50.0,24.462078,0.27623034
2026-09-10 00:00:00,28.0,-48.0,23.904924,0.3232844
2026-09-10 00:00:00,28.0,-46.0,24.423018,0.31285274
2026-09-10 00:00:00,28.0,-44.0,24.88553,0.34040967
2026-09-10 00:00:00,28.0,-42.0,24.826448,0.36707702
2026-09-10 00:00:00,28.0,-40.0,24.731537,0.30249158
2026-09-10 00:00:00,28.0,-38.0,24.472048,0.36460397
2026-09-10 00:00:00,28.0,-36.0,24.36037,0.47763968
2026-09-10 00:00:00,28.0,-34.0,24.02022,0.4836244
2026-09-10 00:00:00,28.0,-32.0,24.557697,0.44903854
2026-09-10 00:00:00,28.0,-30.0,24.427588,0.48371428
2026-09-10 00:00:00,28.0,-28.0,24.430964,0.48940003
2026-09-10 00:00:00,28.0,-26.0,24.528679,0.51542133
2026-09-10 00:00:00,28.0,-24.0,24.727262,0.51807874
2026-09-10 00:00:00,28.0,-22.0,24.15285,0.5555829
2026-09-10 00:00:00,28.0,-20.0,24.19745,0.5248396
2026-09-10 00:00:00,28.0,-18.0,24.458185,0.62623215
2026-09-10 00:00:00,28.0,-16.0,24.203777,0.63331765
2026-09-10 00:00:00,28.0,-14.0,24.33197,0.56769794
2026-09-10 00:00:00,28.0,-12.0,24.91354,0.59990525
2026-09-10 00:00:00,28.0,-10.0,24.421658,0.6542657
2026-09-10 00:00:00,28.0,-8.0,24.982887,0.6257042
2026-09-10 00:00:00,28.0,-6.0,24.65426,0.6444558
2026-09-10 00:00:00,28.0,-4.0,24.57174,0.6477672
2026-09-10 00:00:00,28.0,-2.0,24.76954,0.6368699
2026-09-10 00:00:00,28.0,0.0,23.859297,0.6228612
2026-09-10 00:00:00,28.0,2.0,24.412916,0.64507604
2026-09-10 00:00:00,28.0,4.0,24.675253,0.64442104
2026-09-10 00:00:00,28.0,6.0,24.691269,0.6697172
2026-09-10 00:00:00,28.0,8.0,24.640759,0.6031882
2026-09-10 00:00:00,28.0,10.0,24.119488,0.6125951
2026-09-10 00:00:00,28.0,12.0,24.216965,0.6011696
2026-09-10 00:00:00,28.0,14.0,24.573856,0.5723167
2026-09-10 00:00:00,28.0,16.0,24.500738,0.52932715
2026-09-10 00:00:00,28.0,18.0,24.286171,0.5328757
2026-09-10 00:00:00,28.0,20.0,24.649542,0.5951207
2026-09-10 00:00:00,28.0,22.0,24.87476,0.51818836
2026-09-10 00:00:00,28.0,24.0,24.137218,0.52318645
2026-09-10 00:00:00,28.0,26.0,24.260801,0.50875163
2026-09-10 00:00:00,28.0,28.0,24.565527,0.45597288
2026-09-10 00:00:00,28.0,30.0,24.565186,0.4199155
2026-09-10 00:00:00,28.0,32.0,24.74333,0.42463413
2026-09-10 00:00:00,28.0,34.0,24.667862,0.44183898
2026-09-10 00:00:00,28.0,36.0,24.349417,0.35399884
2026-09-10 00:00:00,28.0,38.0,25.024017,0.37934557
2026-09-10 00:00:00,28.0,40.0,25.208899,0.4417725
2026-09-10 00:00:00,28.0,42.0,24.38292,0.32094875
2026-09-10 00:00:00,28.0,44.0,24.471775,0.33432612
2026-09-10 00:00:00,28.0,46.0,24.214844,0.29782295
2026-09-10 00:00:00,28.0,48.0,24.344612,0.38260937
2026-09-10 00:00:00,28.0,50.0,25.07665,0.32594413
2026-09-10 00:00:00,28.0,52.0,24.256296,0.28432927
2026-09-10 00:00:00,28.0,54.0,23.799788,0.21055168
2026-09-10 00:00:00,28.0,56.0,24.851074,0.22290494
2026-09-10 00:00:00,28.0,58.0,24.821823,0.2582629
2026-09-10 00:00:00,28.0,60.0,24.685078,0.2264166
2026-09-10 00:00:00,28.0,62.0,24.48769,0.19119984
2026-09-10 00:00:00,28.0,64.0,23.990925,0.23968118
2026-09-10 00:00:00,28.0,66.0,24.661608,0.19686846
2026-09-10 00:00:00,28.0,68.0,24.50331,0.1579911
2026-09-10 00:00:00,28.0,70.0,24.84344,0.25037766
2026-09-10 00:00:00,28.0,72.0,25.32324,0.25316465
2026-09-10 00:00:00,28.0,74.0,24.419506,0.1659331
2026-09-10 00:00:00,28.0,76.0,24.378874,0.17190129
2026-09-10 00:00:00,28.0,78.0,24.91773,0.18027888
2026-09-10 00:00:00,28.0,80.0,24.276232,0.15117368
2026-09-10 00:00:00,28.0,82.0,24.395237,0.14249417
2026-09-10 00:00:00,28.0,84.0,24.739182,0.16793203
2026-09-10 00:00:00,28.0,86.0,24.477348,0.24395445
2026-09-10 00:00:00,28.0,88.0,24.009398,0.22870117
2026-09-10 00:00:00,28.0,90.0,24.530266,0.25041032
2026-09-10 00:00:00,28.0,92.0,24.26575,0.26899102
2026-09-10 00:00:00,28.0,94.0,24.901587,0.21208332
2026-09-10 00:00:00,28.0,96.0,25.210072,0.23137243
2026-09-10 00:00:00,28.0,98.0,24.770462,0.23460576
2026-09-10 00:00:00,28.0,100.0,24.74947,0.20293927
2026-09-10 00:00:00,28.0,102.0,24.608694,0.28595427
2026-09-10 00:00:00,28.0,104.0,24.893158,0.24108747
2026-09-10 00:00:00,28.0,106.0,24.319504,0.24032533
2026-09-10 00:00:00,28.0,108.0,24.476562,0.29085553
2026-09-10 00:00:00,28.0,110.0,24.360453,0.2519368
2026-09-10 00:00:00,28.0,112.0,24.372948,0.29742095
2026-09-10 00:00:00,28.0,114.0,24.925009,0.18748257
2026-09-10 00:00:00,28.0,116.0,24.529995,0.22276706
2026-09-10 00:00:00,28.0,118.0,24.642508,0.2627346
2026-09-10 00:00:00,28.0,120.0,24.323679,0.22497141
2026-09-10 00:00:00,28.0,122.0,24.257256,0.16567324
2026-09-10 00:00:00,28.0,124.0,24.74088,0.21414927
2026-09-10 00:00:00,28.0,126.0,24.365183,0.19277577
2026-09-10 00:00:00,28.0,128.0,24.60813,0.16669959
2026-09-10 00:00:00,28.0,130.0,24.621147,0.1524833
2026-09-10 00:00:00,28.0,132.0,24.677647,0.22046597
2026-09-10 00:00:00,28.0,134.0,24.476501,0.08560681
2026-09-10 00:00:00,28.0,136.0,24.584623,0.1605349
2026-09-10 00:00:00,28.0,138.0,24.684248,0.14649087
2026-09-10 00:00:00,28.0,140.0,24.512386,0.106648065
2026-09-10 00:00:00,28.0,142.0,24.408321,0.031028196
2026-09-10 00:00:00,28.0,144.0,24.542591,-0.008870662
2026-09-10 00:00:00,28.0,146.0,24.282866,0.017546019
2026-09-10 00:00:00,28.0,148.0,24.148739,-0.0028722857
2026-09-10 00:00:00,28.0,150.0,24.015469,-0.06060739
2026-09-10 00:00:00,28.0,152.0,24.42978,-0.108678006
2026-09-10 00:00:00,28.0,154.0,24.241417,0.014810124
2026-09-10 00:00:00,28.0,156.0,24.58494,-0.11707939
2026-09-10 00:00:00,28.0,158.0,24.108845,-0.09107763
2026-09-10 00:00:00,28.0,160.0,24.816235,-0.11255849
2026-09-10 00:00:00,28.0,162.0,24.371908,-0.11812507
2026-09-10 00:00:00,28.0,164.0,24.515804,-0.1293071
2026-09-10 00:00:00,28.0,166.0,24.786219,-0.12940282
2026-09-10 00:00:00,28.0,168.0,24.752773,-0.13071208
2026-09-10 00:00:00,28.0,170.0,24.535303,-0.1649887
2026-09-10 00:00:00,28.0,172.0,24.362164,-0.21092165
2026-09-10 00:00:00,28.0,174.0,24.58487,-0.16132301
2026-09-10 00:00:00,28.0,176.0,24.498877,-0.16675383
2026-09-10 00:00:00,28.0,178.0,24.75593,-0.18655291
2026-09-10 00:00:00,28.0,-180.0,24.94174,-0.17386709
2026-09-10 00:00:00,30.0,-180.0,23.935173,-0.12547478
2026-09-10 00:00:00,30.0,-178.0,24.617834,-0.17048994
2026-09-10 00:00:00,30.0,-176.0,24.200617,-0.23010041
2026-09-10 00:00:00,30.0,-174.0,24.331131,-0.21234442
2026-09-10 00:00:00,30.0,-172.0,24.069994,-0.21382977
2026-09-10 00:00:00,30.0,-170.0,23.96693,-0.11479271
2026-09-10 00:00:00,30.0,-168.0,24.007504,-0.13014314
2026-09-10 00:00:00,30.0,-166.0,24.13742,-0.1450776
2026-09-10 00:00:00,30.0,-164.0,23.917915,-0.09357354
2026-09-10 00:00:00,30.0,-162.0,24.542622,-0.10191181
2026-09-10 00:00:00,30.0,-160.0,24.003044,-0.14173605
2026-09-10 00:00:00,30.0,-158.0,23.858683,-0.07183201
2026-09-10 00:00:00,30.0,-156.0,24.032915,-0.04170997
2026-09-10 00:00:00,30.0,-154.0,24.227772,-0.004384998
2026-09-10 00:00:00,30.0,-152.0,24.01344,0.041516714
2026-09-10 00:00:00,30.0,-150.0,24.731487,0.003445622
2026-09-10 00:00:00,30.0,-148.0,23.82305,0.00333332
2026-09-10 00:00:00,30.0,-146.0,23.650333,0.03509947
2026-09-10 00:00:00,30.0,-144.0,24.177872,0.040212203
2026-09-10 00:00:00,30.0,-142.0,23.978111,0.015798464
2026-09-10 00:00:00,30.0,-140.0,24.48676,0.12892665
2026-09-10 00:00:00,30.0,-138.0,23.907265,0.12604336
2026-09-10 00:00:00,30.0,-136.0,23.951313,0.10915365
2026-09-10 00:00:00,30.0,-134.0,23.677044,0.12773016
2026-09-10 00:00:00,30.0,-132.0,24.351444,0.10280864
2026-09-10 00:00:00,30.0,-130.0,23.970959,0.18102644
2026-09-10 00:00:00,30.0,-128.0,24.00009,0.18815003
2026-09-10 00:00:00,30.0,-126.0,24.028332,0.17947103
2026-09-10 00:00:00,30.0,-124.0,23.872547,0.31973615
2026-09-10 00:00:00,30.0,-122.0,23.561983,0.21713725
2026-09-10 00:00:00,30.0,-120.0,24.199814,0.21457681
2026-09-10 00:00:00,30.0,-118.0,24.064722,0.20789208
2026-09-10 00:00:00,30.0,-116.0,24.130636,0.2541531
2026-09-10 00:00:00,30.0,-114.0,24.218054,0.2283296
2026-09-10 00:00:00,30.0,-112.0,23.982443,0.24369672
2026-09-10 00:00:00,30.0,-110.0,23.90318,0.30939728
2026-09-10 00:00:00,30.0,-108.0,24.27446,0.23078908
2026-09-10 00:00:00,30.0,-106.0,24.045126,0.2676418
2026-09-10 00:00:00,30.0,-104.0,24.328339,0.22967204
2026-09-10 00:00:00,30.0,-102.0,23.87085,0.19768694
2026-09-10 00:00:00,30.0,-100.0,24.525549,0.25928968
2026-09-10 00:00:00,30.0,-98.0,24.02791,0.19328257
2026-09-10 00:00:00,30.0,-96.0,24.02496,0.24547413
2026-09-10 00:00:00,30.0,-94.0,24.532082,0.26891616
2026-09-10 00:00:00,30.0,-92.0,24.256851,0.29010022
